Month,Customer ID,Customer,Tier,Industry,Service Type,Tickets,Resolved Tickets,Tickets With Outcome,Breached Tickets,SLA Compliance Pct,P50 Resolution Hours,Avg Target Utilisation
2024-07-01,CUST-001,Lakeview Health Network,Silver,Healthcare,Dedicated Internet,26,26,26,2,92.31,24.02,0.515
2024-07-01,CUST-001,Lakeview Health Network,Silver,Healthcare,SD-WAN,4,4,4,1,75.0,61.76,0.862
2024-07-01,CUST-001,Lakeview Health Network,Silver,Healthcare,Managed Cloud,8,8,8,1,87.5,21.53,0.61
2024-07-01,CUST-001,Lakeview Health Network,Silver,Healthcare,Business Voice (SIP),15,15,15,1,93.33,26.31,0.496
2024-07-01,CUST-001,Lakeview Health Network,Silver,Healthcare,Managed Security,6,6,6,1,83.33,28.46,0.456
2024-07-01,CUST-001,Lakeview Health Network,Silver,Healthcare,MPLS WAN,17,17,17,0,100.0,19.56,0.406
2024-07-01,CUST-002,Westgate Care Group,Silver,Healthcare,Managed Security,1,1,1,0,100.0,13.2,0.183
2024-07-01,CUST-002,Westgate Care Group,Silver,Healthcare,SD-WAN,8,8,8,0,100.0,45.44,0.537
2024-07-01,CUST-002,Westgate Care Group,Silver,Healthcare,Managed Cloud,9,9,9,0,100.0,33.25,0.334
2024-07-01,CUST-002,Westgate Care Group,Silver,Healthcare,Business Voice (SIP),4,4,4,2,50.0,40.32,0.623
2024-07-01,CUST-002,Westgate Care Group,Silver,Healthcare,Dedicated Internet,6,6,6,0,100.0,15.33,0.47
2024-07-01,CUST-003,Juniper Polytechnic,Platinum,Education,Dedicated Internet,135,135,135,26,80.74,11.98,0.712
2024-07-01,CUST-003,Juniper Polytechnic,Platinum,Education,Business Voice (SIP),72,72,72,11,84.72,14.51,0.669
2024-07-01,CUST-003,Juniper Polytechnic,Platinum,Education,Managed Cloud,40,40,40,6,85.0,12.92,0.571
2024-07-01,CUST-003,Juniper Polytechnic,Platinum,Education,SD-WAN,92,92,92,22,76.09,15.32,0.756
2024-07-01,CUST-003,Juniper Polytechnic,Platinum,Education,MPLS WAN,22,22,22,3,86.36,12.87,1.141
2024-07-01,CUST-003,Juniper Polytechnic,Platinum,Education,Managed Security,60,60,60,9,85.0,8.54,0.654
2024-07-01,CUST-004,Heritage College,Bronze,Education,Dedicated Internet,32,32,32,3,90.63,57.54,0.633
2024-07-01,CUST-004,Heritage College,Bronze,Education,Managed Cloud,21,21,21,3,85.71,63.14,0.748
2024-07-01,CUST-004,Heritage College,Bronze,Education,SD-WAN,28,28,28,12,57.14,95.53,1.105
2024-07-01,CUST-004,Heritage College,Bronze,Education,Managed Security,14,14,14,0,100.0,37.88,0.426
2024-07-01,CUST-004,Heritage College,Bronze,Education,MPLS WAN,3,3,3,1,66.67,104.16,0.82
2024-07-01,CUST-005,Bluewater Health Network,Silver,Healthcare,Dedicated Internet,9,9,9,0,100.0,13.51,0.344
2024-07-01,CUST-005,Bluewater Health Network,Silver,Healthcare,Managed Security,18,18,18,4,77.78,27.68,0.562
2024-07-01,CUST-005,Bluewater Health Network,Silver,Healthcare,SD-WAN,31,31,31,5,83.87,27.06,0.687
2024-07-01,CUST-005,Bluewater Health Network,Silver,Healthcare,Business Voice (SIP),30,30,30,2,93.33,22.25,0.483
2024-07-01,CUST-006,Northshore Utilities,Silver,Public Sector,Managed Security,2,2,2,0,100.0,29.31,0.512
2024-07-01,CUST-006,Northshore Utilities,Silver,Public Sector,Dedicated Internet,26,26,26,4,84.62,32.56,0.549
2024-07-01,CUST-006,Northshore Utilities,Silver,Public Sector,SD-WAN,23,23,23,5,78.26,38.34,0.812
2024-07-01,CUST-006,Northshore Utilities,Silver,Public Sector,MPLS WAN,4,4,4,0,100.0,20.41,0.367
2024-07-01,CUST-006,Northshore Utilities,Silver,Public Sector,Business Voice (SIP),51,51,51,10,80.39,33.77,0.601
2024-07-01,CUST-007,Ashford Renewables,Bronze,Energy,Business Voice (SIP),5,5,5,1,80.0,34.25,0.631
2024-07-01,CUST-007,Ashford Renewables,Bronze,Energy,Managed Security,12,12,12,1,91.67,30.62,0.455
2024-07-01,CUST-007,Ashford Renewables,Bronze,Energy,Dedicated Internet,11,11,11,1,90.91,32.56,0.488
2024-07-01,CUST-007,Ashford Renewables,Bronze,Energy,SD-WAN,19,19,19,5,73.68,52.03,0.865
2024-07-01,CUST-007,Ashford Renewables,Bronze,Energy,Managed Cloud,6,6,6,0,100.0,35.2,0.453
2024-07-01,CUST-008,Maple College,Gold,Education,Dedicated Internet,42,42,42,4,90.48,20.52,0.5
2024-07-01,CUST-008,Maple College,Gold,Education,MPLS WAN,18,18,18,2,88.89,22.51,0.558
2024-07-01,CUST-008,Maple College,Gold,Education,Business Voice (SIP),24,24,24,1,95.83,25.84,0.437
2024-07-01,CUST-008,Maple College,Gold,Education,Managed Cloud,25,25,25,1,96.0,10.74,0.76
2024-07-01,CUST-008,Maple College,Gold,Education,SD-WAN,43,43,43,5,88.37,25.32,0.532
2024-07-01,CUST-008,Maple College,Gold,Education,Managed Security,8,8,8,0,100.0,4.75,0.311
2024-07-01,CUST-009,Dominion Outfitters,Silver,Retail,Business Voice (SIP),36,36,36,5,86.11,26.81,0.588
2024-07-01,CUST-009,Dominion Outfitters,Silver,Retail,SD-WAN,16,16,16,1,93.75,19.48,0.393
2024-07-01,CUST-009,Dominion Outfitters,Silver,Retail,Managed Cloud,9,9,9,0,100.0,17.47,0.314
2024-07-01,CUST-009,Dominion Outfitters,Silver,Retail,MPLS WAN,2,2,2,1,50.0,80.0,0.772
2024-07-01,CUST-009,Dominion Outfitters,Silver,Retail,Dedicated Internet,8,8,8,2,75.0,33.49,0.779
2024-07-01,CUST-009,Dominion Outfitters,Silver,Retail,Managed Security,4,4,4,0,100.0,15.94,0.338
2024-07-01,CUST-010,Lighthouse Manufacturing,Gold,Manufacturing,Dedicated Internet,29,29,29,6,79.31,23.72,0.669
2024-07-01,CUST-010,Lighthouse Manufacturing,Gold,Manufacturing,MPLS WAN,43,43,43,5,88.37,17.2,0.456
2024-07-01,CUST-010,Lighthouse Manufacturing,Gold,Manufacturing,Managed Security,12,12,12,1,91.67,22.09,1.198
2024-07-01,CUST-010,Lighthouse Manufacturing,Gold,Manufacturing,SD-WAN,50,50,50,8,84.0,18.42,0.525
2024-07-01,CUST-010,Lighthouse Manufacturing,Gold,Manufacturing,Managed Cloud,20,20,20,0,100.0,16.61,0.377
2024-07-01,CUST-010,Lighthouse Manufacturing,Gold,Manufacturing,Business Voice (SIP),25,25,25,4,84.0,32.14,0.584
2024-07-01,CUST-011,Prairie Health Network,Silver,Healthcare,MPLS WAN,13,13,13,3,76.92,40.74,0.673
2024-07-01,CUST-011,Prairie Health Network,Silver,Healthcare,SD-WAN,32,32,32,5,84.38,34.12,0.67
2024-07-01,CUST-011,Prairie Health Network,Silver,Healthcare,Managed Cloud,16,16,16,1,93.75,16.71,0.475
2024-07-01,CUST-011,Prairie Health Network,Silver,Healthcare,Managed Security,5,5,5,0,100.0,23.63,0.307
2024-07-01,CUST-011,Prairie Health Network,Silver,Healthcare,Dedicated Internet,37,37,37,4,89.19,32.21,0.494
2024-07-01,CUST-011,Prairie Health Network,Silver,Healthcare,Business Voice (SIP),12,12,12,0,100.0,20.66,0.472
2024-07-01,CUST-012,Pioneer Freight Lines,Silver,Logistics,SD-WAN,82,82,82,24,70.73,49.47,0.895
2024-07-01,CUST-012,Pioneer Freight Lines,Silver,Logistics,Business Voice (SIP),45,45,45,7,84.44,36.72,0.63
2024-07-01,CUST-012,Pioneer Freight Lines,Silver,Logistics,Managed Security,9,9,9,1,88.89,29.16,0.458
2024-07-01,CUST-012,Pioneer Freight Lines,Silver,Logistics,Managed Cloud,6,6,6,0,100.0,27.6,0.354
2024-07-01,CUST-012,Pioneer Freight Lines,Silver,Logistics,Dedicated Internet,23,23,23,2,91.3,33.34,0.562
2024-07-01,CUST-013,Nordic School Board,Gold,Public Sector,Managed Cloud,40,40,40,4,90.0,13.36,0.501
2024-07-01,CUST-013,Nordic School Board,Gold,Public Sector,Managed Security,20,20,20,2,90.0,22.87,0.518
2024-07-01,CUST-013,Nordic School Board,Gold,Public Sector,Business Voice (SIP),17,17,17,1,94.12,15.0,0.453
2024-07-01,CUST-013,Nordic School Board,Gold,Public Sector,MPLS WAN,13,13,13,3,76.92,22.28,0.66
2024-07-01,CUST-013,Nordic School Board,Gold,Public Sector,Dedicated Internet,23,23,23,3,86.96,33.67,0.63
2024-07-01,CUST-013,Nordic School Board,Gold,Public Sector,SD-WAN,35,35,35,2,94.29,18.97,0.563
2024-07-01,CUST-014,Riverbend Polytechnic,Platinum,Education,Managed Security,19,19,19,1,94.74,19.79,0.482
2024-07-01,CUST-014,Riverbend Polytechnic,Platinum,Education,Business Voice (SIP),84,84,84,11,86.9,14.5,0.604
2024-07-01,CUST-014,Riverbend Polytechnic,Platinum,Education,MPLS WAN,30,30,30,2,93.33,12.81,0.538
2024-07-01,CUST-014,Riverbend Polytechnic,Platinum,Education,Dedicated Internet,68,68,68,10,85.29,9.84,0.768
2024-07-01,CUST-014,Riverbend Polytechnic,Platinum,Education,SD-WAN,137,137,137,26,81.02,14.51,0.808
2024-07-01,CUST-014,Riverbend Polytechnic,Platinum,Education,Managed Cloud,35,35,35,2,94.29,8.35,0.445
2024-07-01,CUST-015,Aurora Pharmacies,Platinum,Healthcare,Managed Cloud,42,42,42,4,90.48,8.75,0.548
2024-07-01,CUST-015,Aurora Pharmacies,Platinum,Healthcare,SD-WAN,104,104,104,17,83.65,11.62,0.629
2024-07-01,CUST-015,Aurora Pharmacies,Platinum,Healthcare,Managed Security,21,21,21,0,100.0,5.88,0.315
2024-07-01,CUST-015,Aurora Pharmacies,Platinum,Healthcare,Dedicated Internet,103,103,103,12,88.35,9.63,0.577
2024-07-01,CUST-015,Aurora Pharmacies,Platinum,Healthcare,Business Voice (SIP),78,78,78,5,93.59,8.56,0.465
2024-07-01,CUST-016,Redwood Learning Trust,Silver,Education,Dedicated Internet,22,22,22,3,86.36,23.87,0.534
2024-07-01,CUST-016,Redwood Learning Trust,Silver,Education,Business Voice (SIP),14,14,14,1,92.86,13.19,0.336
2024-07-01,CUST-016,Redwood Learning Trust,Silver,Education,Managed Cloud,27,27,27,0,100.0,19.92,0.327
2024-07-01,CUST-016,Redwood Learning Trust,Silver,Education,MPLS WAN,7,7,7,1,85.71,29.37,0.577
2024-07-01,CUST-016,Redwood Learning Trust,Silver,Education,Managed Security,12,12,12,1,91.67,19.91,0.451
2024-07-01,CUST-016,Redwood Learning Trust,Silver,Education,SD-WAN,31,31,31,3,90.32,38.1,0.522
2024-07-01,CUST-017,Coastal Energy,Gold,Energy,Managed Security,11,11,11,2,81.82,8.73,0.514
2024-07-01,CUST-017,Coastal Energy,Gold,Energy,Business Voice (SIP),49,49,49,6,87.76,13.5,0.531
2024-07-01,CUST-017,Coastal Energy,Gold,Energy,Managed Cloud,15,15,15,1,93.33,8.53,0.395
2024-07-01,CUST-017,Coastal Energy,Gold,Energy,Dedicated Internet,51,51,51,4,92.16,18.22,0.548
2024-07-01,CUST-017,Coastal Energy,Gold,Energy,SD-WAN,42,42,42,7,83.33,21.31,0.648
2024-07-01,CUST-017,Coastal Energy,Gold,Energy,MPLS WAN,20,20,20,3,85.0,23.75,0.585
2024-07-01,CUST-018,Granite Power Co-op,Gold,Energy,MPLS WAN,49,49,49,9,81.63,21.13,0.561
2024-07-01,CUST-018,Granite Power Co-op,Gold,Energy,SD-WAN,45,45,45,6,86.67,29.46,0.643
2024-07-01,CUST-018,Granite Power Co-op,Gold,Energy,Managed Cloud,11,11,11,0,100.0,24.55,0.35
2024-07-01,CUST-018,Granite Power Co-op,Gold,Energy,Business Voice (SIP),65,65,65,7,89.23,16.37,0.514
2024-07-01,CUST-018,Granite Power Co-op,Gold,Energy,Managed Security,25,25,25,2,92.0,23.1,0.531
2024-07-01,CUST-018,Granite Power Co-op,Gold,Energy,Dedicated Internet,28,28,28,1,96.43,15.57,0.418
2024-07-01,CUST-019,Stonebridge Regional Authority,Gold,Public Sector,Business Voice (SIP),49,49,49,4,91.84,17.25,0.525
2024-07-01,CUST-019,Stonebridge Regional Authority,Gold,Public Sector,Managed Cloud,20,20,20,1,95.0,9.84,0.412
2024-07-01,CUST-019,Stonebridge Regional Authority,Gold,Public Sector,MPLS WAN,44,44,44,12,72.73,28.58,0.805
2024-07-01,CUST-019,Stonebridge Regional Authority,Gold,Public Sector,Managed Security,40,40,40,3,92.5,15.53,0.442
2024-07-01,CUST-019,Stonebridge Regional Authority,Gold,Public Sector,Dedicated Internet,34,34,34,9,73.53,23.97,0.654
2024-07-01,CUST-019,Stonebridge Regional Authority,Gold,Public Sector,SD-WAN,63,63,63,9,85.71,14.1,0.689
2024-07-01,CUST-020,Orchard Distribution,Silver,Logistics,Managed Cloud,3,3,3,0,100.0,22.08,0.382
2024-07-01,CUST-020,Orchard Distribution,Silver,Logistics,MPLS WAN,1,1,1,0,100.0,10.1,0.421
2024-07-01,CUST-020,Orchard Distribution,Silver,Logistics,Dedicated Internet,28,28,28,4,85.71,26.96,0.553
2024-07-01,CUST-020,Orchard Distribution,Silver,Logistics,Managed Security,4,4,4,0,100.0,7.05,0.329
2024-07-01,CUST-020,Orchard Distribution,Silver,Logistics,Business Voice (SIP),33,33,33,3,90.91,31.58,0.519
2024-07-01,CUST-021,Keystone Distribution,Gold,Logistics,Business Voice (SIP),62,62,62,11,82.26,27.03,0.685
2024-07-01,CUST-021,Keystone Distribution,Gold,Logistics,Managed Security,30,30,30,2,93.33,15.5,0.414
2024-07-01,CUST-021,Keystone Distribution,Gold,Logistics,MPLS WAN,12,12,12,0,100.0,13.36,0.437
2024-07-01,CUST-021,Keystone Distribution,Gold,Logistics,Managed Cloud,30,30,30,1,96.67,14.71,0.417
2024-07-01,CUST-021,Keystone Distribution,Gold,Logistics,SD-WAN,92,92,92,11,88.04,31.29,0.598
2024-07-01,CUST-021,Keystone Distribution,Gold,Logistics,Dedicated Internet,66,66,66,9,86.36,24.67,0.659
2024-07-01,CUST-022,Ironwood Health Network,Silver,Healthcare,Managed Cloud,7,7,7,0,100.0,12.38,0.415
2024-07-01,CUST-022,Ironwood Health Network,Silver,Healthcare,MPLS WAN,5,5,5,1,80.0,22.96,0.881
2024-07-01,CUST-022,Ironwood Health Network,Silver,Healthcare,Business Voice (SIP),14,14,14,1,92.86,19.03,0.453
2024-07-01,CUST-022,Ironwood Health Network,Silver,Healthcare,Dedicated Internet,18,18,18,1,94.44,39.0,0.611
2024-07-01,CUST-022,Ironwood Health Network,Silver,Healthcare,SD-WAN,23,23,23,5,78.26,45.91,0.823
2024-07-01,CUST-023,Silverline Learning Trust,Bronze,Education,Business Voice (SIP),19,19,19,3,84.21,53.82,0.625
2024-07-01,CUST-023,Silverline Learning Trust,Bronze,Education,Managed Cloud,25,25,25,1,96.0,28.85,0.524
2024-07-01,CUST-023,Silverline Learning Trust,Bronze,Education,Dedicated Internet,27,27,27,5,81.48,52.23,0.714
2024-07-01,CUST-023,Silverline Learning Trust,Bronze,Education,MPLS WAN,14,14,14,1,92.86,35.44,0.583
2024-07-01,CUST-023,Silverline Learning Trust,Bronze,Education,Managed Security,22,22,22,0,100.0,30.48,0.459
2024-07-01,CUST-023,Silverline Learning Trust,Bronze,Education,SD-WAN,24,24,24,6,75.0,43.47,0.646
2024-07-01,CUST-024,Cascadia Academy,Gold,Education,Managed Security,27,27,27,3,88.89,17.45,0.588
2024-07-01,CUST-024,Cascadia Academy,Gold,Education,Managed Cloud,59,59,59,9,84.75,19.63,0.631
2024-07-01,CUST-024,Cascadia Academy,Gold,Education,SD-WAN,23,23,23,7,69.57,12.93,1.311
2024-07-01,CUST-024,Cascadia Academy,Gold,Education,Dedicated Internet,90,90,90,21,76.67,25.48,0.853
2024-07-01,CUST-024,Cascadia Academy,Gold,Education,Business Voice (SIP),64,64,64,11,82.81,27.26,0.645
2024-07-01,CUST-024,Cascadia Academy,Gold,Education,MPLS WAN,10,10,10,5,50.0,15.44,1.141
2024-07-01,CUST-025,Cedar Marketplaces,Bronze,Retail,SD-WAN,15,15,15,7,53.33,103.82,1.62
2024-07-01,CUST-025,Cedar Marketplaces,Bronze,Retail,MPLS WAN,4,4,4,3,25.0,28.8,0.964
2024-07-01,CUST-026,Frontier Freight Lines,Gold,Logistics,Business Voice (SIP),73,73,73,9,87.67,26.92,0.547
2024-07-01,CUST-026,Frontier Freight Lines,Gold,Logistics,Dedicated Internet,86,86,86,10,88.37,19.7,0.537
2024-07-01,CUST-026,Frontier Freight Lines,Gold,Logistics,SD-WAN,63,63,63,15,76.19,31.27,0.719
2024-07-01,CUST-026,Frontier Freight Lines,Gold,Logistics,MPLS WAN,5,5,5,0,100.0,18.6,0.47
2024-07-01,CUST-026,Frontier Freight Lines,Gold,Logistics,Managed Security,14,14,14,0,100.0,8.92,0.343
2024-07-01,CUST-026,Frontier Freight Lines,Gold,Logistics,Managed Cloud,39,39,39,4,89.74,17.83,0.473
2024-07-01,CUST-027,Trillium Medical Centres,Bronze,Healthcare,Business Voice (SIP),11,11,11,3,72.73,40.14,0.767
2024-07-01,CUST-027,Trillium Medical Centres,Bronze,Healthcare,Managed Cloud,16,16,16,2,87.5,56.3,0.636
2024-07-01,CUST-027,Trillium Medical Centres,Bronze,Healthcare,Managed Security,20,20,20,2,90.0,32.01,0.553
2024-07-01,CUST-027,Trillium Medical Centres,Bronze,Healthcare,Dedicated Internet,14,14,14,2,85.71,59.97,0.724
2024-07-01,CUST-028,Beacon Pipelines,Bronze,Energy,Dedicated Internet,24,24,24,8,66.67,71.83,0.931
2024-07-01,CUST-028,Beacon Pipelines,Bronze,Energy,Managed Cloud,11,11,11,3,72.73,48.74,0.733
2024-07-01,CUST-028,Beacon Pipelines,Bronze,Energy,Managed Security,5,5,5,1,80.0,32.99,0.517
2024-07-01,CUST-028,Beacon Pipelines,Bronze,Energy,MPLS WAN,1,1,1,0,100.0,46.65,0.486
2024-07-01,CUST-028,Beacon Pipelines,Bronze,Energy,SD-WAN,12,12,12,3,75.0,66.54,0.695
2024-07-01,CUST-029,Pinecrest Energy,Bronze,Energy,Business Voice (SIP),8,8,8,2,75.0,57.29,0.588
2024-07-01,CUST-029,Pinecrest Energy,Bronze,Energy,SD-WAN,9,9,9,4,55.56,52.44,1.037
2024-07-01,CUST-029,Pinecrest Energy,Bronze,Energy,Dedicated Internet,8,8,8,1,87.5,31.99,0.488
2024-07-01,CUST-030,Summit Retail Group,Platinum,Retail,Managed Security,31,31,31,2,93.55,6.24,0.345
2024-07-01,CUST-030,Summit Retail Group,Platinum,Retail,Dedicated Internet,52,52,52,4,92.31,9.73,0.607
2024-07-01,CUST-030,Summit Retail Group,Platinum,Retail,MPLS WAN,46,46,46,5,89.13,9.81,0.398
2024-07-01,CUST-030,Summit Retail Group,Platinum,Retail,SD-WAN,139,139,139,15,89.21,10.15,0.571
2024-07-01,CUST-030,Summit Retail Group,Platinum,Retail,Business Voice (SIP),122,122,122,11,90.98,10.6,0.521
2024-07-01,CUST-030,Summit Retail Group,Platinum,Retail,Managed Cloud,36,36,36,2,94.44,5.67,0.357
2024-07-01,CUST-031,Crestview Pipelines,Silver,Energy,Dedicated Internet,7,7,7,0,100.0,35.19,0.447
2024-07-01,CUST-031,Crestview Pipelines,Silver,Energy,SD-WAN,16,16,16,4,75.0,46.73,0.684
2024-07-01,CUST-031,Crestview Pipelines,Silver,Energy,Managed Security,6,6,6,2,66.67,47.45,0.562
2024-07-01,CUST-031,Crestview Pipelines,Silver,Energy,Managed Cloud,7,7,7,0,100.0,39.59,0.393
2024-07-01,CUST-031,Crestview Pipelines,Silver,Energy,Business Voice (SIP),8,8,8,0,100.0,50.06,0.461
2024-07-01,CUST-032,Meridian Distribution,Platinum,Logistics,Dedicated Internet,83,83,83,11,86.75,9.42,0.532
2024-07-01,CUST-032,Meridian Distribution,Platinum,Logistics,MPLS WAN,16,16,16,2,87.5,12.19,0.537
2024-07-01,CUST-032,Meridian Distribution,Platinum,Logistics,SD-WAN,103,103,103,12,88.35,12.21,0.545
2024-07-01,CUST-032,Meridian Distribution,Platinum,Logistics,Managed Security,43,43,43,0,100.0,8.64,0.326
2024-07-01,CUST-032,Meridian Distribution,Platinum,Logistics,Managed Cloud,11,11,11,3,72.73,12.64,1.701
2024-07-01,CUST-032,Meridian Distribution,Platinum,Logistics,Business Voice (SIP),127,127,127,8,93.7,8.06,0.427
2024-07-01,CUST-033,Boreal Retail Group,Gold,Retail,SD-WAN,59,59,59,7,88.14,21.37,0.56
2024-07-01,CUST-033,Boreal Retail Group,Gold,Retail,Dedicated Internet,44,44,44,4,90.91,18.01,0.507
2024-07-01,CUST-033,Boreal Retail Group,Gold,Retail,Managed Cloud,16,16,16,0,100.0,24.89,0.313
2024-07-01,CUST-033,Boreal Retail Group,Gold,Retail,MPLS WAN,29,29,29,4,86.21,20.1,0.568
2024-07-01,CUST-033,Boreal Retail Group,Gold,Retail,Managed Security,33,33,33,3,90.91,8.04,0.53
2024-07-01,CUST-033,Boreal Retail Group,Gold,Retail,Business Voice (SIP),66,66,66,3,95.45,18.75,0.456
2024-07-01,CUST-034,Evergreen Stores Ltd.,Platinum,Retail,Managed Cloud,15,15,15,1,93.33,17.2,0.614
2024-07-01,CUST-034,Evergreen Stores Ltd.,Platinum,Retail,MPLS WAN,21,21,21,4,80.95,6.85,0.902
2024-07-01,CUST-034,Evergreen Stores Ltd.,Platinum,Retail,Dedicated Internet,75,75,75,16,78.67,9.28,0.737
2024-07-01,CUST-034,Evergreen Stores Ltd.,Platinum,Retail,Business Voice (SIP),64,64,64,8,87.5,7.56,0.561
2024-07-01,CUST-034,Evergreen Stores Ltd.,Platinum,Retail,Managed Security,29,29,29,2,93.1,7.28,0.488
2024-07-01,CUST-034,Evergreen Stores Ltd.,Platinum,Retail,SD-WAN,58,58,58,13,77.59,20.97,0.889
2024-07-01,CUST-035,Ridgeline Stores Ltd.,Gold,Retail,MPLS WAN,30,30,30,5,83.33,22.22,0.626
2024-07-01,CUST-035,Ridgeline Stores Ltd.,Gold,Retail,Business Voice (SIP),40,40,40,1,97.5,13.85,0.447
2024-07-01,CUST-035,Ridgeline Stores Ltd.,Gold,Retail,Managed Security,3,3,3,0,100.0,21.9,0.353
2024-07-01,CUST-035,Ridgeline Stores Ltd.,Gold,Retail,SD-WAN,59,59,59,4,93.22,11.24,0.49
2024-07-01,CUST-035,Ridgeline Stores Ltd.,Gold,Retail,Dedicated Internet,56,56,56,8,85.71,14.67,0.481
2024-07-01,CUST-036,Highland College,Platinum,Education,Managed Cloud,33,33,33,2,93.94,6.87,0.487
2024-07-01,CUST-036,Highland College,Platinum,Education,SD-WAN,56,56,56,6,89.29,14.96,0.593
2024-07-01,CUST-036,Highland College,Platinum,Education,Dedicated Internet,95,95,95,9,90.53,10.48,0.485
2024-07-01,CUST-036,Highland College,Platinum,Education,Managed Security,25,25,25,0,100.0,7.76,0.325
2024-07-01,CUST-036,Highland College,Platinum,Education,Business Voice (SIP),87,87,87,6,93.1,7.33,0.452
2024-07-01,CUST-036,Highland College,Platinum,Education,MPLS WAN,37,37,37,8,78.38,20.21,0.76
2024-07-01,CUST-037,Glacier Retail Group,Gold,Retail,Managed Security,12,12,12,2,83.33,30.03,0.726
2024-07-01,CUST-037,Glacier Retail Group,Gold,Retail,Business Voice (SIP),50,50,50,6,88.0,19.51,0.597
2024-07-01,CUST-037,Glacier Retail Group,Gold,Retail,SD-WAN,58,58,58,15,74.14,35.98,0.853
2024-07-01,CUST-037,Glacier Retail Group,Gold,Retail,MPLS WAN,50,50,50,16,68.0,31.43,0.839
2024-07-01,CUST-037,Glacier Retail Group,Gold,Retail,Managed Cloud,21,21,21,4,80.95,33.13,0.719
2024-07-01,CUST-037,Glacier Retail Group,Gold,Retail,Dedicated Internet,88,88,88,9,89.77,18.56,0.61
2024-07-01,CUST-038,Harbour Renewables,Silver,Energy,Managed Security,12,12,12,1,91.67,20.07,0.417
2024-07-01,CUST-038,Harbour Renewables,Silver,Energy,MPLS WAN,28,28,28,4,85.71,41.0,0.6
2024-07-01,CUST-038,Harbour Renewables,Silver,Energy,Dedicated Internet,35,35,35,6,82.86,42.74,0.779
2024-07-01,CUST-038,Harbour Renewables,Silver,Energy,SD-WAN,22,22,22,5,77.27,32.53,0.748
2024-07-01,CUST-038,Harbour Renewables,Silver,Energy,Managed Cloud,3,3,3,0,100.0,11.94,0.404
2024-07-01,CUST-038,Harbour Renewables,Silver,Energy,Business Voice (SIP),17,17,17,2,88.24,46.79,0.71
2024-07-01,CUST-039,Quarry Academy,Silver,Education,Dedicated Internet,66,66,66,7,89.39,24.43,0.457
2024-07-01,CUST-039,Quarry Academy,Silver,Education,Managed Cloud,16,16,16,1,93.75,14.76,0.333
2024-07-01,CUST-039,Quarry Academy,Silver,Education,Managed Security,14,14,14,0,100.0,16.34,0.222
2024-07-01,CUST-039,Quarry Academy,Silver,Education,Business Voice (SIP),64,64,64,9,85.94,23.18,0.472
2024-07-01,CUST-039,Quarry Academy,Silver,Education,MPLS WAN,25,25,25,3,88.0,42.16,0.61
2024-07-01,CUST-039,Quarry Academy,Silver,Education,SD-WAN,58,58,58,5,91.38,28.86,0.526
2024-07-01,CUST-040,Tundra Fabrication,Gold,Manufacturing,Dedicated Internet,52,52,52,4,92.31,22.43,0.504
2024-07-01,CUST-040,Tundra Fabrication,Gold,Manufacturing,MPLS WAN,4,4,4,3,25.0,69.96,1.297
2024-07-01,CUST-040,Tundra Fabrication,Gold,Manufacturing,SD-WAN,24,24,24,6,75.0,27.35,0.884
2024-07-01,CUST-040,Tundra Fabrication,Gold,Manufacturing,Managed Security,14,14,14,0,100.0,12.89,0.359
2024-07-01,CUST-040,Tundra Fabrication,Gold,Manufacturing,Business Voice (SIP),50,50,50,5,90.0,21.81,0.59
2024-07-01,CUST-040,Tundra Fabrication,Gold,Manufacturing,Managed Cloud,15,15,15,1,93.33,16.54,0.422
2024-08-01,CUST-001,Lakeview Health Network,Silver,Healthcare,MPLS WAN,19,19,19,5,73.68,56.74,0.758
2024-08-01,CUST-001,Lakeview Health Network,Silver,Healthcare,Managed Security,6,6,6,0,100.0,26.25,0.353
2024-08-01,CUST-001,Lakeview Health Network,Silver,Healthcare,Business Voice (SIP),14,14,14,2,85.71,37.14,0.621
2024-08-01,CUST-001,Lakeview Health Network,Silver,Healthcare,Managed Cloud,3,3,3,0,100.0,7.61,0.473
2024-08-01,CUST-001,Lakeview Health Network,Silver,Healthcare,Dedicated Internet,32,32,32,3,90.63,20.76,0.466
2024-08-01,CUST-001,Lakeview Health Network,Silver,Healthcare,SD-WAN,5,5,5,2,60.0,69.25,0.913
2024-08-01,CUST-002,Westgate Care Group,Silver,Healthcare,SD-WAN,4,4,4,1,75.0,37.05,1.125
2024-08-01,CUST-002,Westgate Care Group,Silver,Healthcare,Managed Security,2,2,2,0,100.0,9.69,0.259
2024-08-01,CUST-002,Westgate Care Group,Silver,Healthcare,MPLS WAN,4,4,4,1,75.0,20.44,0.641
2024-08-01,CUST-002,Westgate Care Group,Silver,Healthcare,Dedicated Internet,3,3,3,1,66.67,26.96,0.853
2024-08-01,CUST-002,Westgate Care Group,Silver,Healthcare,Managed Cloud,13,13,13,1,92.31,15.8,0.427
2024-08-01,CUST-002,Westgate Care Group,Silver,Healthcare,Business Voice (SIP),7,7,7,2,71.43,14.97,0.733
2024-08-01,CUST-003,Juniper Polytechnic,Platinum,Education,Business Voice (SIP),73,73,73,16,78.08,14.41,0.778
2024-08-01,CUST-003,Juniper Polytechnic,Platinum,Education,Dedicated Internet,330,330,330,179,45.76,11.85,1.726
2024-08-01,CUST-003,Juniper Polytechnic,Platinum,Education,SD-WAN,99,99,99,26,73.74,15.28,0.83
2024-08-01,CUST-003,Juniper Polytechnic,Platinum,Education,Managed Cloud,30,30,30,7,76.67,7.4,0.817
2024-08-01,CUST-003,Juniper Polytechnic,Platinum,Education,MPLS WAN,23,23,23,9,60.87,27.7,0.868
2024-08-01,CUST-003,Juniper Polytechnic,Platinum,Education,Managed Security,36,36,36,4,88.89,13.32,0.501
2024-08-01,CUST-004,Heritage College,Bronze,Education,Managed Cloud,12,12,12,3,75.0,47.49,0.662
2024-08-01,CUST-004,Heritage College,Bronze,Education,MPLS WAN,7,7,7,2,71.43,54.54,0.775
2024-08-01,CUST-004,Heritage College,Bronze,Education,Managed Security,15,15,15,4,73.33,44.11,0.678
2024-08-01,CUST-004,Heritage College,Bronze,Education,Dedicated Internet,64,64,64,37,42.19,49.49,1.491
2024-08-01,CUST-004,Heritage College,Bronze,Education,SD-WAN,27,27,27,9,66.67,54.02,0.892
2024-08-01,CUST-005,Bluewater Health Network,Silver,Healthcare,Dedicated Internet,9,9,9,3,66.67,32.96,0.868
2024-08-01,CUST-005,Bluewater Health Network,Silver,Healthcare,SD-WAN,25,25,25,6,76.0,21.18,0.653
2024-08-01,CUST-005,Bluewater Health Network,Silver,Healthcare,Managed Security,10,10,10,1,90.0,27.86,0.417
2024-08-01,CUST-005,Bluewater Health Network,Silver,Healthcare,Business Voice (SIP),30,30,30,5,83.33,23.63,0.642
2024-08-01,CUST-006,Northshore Utilities,Silver,Public Sector,Managed Security,2,2,2,0,100.0,62.55,0.521
2024-08-01,CUST-006,Northshore Utilities,Silver,Public Sector,Business Voice (SIP),61,61,61,3,95.08,27.27,0.485
2024-08-01,CUST-006,Northshore Utilities,Silver,Public Sector,SD-WAN,29,29,29,2,93.1,19.24,0.462
2024-08-01,CUST-006,Northshore Utilities,Silver,Public Sector,Dedicated Internet,50,50,50,14,72.0,21.8,0.879
2024-08-01,CUST-006,Northshore Utilities,Silver,Public Sector,MPLS WAN,2,2,2,1,50.0,85.6,0.791
2024-08-01,CUST-007,Ashford Renewables,Bronze,Energy,Dedicated Internet,16,16,16,5,68.75,50.0,1.774
2024-08-01,CUST-007,Ashford Renewables,Bronze,Energy,Business Voice (SIP),1,1,1,0,100.0,45.05,0.469
2024-08-01,CUST-007,Ashford Renewables,Bronze,Energy,Managed Cloud,8,8,8,0,100.0,66.81,0.499
2024-08-01,CUST-007,Ashford Renewables,Bronze,Energy,Managed Security,7,7,7,2,71.43,76.27,0.743
2024-08-01,CUST-007,Ashford Renewables,Bronze,Energy,SD-WAN,10,10,10,6,40.0,57.31,1.06
2024-08-01,CUST-008,Maple College,Gold,Education,Managed Cloud,24,24,24,1,95.83,12.81,0.597
2024-08-01,CUST-008,Maple College,Gold,Education,Managed Security,7,7,7,1,85.71,18.47,0.373
2024-08-01,CUST-008,Maple College,Gold,Education,MPLS WAN,16,16,16,3,81.25,19.51,0.763
2024-08-01,CUST-008,Maple College,Gold,Education,Dedicated Internet,69,69,69,17,75.36,19.24,0.922
2024-08-01,CUST-008,Maple College,Gold,Education,Business Voice (SIP),30,30,30,4,86.67,9.8,0.515
2024-08-01,CUST-008,Maple College,Gold,Education,SD-WAN,30,30,30,6,80.0,25.78,0.821
2024-08-01,CUST-009,Dominion Outfitters,Silver,Retail,SD-WAN,10,10,10,2,80.0,29.92,0.546
2024-08-01,CUST-009,Dominion Outfitters,Silver,Retail,Business Voice (SIP),40,40,40,7,82.5,24.34,0.525
2024-08-01,CUST-009,Dominion Outfitters,Silver,Retail,Managed Cloud,7,7,7,0,100.0,27.14,0.404
2024-08-01,CUST-009,Dominion Outfitters,Silver,Retail,MPLS WAN,2,2,2,1,50.0,149.55,1.246
2024-08-01,CUST-009,Dominion Outfitters,Silver,Retail,Managed Security,5,5,5,0,100.0,16.1,0.316
2024-08-01,CUST-009,Dominion Outfitters,Silver,Retail,Dedicated Internet,12,12,12,0,100.0,17.52,0.281
2024-08-01,CUST-010,Lighthouse Manufacturing,Gold,Manufacturing,MPLS WAN,33,33,33,3,90.91,13.42,0.479
2024-08-01,CUST-010,Lighthouse Manufacturing,Gold,Manufacturing,Managed Security,9,9,9,0,100.0,7.58,0.25
2024-08-01,CUST-010,Lighthouse Manufacturing,Gold,Manufacturing,Managed Cloud,23,23,23,2,91.3,16.24,0.424
2024-08-01,CUST-010,Lighthouse Manufacturing,Gold,Manufacturing,SD-WAN,42,42,42,10,76.19,26.17,0.762
2024-08-01,CUST-010,Lighthouse Manufacturing,Gold,Manufacturing,Business Voice (SIP),47,47,47,7,85.11,21.19,0.613
2024-08-01,CUST-010,Lighthouse Manufacturing,Gold,Manufacturing,Dedicated Internet,27,27,27,5,81.48,21.46,0.638
2024-08-01,CUST-011,Prairie Health Network,Silver,Healthcare,Dedicated Internet,48,48,48,10,79.17,32.03,0.721
2024-08-01,CUST-011,Prairie Health Network,Silver,Healthcare,SD-WAN,33,33,33,4,87.88,37.97,0.576
2024-08-01,CUST-011,Prairie Health Network,Silver,Healthcare,Business Voice (SIP),10,10,10,2,80.0,26.9,0.624
2024-08-01,CUST-011,Prairie Health Network,Silver,Healthcare,Managed Cloud,21,21,21,2,90.48,31.11,0.474
2024-08-01,CUST-011,Prairie Health Network,Silver,Healthcare,Managed Security,7,7,7,1,85.71,35.94,0.526
2024-08-01,CUST-011,Prairie Health Network,Silver,Healthcare,MPLS WAN,9,9,9,0,100.0,20.91,0.305
2024-08-01,CUST-012,Pioneer Freight Lines,Silver,Logistics,Managed Security,5,5,5,0,100.0,48.96,0.555
2024-08-01,CUST-012,Pioneer Freight Lines,Silver,Logistics,SD-WAN,63,63,63,16,74.6,48.68,0.848
2024-08-01,CUST-012,Pioneer Freight Lines,Silver,Logistics,Managed Cloud,4,4,4,0,100.0,6.22,0.286
2024-08-01,CUST-012,Pioneer Freight Lines,Silver,Logistics,Dedicated Internet,47,47,47,21,55.32,33.3,1.143
2024-08-01,CUST-012,Pioneer Freight Lines,Silver,Logistics,Business Voice (SIP),48,48,48,12,75.0,36.85,0.743
2024-08-01,CUST-013,Nordic School Board,Gold,Public Sector,Managed Security,18,18,18,1,94.44,19.79,0.484
2024-08-01,CUST-013,Nordic School Board,Gold,Public Sector,Business Voice (SIP),19,19,19,2,89.47,25.89,0.484
2024-08-01,CUST-013,Nordic School Board,Gold,Public Sector,MPLS WAN,18,18,18,2,88.89,25.34,0.572
2024-08-01,CUST-013,Nordic School Board,Gold,Public Sector,Dedicated Internet,37,37,37,20,45.95,11.89,1.468
2024-08-01,CUST-013,Nordic School Board,Gold,Public Sector,SD-WAN,37,37,37,7,81.08,13.59,0.63
2024-08-01,CUST-013,Nordic School Board,Gold,Public Sector,Managed Cloud,39,39,39,3,92.31,11.09,0.415
2024-08-01,CUST-014,Riverbend Polytechnic,Platinum,Education,MPLS WAN,25,25,25,10,60.0,16.99,1.016
2024-08-01,CUST-014,Riverbend Polytechnic,Platinum,Education,Business Voice (SIP),103,103,103,22,78.64,14.39,0.703
2024-08-01,CUST-014,Riverbend Polytechnic,Platinum,Education,Managed Security,23,23,23,2,91.3,8.13,0.409
2024-08-01,CUST-014,Riverbend Polytechnic,Platinum,Education,Managed Cloud,45,45,45,4,91.11,11.07,0.533
2024-08-01,CUST-014,Riverbend Polytechnic,Platinum,Education,SD-WAN,138,138,138,29,78.99,16.56,0.768
2024-08-01,CUST-014,Riverbend Polytechnic,Platinum,Education,Dedicated Internet,168,168,168,84,50.0,10.76,1.42
2024-08-01,CUST-015,Aurora Pharmacies,Platinum,Healthcare,Dedicated Internet,134,134,134,37,72.39,10.31,0.876
2024-08-01,CUST-015,Aurora Pharmacies,Platinum,Healthcare,SD-WAN,123,123,123,20,83.74,9.39,0.766
2024-08-01,CUST-015,Aurora Pharmacies,Platinum,Healthcare,Managed Security,25,25,25,3,88.0,6.14,0.499
2024-08-01,CUST-015,Aurora Pharmacies,Platinum,Healthcare,Managed Cloud,37,37,37,7,81.08,7.61,0.576
2024-08-01,CUST-015,Aurora Pharmacies,Platinum,Healthcare,Business Voice (SIP),68,68,68,8,88.24,10.94,0.557
2024-08-01,CUST-016,Redwood Learning Trust,Silver,Education,Managed Cloud,23,23,23,0,100.0,13.2,0.321
2024-08-01,CUST-016,Redwood Learning Trust,Silver,Education,Dedicated Internet,22,22,22,3,86.36,31.66,0.622
2024-08-01,CUST-016,Redwood Learning Trust,Silver,Education,MPLS WAN,7,7,7,1,85.71,30.08,0.415
2024-08-01,CUST-016,Redwood Learning Trust,Silver,Education,Business Voice (SIP),11,11,11,2,81.82,13.99,0.457
2024-08-01,CUST-016,Redwood Learning Trust,Silver,Education,SD-WAN,28,28,28,2,92.86,26.49,0.449
2024-08-01,CUST-016,Redwood Learning Trust,Silver,Education,Managed Security,9,9,9,0,100.0,13.95,0.227
2024-08-01,CUST-017,Coastal Energy,Gold,Energy,MPLS WAN,21,21,21,2,90.48,28.63,0.562
2024-08-01,CUST-017,Coastal Energy,Gold,Energy,Business Voice (SIP),42,42,42,1,97.62,16.57,0.411
2024-08-01,CUST-017,Coastal Energy,Gold,Energy,SD-WAN,43,43,43,8,81.4,24.08,0.653
2024-08-01,CUST-017,Coastal Energy,Gold,Energy,Dedicated Internet,75,75,75,23,69.33,17.28,0.962
2024-08-01,CUST-017,Coastal Energy,Gold,Energy,Managed Cloud,17,17,17,1,94.12,12.69,0.388
2024-08-01,CUST-017,Coastal Energy,Gold,Energy,Managed Security,5,5,5,1,80.0,62.59,0.672
2024-08-01,CUST-018,Granite Power Co-op,Gold,Energy,Managed Cloud,13,13,13,1,92.31,6.59,0.331
2024-08-01,CUST-018,Granite Power Co-op,Gold,Energy,SD-WAN,46,46,46,5,89.13,20.24,0.622
2024-08-01,CUST-018,Granite Power Co-op,Gold,Energy,Business Voice (SIP),58,58,58,10,82.76,18.84,0.698
2024-08-01,CUST-018,Granite Power Co-op,Gold,Energy,Dedicated Internet,21,21,21,2,90.48,15.45,0.572
2024-08-01,CUST-018,Granite Power Co-op,Gold,Energy,Managed Security,31,31,31,4,87.1,15.54,0.933
2024-08-01,CUST-018,Granite Power Co-op,Gold,Energy,MPLS WAN,48,48,48,3,93.75,20.78,0.491
2024-08-01,CUST-019,Stonebridge Regional Authority,Gold,Public Sector,SD-WAN,68,68,68,12,82.35,22.61,0.713
2024-08-01,CUST-019,Stonebridge Regional Authority,Gold,Public Sector,Managed Security,30,30,30,1,96.67,11.71,0.394
2024-08-01,CUST-019,Stonebridge Regional Authority,Gold,Public Sector,Business Voice (SIP),61,61,61,6,90.16,18.82,0.497
2024-08-01,CUST-019,Stonebridge Regional Authority,Gold,Public Sector,Dedicated Internet,72,72,72,18,75.0,17.75,1.002
2024-08-01,CUST-019,Stonebridge Regional Authority,Gold,Public Sector,Managed Cloud,20,20,20,2,90.0,23.18,0.463
2024-08-01,CUST-019,Stonebridge Regional Authority,Gold,Public Sector,MPLS WAN,43,43,43,5,88.37,28.9,0.607
2024-08-01,CUST-020,Orchard Distribution,Silver,Logistics,MPLS WAN,4,4,4,2,50.0,63.07,1.129
2024-08-01,CUST-020,Orchard Distribution,Silver,Logistics,Business Voice (SIP),23,23,23,3,86.96,36.56,0.613
2024-08-01,CUST-020,Orchard Distribution,Silver,Logistics,Managed Security,3,3,3,0,100.0,27.82,0.37
2024-08-01,CUST-020,Orchard Distribution,Silver,Logistics,Dedicated Internet,47,47,47,15,68.09,30.22,0.969
2024-08-01,CUST-020,Orchard Distribution,Silver,Logistics,Managed Cloud,4,4,4,0,100.0,11.47,0.34
2024-08-01,CUST-021,Keystone Distribution,Gold,Logistics,Dedicated Internet,69,69,69,9,86.96,21.04,0.608
2024-08-01,CUST-021,Keystone Distribution,Gold,Logistics,SD-WAN,82,82,82,6,92.68,18.02,0.491
2024-08-01,CUST-021,Keystone Distribution,Gold,Logistics,Managed Security,37,37,37,0,100.0,14.03,0.343
2024-08-01,CUST-021,Keystone Distribution,Gold,Logistics,MPLS WAN,14,14,14,0,100.0,9.89,0.386
2024-08-01,CUST-021,Keystone Distribution,Gold,Logistics,Business Voice (SIP),62,62,62,12,80.65,19.28,0.744
2024-08-01,CUST-021,Keystone Distribution,Gold,Logistics,Managed Cloud,41,41,41,3,92.68,14.46,0.478
2024-08-01,CUST-022,Ironwood Health Network,Silver,Healthcare,MPLS WAN,5,5,5,0,100.0,50.36,0.471
2024-08-01,CUST-022,Ironwood Health Network,Silver,Healthcare,Managed Cloud,14,14,14,0,100.0,15.86,0.312
2024-08-01,CUST-022,Ironwood Health Network,Silver,Healthcare,Dedicated Internet,30,30,30,12,60.0,38.71,1.311
2024-08-01,CUST-022,Ironwood Health Network,Silver,Healthcare,Business Voice (SIP),8,8,8,3,62.5,43.02,0.793
2024-08-01,CUST-022,Ironwood Health Network,Silver,Healthcare,SD-WAN,25,25,25,3,88.0,44.9,0.58
2024-08-01,CUST-023,Silverline Learning Trust,Bronze,Education,Dedicated Internet,104,104,104,60,42.31,45.33,1.525
2024-08-01,CUST-023,Silverline Learning Trust,Bronze,Education,Managed Cloud,27,27,27,2,92.59,27.95,0.467
2024-08-01,CUST-023,Silverline Learning Trust,Bronze,Education,Business Voice (SIP),21,21,21,0,100.0,41.34,0.45
2024-08-01,CUST-023,Silverline Learning Trust,Bronze,Education,SD-WAN,23,23,23,7,69.57,58.89,1.06
2024-08-01,CUST-023,Silverline Learning Trust,Bronze,Education,MPLS WAN,10,10,10,2,80.0,62.54,0.828
2024-08-01,CUST-023,Silverline Learning Trust,Bronze,Education,Managed Security,17,17,17,1,94.12,35.43,0.433
2024-08-01,CUST-024,Cascadia Academy,Gold,Education,Managed Security,26,26,26,2,92.31,12.4,0.444
2024-08-01,CUST-024,Cascadia Academy,Gold,Education,Business Voice (SIP),74,74,74,14,81.08,24.72,0.7
2024-08-01,CUST-024,Cascadia Academy,Gold,Education,Dedicated Internet,100,100,100,34,66.0,29.51,1.01
2024-08-01,CUST-024,Cascadia Academy,Gold,Education,Managed Cloud,40,40,40,6,85.0,27.26,0.648
2024-08-01,CUST-024,Cascadia Academy,Gold,Education,SD-WAN,27,27,27,12,55.56,21.26,1.141
2024-08-01,CUST-024,Cascadia Academy,Gold,Education,MPLS WAN,11,11,11,2,81.82,42.33,0.715
2024-08-01,CUST-025,Cedar Marketplaces,Bronze,Retail,MPLS WAN,11,11,11,4,63.64,100.15,0.839
2024-08-01,CUST-025,Cedar Marketplaces,Bronze,Retail,SD-WAN,20,20,20,7,65.0,66.32,0.876
2024-08-01,CUST-026,Frontier Freight Lines,Gold,Logistics,MPLS WAN,7,7,7,1,85.71,34.17,0.62
2024-08-01,CUST-026,Frontier Freight Lines,Gold,Logistics,Dedicated Internet,75,75,75,11,85.33,22.66,0.618
2024-08-01,CUST-026,Frontier Freight Lines,Gold,Logistics,Business Voice (SIP),59,59,59,7,88.14,20.15,0.675
2024-08-01,CUST-026,Frontier Freight Lines,Gold,Logistics,Managed Security,17,17,17,2,88.24,11.8,0.417
2024-08-01,CUST-026,Frontier Freight Lines,Gold,Logistics,Managed Cloud,34,34,34,4,88.24,21.15,0.58
2024-08-01,CUST-026,Frontier Freight Lines,Gold,Logistics,SD-WAN,63,63,63,13,79.37,26.14,0.708
2024-08-01,CUST-027,Trillium Medical Centres,Bronze,Healthcare,Managed Security,18,18,18,4,77.78,64.44,0.635
2024-08-01,CUST-027,Trillium Medical Centres,Bronze,Healthcare,Dedicated Internet,24,24,24,6,75.0,57.92,0.708
2024-08-01,CUST-027,Trillium Medical Centres,Bronze,Healthcare,Business Voice (SIP),7,7,7,2,71.43,79.41,0.885
2024-08-01,CUST-027,Trillium Medical Centres,Bronze,Healthcare,Managed Cloud,10,10,10,1,90.0,65.47,0.647
2024-08-01,CUST-028,Beacon Pipelines,Bronze,Energy,Dedicated Internet,42,42,42,29,30.95,88.52,2.797
2024-08-01,CUST-028,Beacon Pipelines,Bronze,Energy,MPLS WAN,7,7,7,2,71.43,52.29,0.747
2024-08-01,CUST-028,Beacon Pipelines,Bronze,Energy,SD-WAN,7,7,7,1,85.71,35.28,0.742
2024-08-01,CUST-028,Beacon Pipelines,Bronze,Energy,Managed Security,10,10,10,2,80.0,95.65,0.955
2024-08-01,CUST-028,Beacon Pipelines,Bronze,Energy,Managed Cloud,12,12,12,7,41.67,115.61,0.943
2024-08-01,CUST-029,Pinecrest Energy,Bronze,Energy,Dedicated Internet,15,15,15,7,53.33,23.1,1.014
2024-08-01,CUST-029,Pinecrest Energy,Bronze,Energy,Business Voice (SIP),4,4,4,1,75.0,70.68,0.562
2024-08-01,CUST-029,Pinecrest Energy,Bronze,Energy,SD-WAN,6,6,6,3,50.0,93.95,1.19
2024-08-01,CUST-030,Summit Retail Group,Platinum,Retail,Business Voice (SIP),117,117,117,15,87.18,7.92,0.486
2024-08-01,CUST-030,Summit Retail Group,Platinum,Retail,MPLS WAN,37,37,37,5,86.49,6.94,0.709
2024-08-01,CUST-030,Summit Retail Group,Platinum,Retail,Managed Security,40,40,40,2,95.0,6.88,0.355
2024-08-01,CUST-030,Summit Retail Group,Platinum,Retail,Dedicated Internet,96,96,96,15,84.38,6.34,0.783
2024-08-01,CUST-030,Summit Retail Group,Platinum,Retail,SD-WAN,124,124,124,17,86.29,10.46,0.587
2024-08-01,CUST-030,Summit Retail Group,Platinum,Retail,Managed Cloud,36,36,36,0,100.0,4.76,0.225
2024-08-01,CUST-031,Crestview Pipelines,Silver,Energy,Managed Security,6,6,6,1,83.33,50.45,0.586
2024-08-01,CUST-031,Crestview Pipelines,Silver,Energy,Business Voice (SIP),8,8,8,1,87.5,26.26,0.494
2024-08-01,CUST-031,Crestview Pipelines,Silver,Energy,Managed Cloud,16,16,16,0,100.0,33.49,0.484
2024-08-01,CUST-031,Crestview Pipelines,Silver,Energy,Dedicated Internet,20,20,20,11,45.0,36.47,1.603
2024-08-01,CUST-031,Crestview Pipelines,Silver,Energy,SD-WAN,22,22,22,4,81.82,29.49,0.584
2024-08-01,CUST-032,Meridian Distribution,Platinum,Logistics,SD-WAN,93,93,93,16,82.8,12.32,0.745
2024-08-01,CUST-032,Meridian Distribution,Platinum,Logistics,Dedicated Internet,233,233,233,82,64.81,9.18,1.159
2024-08-01,CUST-032,Meridian Distribution,Platinum,Logistics,Business Voice (SIP),127,127,127,13,89.76,12.3,0.553
2024-08-01,CUST-032,Meridian Distribution,Platinum,Logistics,MPLS WAN,12,12,12,2,83.33,23.9,0.939
2024-08-01,CUST-032,Meridian Distribution,Platinum,Logistics,Managed Cloud,14,14,14,0,100.0,4.32,0.334
2024-08-01,CUST-032,Meridian Distribution,Platinum,Logistics,Managed Security,41,41,41,2,95.12,5.75,0.328
2024-08-01,CUST-033,Boreal Retail Group,Gold,Retail,Dedicated Internet,49,49,49,9,81.63,15.38,0.702
2024-08-01,CUST-033,Boreal Retail Group,Gold,Retail,Business Voice (SIP),58,58,58,2,96.55,14.01,0.398
2024-08-01,CUST-033,Boreal Retail Group,Gold,Retail,Managed Cloud,18,18,18,0,100.0,13.82,0.312
2024-08-01,CUST-033,Boreal Retail Group,Gold,Retail,Managed Security,28,28,28,3,89.29,15.6,0.673
2024-08-01,CUST-033,Boreal Retail Group,Gold,Retail,SD-WAN,74,74,74,11,85.14,20.29,0.646
2024-08-01,CUST-033,Boreal Retail Group,Gold,Retail,MPLS WAN,29,29,29,3,89.66,24.89,0.821
2024-08-01,CUST-034,Evergreen Stores Ltd.,Platinum,Retail,MPLS WAN,17,17,17,3,82.35,5.9,0.647
2024-08-01,CUST-034,Evergreen Stores Ltd.,Platinum,Retail,SD-WAN,60,60,60,12,80.0,14.72,0.824
2024-08-01,CUST-034,Evergreen Stores Ltd.,Platinum,Retail,Managed Security,24,24,24,2,91.67,6.12,0.477
2024-08-01,CUST-034,Evergreen Stores Ltd.,Platinum,Retail,Business Voice (SIP),60,60,60,8,86.67,11.2,0.81
2024-08-01,CUST-034,Evergreen Stores Ltd.,Platinum,Retail,Dedicated Internet,95,95,95,35,63.16,9.57,1.019
2024-08-01,CUST-034,Evergreen Stores Ltd.,Platinum,Retail,Managed Cloud,15,15,15,1,93.33,10.85,0.471
2024-08-01,CUST-035,Ridgeline Stores Ltd.,Gold,Retail,Managed Security,6,6,6,0,100.0,8.93,0.286
2024-08-01,CUST-035,Ridgeline Stores Ltd.,Gold,Retail,SD-WAN,46,46,46,6,86.96,18.79,0.489
2024-08-01,CUST-035,Ridgeline Stores Ltd.,Gold,Retail,Dedicated Internet,81,81,81,13,83.95,18.03,0.623
2024-08-01,CUST-035,Ridgeline Stores Ltd.,Gold,Retail,Business Voice (SIP),45,45,45,1,97.78,16.52,0.389
2024-08-01,CUST-035,Ridgeline Stores Ltd.,Gold,Retail,MPLS WAN,15,15,15,0,100.0,14.2,0.383
2024-08-01,CUST-036,Highland College,Platinum,Education,Managed Cloud,47,47,47,1,97.87,7.59,0.365
2024-08-01,CUST-036,Highland College,Platinum,Education,Dedicated Internet,178,178,178,74,58.43,9.16,1.257
2024-08-01,CUST-036,Highland College,Platinum,Education,MPLS WAN,35,35,35,1,97.14,9.79,0.418
2024-08-01,CUST-036,Highland College,Platinum,Education,SD-WAN,74,74,74,10,86.49,10.91,0.722
2024-08-01,CUST-036,Highland College,Platinum,Education,Business Voice (SIP),70,70,70,6,91.43,8.01,0.455
2024-08-01,CUST-036,Highland College,Platinum,Education,Managed Security,23,23,23,0,100.0,6.52,0.369
2024-08-01,CUST-037,Glacier Retail Group,Gold,Retail,MPLS WAN,41,41,41,10,75.61,28.25,0.91
2024-08-01,CUST-037,Glacier Retail Group,Gold,Retail,Managed Cloud,18,18,18,2,88.89,22.41,0.503
2024-08-01,CUST-037,Glacier Retail Group,Gold,Retail,Dedicated Internet,103,103,103,25,75.73,20.83,0.912
2024-08-01,CUST-037,Glacier Retail Group,Gold,Retail,SD-WAN,50,50,50,8,84.0,31.03,0.718
2024-08-01,CUST-037,Glacier Retail Group,Gold,Retail,Business Voice (SIP),48,48,48,15,68.75,21.54,0.801
2024-08-01,CUST-037,Glacier Retail Group,Gold,Retail,Managed Security,9,9,9,1,88.89,21.17,0.566
2024-08-01,CUST-038,Harbour Renewables,Silver,Energy,MPLS WAN,22,22,22,5,77.27,37.95,0.731
2024-08-01,CUST-038,Harbour Renewables,Silver,Energy,Managed Cloud,2,2,2,1,50.0,80.87,0.696
2024-08-01,CUST-038,Harbour Renewables,Silver,Energy,Business Voice (SIP),19,19,19,2,89.47,46.43,0.696
2024-08-01,CUST-038,Harbour Renewables,Silver,Energy,Dedicated Internet,125,125,125,69,44.8,40.74,1.666
2024-08-01,CUST-038,Harbour Renewables,Silver,Energy,Managed Security,17,17,17,1,94.12,17.05,0.32
2024-08-01,CUST-038,Harbour Renewables,Silver,Energy,SD-WAN,15,15,15,6,60.0,42.28,0.873
2024-08-01,CUST-039,Quarry Academy,Silver,Education,Dedicated Internet,59,59,59,3,94.92,23.29,0.4
2024-08-01,CUST-039,Quarry Academy,Silver,Education,SD-WAN,42,42,42,5,88.1,31.57,0.524
2024-08-01,CUST-039,Quarry Academy,Silver,Education,Managed Security,16,16,16,1,93.75,18.21,0.329
2024-08-01,CUST-039,Quarry Academy,Silver,Education,Business Voice (SIP),63,63,63,8,87.3,24.33,0.517
2024-08-01,CUST-039,Quarry Academy,Silver,Education,Managed Cloud,13,13,13,0,100.0,22.94,0.39
2024-08-01,CUST-039,Quarry Academy,Silver,Education,MPLS WAN,27,27,27,4,85.19,38.12,0.662
2024-08-01,CUST-040,Tundra Fabrication,Gold,Manufacturing,Dedicated Internet,123,123,123,49,60.16,19.39,1.275
2024-08-01,CUST-040,Tundra Fabrication,Gold,Manufacturing,MPLS WAN,7,7,7,2,71.43,18.24,0.823
2024-08-01,CUST-040,Tundra Fabrication,Gold,Manufacturing,Managed Cloud,15,15,15,1,93.33,20.29,0.518
2024-08-01,CUST-040,Tundra Fabrication,Gold,Manufacturing,Business Voice (SIP),44,44,44,2,95.45,25.38,0.736
2024-08-01,CUST-040,Tundra Fabrication,Gold,Manufacturing,SD-WAN,29,29,29,3,89.66,21.72,0.532
2024-08-01,CUST-040,Tundra Fabrication,Gold,Manufacturing,Managed Security,9,9,9,2,77.78,27.5,0.646
2024-09-01,CUST-001,Lakeview Health Network,Silver,Healthcare,MPLS WAN,24,24,24,2,91.67,24.9,0.468
2024-09-01,CUST-001,Lakeview Health Network,Silver,Healthcare,Business Voice (SIP),13,13,13,2,84.62,24.52,0.492
2024-09-01,CUST-001,Lakeview Health Network,Silver,Healthcare,Managed Security,4,4,4,0,100.0,33.52,0.287
2024-09-01,CUST-001,Lakeview Health Network,Silver,Healthcare,Managed Cloud,8,8,8,0,100.0,21.96,0.373
2024-09-01,CUST-001,Lakeview Health Network,Silver,Healthcare,Dedicated Internet,30,30,30,5,83.33,28.17,0.599
2024-09-01,CUST-001,Lakeview Health Network,Silver,Healthcare,SD-WAN,3,3,3,0,100.0,16.68,0.325
2024-09-01,CUST-002,Westgate Care Group,Silver,Healthcare,Business Voice (SIP),5,5,5,0,100.0,33.8,0.458
2024-09-01,CUST-002,Westgate Care Group,Silver,Healthcare,Managed Cloud,16,16,16,0,100.0,33.69,0.372
2024-09-01,CUST-002,Westgate Care Group,Silver,Healthcare,Dedicated Internet,4,4,4,1,75.0,17.23,0.619
2024-09-01,CUST-002,Westgate Care Group,Silver,Healthcare,MPLS WAN,2,2,2,0,100.0,48.32,0.532
2024-09-01,CUST-002,Westgate Care Group,Silver,Healthcare,SD-WAN,5,5,5,0,100.0,25.96,0.384
2024-09-01,CUST-003,Juniper Polytechnic,Platinum,Education,Dedicated Internet,117,117,117,19,83.76,13.8,0.639
2024-09-01,CUST-003,Juniper Polytechnic,Platinum,Education,Business Voice (SIP),74,74,74,14,81.08,12.49,0.745
2024-09-01,CUST-003,Juniper Polytechnic,Platinum,Education,Managed Cloud,36,36,36,3,91.67,10.62,0.637
2024-09-01,CUST-003,Juniper Polytechnic,Platinum,Education,Managed Security,50,50,50,4,92.0,9.25,0.475
2024-09-01,CUST-003,Juniper Polytechnic,Platinum,Education,MPLS WAN,26,26,26,3,88.46,9.91,0.528
2024-09-01,CUST-003,Juniper Polytechnic,Platinum,Education,SD-WAN,95,95,95,11,88.42,14.95,0.654
2024-09-01,CUST-004,Heritage College,Bronze,Education,Dedicated Internet,30,30,30,9,70.0,47.37,0.715
2024-09-01,CUST-004,Heritage College,Bronze,Education,MPLS WAN,11,11,11,2,81.82,30.28,0.458
2024-09-01,CUST-004,Heritage College,Bronze,Education,SD-WAN,27,27,27,7,74.07,54.0,0.788
2024-09-01,CUST-004,Heritage College,Bronze,Education,Managed Cloud,17,17,17,4,76.47,56.27,0.625
2024-09-01,CUST-004,Heritage College,Bronze,Education,Managed Security,13,13,13,2,84.62,50.63,0.933
2024-09-01,CUST-005,Bluewater Health Network,Silver,Healthcare,Business Voice (SIP),39,39,39,5,87.18,29.96,0.545
2024-09-01,CUST-005,Bluewater Health Network,Silver,Healthcare,Dedicated Internet,12,12,12,1,91.67,41.21,0.489
2024-09-01,CUST-005,Bluewater Health Network,Silver,Healthcare,SD-WAN,30,30,30,3,90.0,40.72,0.7
2024-09-01,CUST-005,Bluewater Health Network,Silver,Healthcare,Managed Security,14,14,14,2,85.71,12.95,0.339
2024-09-01,CUST-006,Northshore Utilities,Silver,Public Sector,MPLS WAN,5,5,5,2,60.0,50.02,0.998
2024-09-01,CUST-006,Northshore Utilities,Silver,Public Sector,Business Voice (SIP),50,50,50,5,90.0,31.09,0.537
2024-09-01,CUST-006,Northshore Utilities,Silver,Public Sector,Dedicated Internet,35,35,35,6,82.86,27.04,0.525
2024-09-01,CUST-006,Northshore Utilities,Silver,Public Sector,Managed Security,5,5,5,0,100.0,23.69,0.359
2024-09-01,CUST-006,Northshore Utilities,Silver,Public Sector,SD-WAN,21,21,21,5,76.19,43.14,0.632
2024-09-01,CUST-007,Ashford Renewables,Bronze,Energy,SD-WAN,9,9,9,3,66.67,61.85,0.848
2024-09-01,CUST-007,Ashford Renewables,Bronze,Energy,Managed Cloud,8,8,8,1,87.5,59.76,0.671
2024-09-01,CUST-007,Ashford Renewables,Bronze,Energy,Managed Security,11,11,11,1,90.91,54.87,0.655
2024-09-01,CUST-007,Ashford Renewables,Bronze,Energy,Dedicated Internet,10,10,10,1,90.0,51.35,0.47
2024-09-01,CUST-007,Ashford Renewables,Bronze,Energy,Business Voice (SIP),3,3,3,0,100.0,19.92,0.384
2024-09-01,CUST-008,Maple College,Gold,Education,Dedicated Internet,33,33,33,1,96.97,14.46,0.445
2024-09-01,CUST-008,Maple College,Gold,Education,MPLS WAN,24,24,24,4,83.33,22.31,0.527
2024-09-01,CUST-008,Maple College,Gold,Education,Managed Security,3,3,3,0,100.0,36.57,0.607
2024-09-01,CUST-008,Maple College,Gold,Education,Business Voice (SIP),26,26,26,1,96.15,17.45,0.358
2024-09-01,CUST-008,Maple College,Gold,Education,Managed Cloud,23,23,23,0,100.0,16.37,0.373
2024-09-01,CUST-008,Maple College,Gold,Education,SD-WAN,41,41,41,3,92.68,20.5,0.622
2024-09-01,CUST-009,Dominion Outfitters,Silver,Retail,SD-WAN,10,10,10,0,100.0,31.49,0.396
2024-09-01,CUST-009,Dominion Outfitters,Silver,Retail,Dedicated Internet,9,9,9,1,88.89,41.2,0.517
2024-09-01,CUST-009,Dominion Outfitters,Silver,Retail,Managed Cloud,6,6,6,0,100.0,28.48,0.396
2024-09-01,CUST-009,Dominion Outfitters,Silver,Retail,Business Voice (SIP),29,29,29,5,82.76,31.42,0.677
2024-09-01,CUST-009,Dominion Outfitters,Silver,Retail,MPLS WAN,2,2,2,0,100.0,37.78,0.423
2024-09-01,CUST-009,Dominion Outfitters,Silver,Retail,Managed Security,7,7,7,1,85.71,25.68,0.448
2024-09-01,CUST-010,Lighthouse Manufacturing,Gold,Manufacturing,SD-WAN,43,43,43,8,81.4,21.78,0.616
2024-09-01,CUST-010,Lighthouse Manufacturing,Gold,Manufacturing,Managed Security,10,10,10,0,100.0,16.62,0.317
2024-09-01,CUST-010,Lighthouse Manufacturing,Gold,Manufacturing,MPLS WAN,44,44,44,6,86.36,27.01,0.569
2024-09-01,CUST-010,Lighthouse Manufacturing,Gold,Manufacturing,Business Voice (SIP),38,38,38,5,86.84,17.44,0.572
2024-09-01,CUST-010,Lighthouse Manufacturing,Gold,Manufacturing,Managed Cloud,27,27,27,1,96.3,7.54,0.353
2024-09-01,CUST-010,Lighthouse Manufacturing,Gold,Manufacturing,Dedicated Internet,29,29,29,6,79.31,32.31,0.945
2024-09-01,CUST-011,Prairie Health Network,Silver,Healthcare,MPLS WAN,9,9,9,2,77.78,24.46,0.757
2024-09-01,CUST-011,Prairie Health Network,Silver,Healthcare,Business Voice (SIP),7,7,7,2,71.43,46.98,1.214
2024-09-01,CUST-011,Prairie Health Network,Silver,Healthcare,Dedicated Internet,50,50,50,4,92.0,26.05,0.495
2024-09-01,CUST-011,Prairie Health Network,Silver,Healthcare,Managed Cloud,10,10,10,1,90.0,30.34,0.516
2024-09-01,CUST-011,Prairie Health Network,Silver,Healthcare,Managed Security,4,4,4,0,100.0,16.42,0.339
2024-09-01,CUST-011,Prairie Health Network,Silver,Healthcare,SD-WAN,27,27,27,7,74.07,56.1,0.772
2024-09-01,CUST-012,Pioneer Freight Lines,Silver,Logistics,Business Voice (SIP),62,62,62,10,83.87,34.44,0.745
2024-09-01,CUST-012,Pioneer Freight Lines,Silver,Logistics,Managed Cloud,14,14,14,3,78.57,22.52,0.617
2024-09-01,CUST-012,Pioneer Freight Lines,Silver,Logistics,SD-WAN,78,78,78,32,58.97,47.7,1.001
2024-09-01,CUST-012,Pioneer Freight Lines,Silver,Logistics,Managed Security,12,12,12,5,58.33,66.08,0.845
2024-09-01,CUST-012,Pioneer Freight Lines,Silver,Logistics,Dedicated Internet,16,16,16,2,87.5,15.31,0.454
2024-09-01,CUST-013,Nordic School Board,Gold,Public Sector,MPLS WAN,10,10,10,0,100.0,25.87,0.369
2024-09-01,CUST-013,Nordic School Board,Gold,Public Sector,Business Voice (SIP),12,12,12,2,83.33,27.88,0.535
2024-09-01,CUST-013,Nordic School Board,Gold,Public Sector,Managed Cloud,46,46,46,2,95.65,17.19,0.422
2024-09-01,CUST-013,Nordic School Board,Gold,Public Sector,Dedicated Internet,11,11,11,0,100.0,14.87,0.376
2024-09-01,CUST-013,Nordic School Board,Gold,Public Sector,Managed Security,15,15,15,1,93.33,11.87,0.376
2024-09-01,CUST-013,Nordic School Board,Gold,Public Sector,SD-WAN,39,39,39,4,89.74,15.69,0.551
2024-09-01,CUST-014,Riverbend Polytechnic,Platinum,Education,MPLS WAN,36,36,36,7,80.56,18.02,0.821
2024-09-01,CUST-014,Riverbend Polytechnic,Platinum,Education,Business Voice (SIP),93,93,93,11,88.17,10.68,0.578
2024-09-01,CUST-014,Riverbend Polytechnic,Platinum,Education,Dedicated Internet,46,46,46,8,82.61,13.85,0.587
2024-09-01,CUST-014,Riverbend Polytechnic,Platinum,Education,Managed Cloud,49,49,49,3,93.88,6.93,0.446
2024-09-01,CUST-014,Riverbend Polytechnic,Platinum,Education,Managed Security,22,22,22,1,95.45,4.13,0.377
2024-09-01,CUST-014,Riverbend Polytechnic,Platinum,Education,SD-WAN,145,145,145,28,80.69,12.54,0.735
2024-09-01,CUST-015,Aurora Pharmacies,Platinum,Healthcare,SD-WAN,129,129,129,27,79.07,13.51,0.726
2024-09-01,CUST-015,Aurora Pharmacies,Platinum,Healthcare,Managed Security,17,17,17,0,100.0,11.25,0.333
2024-09-01,CUST-015,Aurora Pharmacies,Platinum,Healthcare,Dedicated Internet,91,91,91,7,92.31,8.03,0.497
2024-09-01,CUST-015,Aurora Pharmacies,Platinum,Healthcare,Business Voice (SIP),73,73,73,7,90.41,10.28,0.484
2024-09-01,CUST-015,Aurora Pharmacies,Platinum,Healthcare,Managed Cloud,47,47,47,4,91.49,9.33,0.496
2024-09-01,CUST-016,Redwood Learning Trust,Silver,Education,Managed Cloud,27,27,27,0,100.0,25.03,0.329
2024-09-01,CUST-016,Redwood Learning Trust,Silver,Education,Business Voice (SIP),12,12,12,4,66.67,50.33,0.823
2024-09-01,CUST-016,Redwood Learning Trust,Silver,Education,Managed Security,10,10,10,0,100.0,20.35,0.386
2024-09-01,CUST-016,Redwood Learning Trust,Silver,Education,Dedicated Internet,38,38,38,1,97.37,23.6,0.367
2024-09-01,CUST-016,Redwood Learning Trust,Silver,Education,MPLS WAN,5,5,5,1,80.0,12.28,0.593
2024-09-01,CUST-016,Redwood Learning Trust,Silver,Education,SD-WAN,32,32,32,0,100.0,25.68,0.345
2024-09-01,CUST-017,Coastal Energy,Gold,Energy,Business Voice (SIP),45,45,45,6,86.67,20.7,0.673
2024-09-01,CUST-017,Coastal Energy,Gold,Energy,SD-WAN,40,40,40,9,77.5,35.53,0.721
2024-09-01,CUST-017,Coastal Energy,Gold,Energy,MPLS WAN,12,12,12,3,75.0,22.49,0.826
2024-09-01,CUST-017,Coastal Energy,Gold,Energy,Managed Security,11,11,11,2,81.82,24.18,0.842
2024-09-01,CUST-017,Coastal Energy,Gold,Energy,Managed Cloud,13,13,13,1,92.31,19.93,0.509
2024-09-01,CUST-017,Coastal Energy,Gold,Energy,Dedicated Internet,53,53,53,5,90.57,19.47,0.52
2024-09-01,CUST-018,Granite Power Co-op,Gold,Energy,Business Voice (SIP),82,82,82,5,93.9,20.01,0.487
2024-09-01,CUST-018,Granite Power Co-op,Gold,Energy,Managed Security,33,33,33,1,96.97,14.75,0.373
2024-09-01,CUST-018,Granite Power Co-op,Gold,Energy,MPLS WAN,66,66,66,6,90.91,21.21,0.498
2024-09-01,CUST-018,Granite Power Co-op,Gold,Energy,Dedicated Internet,32,32,32,3,90.63,16.37,0.511
2024-09-01,CUST-018,Granite Power Co-op,Gold,Energy,SD-WAN,49,49,49,6,87.76,21.3,0.546
2024-09-01,CUST-018,Granite Power Co-op,Gold,Energy,Managed Cloud,19,19,19,3,84.21,21.47,0.555
2024-09-01,CUST-019,Stonebridge Regional Authority,Gold,Public Sector,Managed Security,31,31,31,4,87.1,17.61,0.44
2024-09-01,CUST-019,Stonebridge Regional Authority,Gold,Public Sector,Managed Cloud,19,19,19,2,89.47,17.99,0.581
2024-09-01,CUST-019,Stonebridge Regional Authority,Gold,Public Sector,MPLS WAN,38,38,38,9,76.32,35.1,0.893
2024-09-01,CUST-019,Stonebridge Regional Authority,Gold,Public Sector,Dedicated Internet,41,41,41,6,85.37,21.32,0.814
2024-09-01,CUST-019,Stonebridge Regional Authority,Gold,Public Sector,SD-WAN,70,70,70,23,67.14,35.67,1.022
2024-09-01,CUST-019,Stonebridge Regional Authority,Gold,Public Sector,Business Voice (SIP),65,65,65,8,87.69,18.46,0.567
2024-09-01,CUST-020,Orchard Distribution,Silver,Logistics,Managed Cloud,2,2,2,1,50.0,81.57,1.133
2024-09-01,CUST-020,Orchard Distribution,Silver,Logistics,Managed Security,5,5,5,0,100.0,28.86,0.339
2024-09-01,CUST-020,Orchard Distribution,Silver,Logistics,Business Voice (SIP),29,29,29,5,82.76,46.17,0.919
2024-09-01,CUST-020,Orchard Distribution,Silver,Logistics,Dedicated Internet,19,19,19,2,89.47,27.26,0.456
2024-09-01,CUST-020,Orchard Distribution,Silver,Logistics,MPLS WAN,5,5,5,2,60.0,61.88,0.919
2024-09-01,CUST-021,Keystone Distribution,Gold,Logistics,SD-WAN,97,97,97,17,82.47,24.87,0.739
2024-09-01,CUST-021,Keystone Distribution,Gold,Logistics,Managed Security,40,40,40,1,97.5,19.79,0.412
2024-09-01,CUST-021,Keystone Distribution,Gold,Logistics,Managed Cloud,42,42,42,3,92.86,13.37,0.378
2024-09-01,CUST-021,Keystone Distribution,Gold,Logistics,Dedicated Internet,52,52,52,7,86.54,22.02,0.661
2024-09-01,CUST-021,Keystone Distribution,Gold,Logistics,Business Voice (SIP),62,62,62,9,85.48,21.59,0.943
2024-09-01,CUST-021,Keystone Distribution,Gold,Logistics,MPLS WAN,19,19,19,3,84.21,28.84,0.551
2024-09-01,CUST-022,Ironwood Health Network,Silver,Healthcare,SD-WAN,21,21,21,7,66.67,50.29,0.693
2024-09-01,CUST-022,Ironwood Health Network,Silver,Healthcare,Managed Cloud,24,24,24,2,91.67,29.15,0.473
2024-09-01,CUST-022,Ironwood Health Network,Silver,Healthcare,MPLS WAN,8,8,8,1,87.5,52.5,0.651
2024-09-01,CUST-022,Ironwood Health Network,Silver,Healthcare,Business Voice (SIP),5,5,5,0,100.0,11.27,0.26
2024-09-01,CUST-022,Ironwood Health Network,Silver,Healthcare,Dedicated Internet,22,22,22,3,86.36,41.56,0.558
2024-09-01,CUST-023,Silverline Learning Trust,Bronze,Education,Managed Security,19,19,19,0,100.0,28.23,0.328
2024-09-01,CUST-023,Silverline Learning Trust,Bronze,Education,Business Voice (SIP),21,21,21,4,80.95,40.11,0.732
2024-09-01,CUST-023,Silverline Learning Trust,Bronze,Education,SD-WAN,27,27,27,3,88.89,50.68,0.617
2024-09-01,CUST-023,Silverline Learning Trust,Bronze,Education,MPLS WAN,20,20,20,2,90.0,44.01,0.735
2024-09-01,CUST-023,Silverline Learning Trust,Bronze,Education,Managed Cloud,20,20,20,2,90.0,26.96,0.523
2024-09-01,CUST-023,Silverline Learning Trust,Bronze,Education,Dedicated Internet,48,48,48,8,83.33,59.66,0.676
2024-09-01,CUST-024,Cascadia Academy,Gold,Education,MPLS WAN,14,14,14,4,71.43,27.58,0.872
2024-09-01,CUST-024,Cascadia Academy,Gold,Education,Dedicated Internet,90,90,90,18,80.0,30.77,0.737
2024-09-01,CUST-024,Cascadia Academy,Gold,Education,SD-WAN,23,23,23,5,78.26,18.08,0.863
2024-09-01,CUST-024,Cascadia Academy,Gold,Education,Managed Cloud,39,39,39,6,84.62,19.25,0.583
2024-09-01,CUST-024,Cascadia Academy,Gold,Education,Business Voice (SIP),69,69,69,12,82.61,23.7,0.622
2024-09-01,CUST-024,Cascadia Academy,Gold,Education,Managed Security,28,28,28,4,85.71,22.04,0.567
2024-09-01,CUST-025,Cedar Marketplaces,Bronze,Retail,SD-WAN,18,18,18,7,61.11,69.55,1.03
2024-09-01,CUST-025,Cedar Marketplaces,Bronze,Retail,MPLS WAN,9,9,9,2,77.78,69.74,0.713
2024-09-01,CUST-026,Frontier Freight Lines,Gold,Logistics,SD-WAN,43,43,43,8,81.4,35.19,0.807
2024-09-01,CUST-026,Frontier Freight Lines,Gold,Logistics,Dedicated Internet,62,62,62,9,85.48,24.79,0.609
2024-09-01,CUST-026,Frontier Freight Lines,Gold,Logistics,Business Voice (SIP),65,65,65,8,87.69,18.08,0.513
2024-09-01,CUST-026,Frontier Freight Lines,Gold,Logistics,MPLS WAN,8,8,8,0,100.0,14.75,0.359
2024-09-01,CUST-026,Frontier Freight Lines,Gold,Logistics,Managed Cloud,33,33,33,1,96.97,16.32,0.371
2024-09-01,CUST-026,Frontier Freight Lines,Gold,Logistics,Managed Security,20,20,20,1,95.0,18.47,0.585
2024-09-01,CUST-027,Trillium Medical Centres,Bronze,Healthcare,Business Voice (SIP),6,6,6,2,66.67,74.64,1.04
2024-09-01,CUST-027,Trillium Medical Centres,Bronze,Healthcare,Managed Security,24,24,24,5,79.17,50.09,0.713
2024-09-01,CUST-027,Trillium Medical Centres,Bronze,Healthcare,Managed Cloud,11,11,11,2,81.82,50.11,0.611
2024-09-01,CUST-027,Trillium Medical Centres,Bronze,Healthcare,Dedicated Internet,27,27,27,11,59.26,45.03,0.91
2024-09-01,CUST-028,Beacon Pipelines,Bronze,Energy,SD-WAN,12,12,12,3,75.0,67.59,0.774
2024-09-01,CUST-028,Beacon Pipelines,Bronze,Energy,Managed Cloud,17,17,17,3,82.35,71.21,0.672
2024-09-01,CUST-028,Beacon Pipelines,Bronze,Energy,Managed Security,11,11,11,3,72.73,53.79,0.756
2024-09-01,CUST-028,Beacon Pipelines,Bronze,Energy,MPLS WAN,4,4,4,0,100.0,73.46,0.638
2024-09-01,CUST-028,Beacon Pipelines,Bronze,Energy,Dedicated Internet,19,19,19,5,73.68,44.64,0.867
2024-09-01,CUST-029,Pinecrest Energy,Bronze,Energy,Dedicated Internet,8,8,8,0,100.0,17.43,0.322
2024-09-01,CUST-029,Pinecrest Energy,Bronze,Energy,SD-WAN,4,4,4,3,25.0,151.07,1.014
2024-09-01,CUST-029,Pinecrest Energy,Bronze,Energy,Business Voice (SIP),5,5,5,0,100.0,57.91,0.412
2024-09-01,CUST-030,Summit Retail Group,Platinum,Retail,Dedicated Internet,51,51,51,2,96.08,10.18,0.399
2024-09-01,CUST-030,Summit Retail Group,Platinum,Retail,Managed Security,47,47,47,0,100.0,7.19,0.315
2024-09-01,CUST-030,Summit Retail Group,Platinum,Retail,SD-WAN,118,118,118,17,85.59,10.03,0.676
2024-09-01,CUST-030,Summit Retail Group,Platinum,Retail,Managed Cloud,49,49,49,2,95.92,5.12,0.445
2024-09-01,CUST-030,Summit Retail Group,Platinum,Retail,Business Voice (SIP),145,145,145,10,93.1,9.83,0.507
2024-09-01,CUST-030,Summit Retail Group,Platinum,Retail,MPLS WAN,39,39,39,5,87.18,8.16,0.906
2024-09-01,CUST-031,Crestview Pipelines,Silver,Energy,Managed Cloud,10,10,10,1,90.0,20.15,0.548
2024-09-01,CUST-031,Crestview Pipelines,Silver,Energy,Dedicated Internet,7,7,7,0,100.0,21.94,0.314
2024-09-01,CUST-031,Crestview Pipelines,Silver,Energy,Business Voice (SIP),15,15,15,3,80.0,27.69,0.725
2024-09-01,CUST-031,Crestview Pipelines,Silver,Energy,SD-WAN,29,29,29,3,89.66,41.37,0.716
2024-09-01,CUST-031,Crestview Pipelines,Silver,Energy,Managed Security,3,3,3,0,100.0,37.26,0.41
2024-09-01,CUST-032,Meridian Distribution,Platinum,Logistics,Business Voice (SIP),129,129,129,11,91.47,10.44,0.62
2024-09-01,CUST-032,Meridian Distribution,Platinum,Logistics,Dedicated Internet,103,103,103,13,87.38,9.83,0.61
2024-09-01,CUST-032,Meridian Distribution,Platinum,Logistics,Managed Cloud,13,13,13,1,92.31,7.48,0.367
2024-09-01,CUST-032,Meridian Distribution,Platinum,Logistics,MPLS WAN,13,13,13,1,92.31,7.61,0.407
2024-09-01,CUST-032,Meridian Distribution,Platinum,Logistics,SD-WAN,94,94,94,5,94.68,12.4,0.471
2024-09-01,CUST-032,Meridian Distribution,Platinum,Logistics,Managed Security,55,55,55,4,92.73,7.61,0.57
2024-09-01,CUST-033,Boreal Retail Group,Gold,Retail,MPLS WAN,31,31,31,2,93.55,18.63,0.738
2024-09-01,CUST-033,Boreal Retail Group,Gold,Retail,Managed Security,29,29,29,1,96.55,15.4,0.331
2024-09-01,CUST-033,Boreal Retail Group,Gold,Retail,SD-WAN,54,54,54,4,92.59,17.71,0.481
2024-09-01,CUST-033,Boreal Retail Group,Gold,Retail,Business Voice (SIP),58,58,58,4,93.1,17.63,0.43
2024-09-01,CUST-033,Boreal Retail Group,Gold,Retail,Managed Cloud,19,19,19,0,100.0,9.72,0.284
2024-09-01,CUST-033,Boreal Retail Group,Gold,Retail,Dedicated Internet,22,22,22,1,95.45,21.96,0.967
2024-09-01,CUST-034,Evergreen Stores Ltd.,Platinum,Retail,Dedicated Internet,62,62,62,6,90.32,12.91,0.69
2024-09-01,CUST-034,Evergreen Stores Ltd.,Platinum,Retail,Managed Security,22,22,22,3,86.36,6.78,0.649
2024-09-01,CUST-034,Evergreen Stores Ltd.,Platinum,Retail,Business Voice (SIP),52,52,52,12,76.92,11.09,0.754
2024-09-01,CUST-034,Evergreen Stores Ltd.,Platinum,Retail,MPLS WAN,13,13,13,1,92.31,19.24,0.627
2024-09-01,CUST-034,Evergreen Stores Ltd.,Platinum,Retail,SD-WAN,69,69,69,16,76.81,11.42,0.693
2024-09-01,CUST-034,Evergreen Stores Ltd.,Platinum,Retail,Managed Cloud,13,13,13,0,100.0,11.03,0.498
2024-09-01,CUST-035,Ridgeline Stores Ltd.,Gold,Retail,Managed Security,3,3,3,0,100.0,1.71,0.12
2024-09-01,CUST-035,Ridgeline Stores Ltd.,Gold,Retail,Business Voice (SIP),53,53,53,3,94.34,19.85,0.447
2024-09-01,CUST-035,Ridgeline Stores Ltd.,Gold,Retail,Dedicated Internet,81,81,81,9,88.89,15.3,0.474
2024-09-01,CUST-035,Ridgeline Stores Ltd.,Gold,Retail,MPLS WAN,22,22,22,1,95.45,22.9,0.435
2024-09-01,CUST-035,Ridgeline Stores Ltd.,Gold,Retail,SD-WAN,57,57,57,2,96.49,20.83,0.494
2024-09-01,CUST-036,Highland College,Platinum,Education,SD-WAN,70,70,70,6,91.43,10.9,0.766
2024-09-01,CUST-036,Highland College,Platinum,Education,Managed Cloud,35,35,35,3,91.43,8.21,0.457
2024-09-01,CUST-036,Highland College,Platinum,Education,Managed Security,22,22,22,0,100.0,5.33,0.356
2024-09-01,CUST-036,Highland College,Platinum,Education,Dedicated Internet,83,83,83,11,86.75,8.39,0.564
2024-09-01,CUST-036,Highland College,Platinum,Education,MPLS WAN,33,33,33,1,96.97,11.15,0.414
2024-09-01,CUST-036,Highland College,Platinum,Education,Business Voice (SIP),86,86,86,10,88.37,15.78,0.764
2024-09-01,CUST-037,Glacier Retail Group,Gold,Retail,Dedicated Internet,88,88,88,11,87.5,23.16,0.576
2024-09-01,CUST-037,Glacier Retail Group,Gold,Retail,SD-WAN,50,50,50,13,74.0,35.33,0.947
2024-09-01,CUST-037,Glacier Retail Group,Gold,Retail,MPLS WAN,47,47,47,10,78.72,28.39,0.672
2024-09-01,CUST-037,Glacier Retail Group,Gold,Retail,Managed Cloud,17,17,17,2,88.24,15.3,0.487
2024-09-01,CUST-037,Glacier Retail Group,Gold,Retail,Business Voice (SIP),54,54,54,12,77.78,31.51,0.671
2024-09-01,CUST-037,Glacier Retail Group,Gold,Retail,Managed Security,17,17,17,3,82.35,21.49,0.615
2024-09-01,CUST-038,Harbour Renewables,Silver,Energy,SD-WAN,25,25,25,3,88.0,40.49,0.641
2024-09-01,CUST-038,Harbour Renewables,Silver,Energy,Managed Security,10,10,10,1,90.0,23.34,0.363
2024-09-01,CUST-038,Harbour Renewables,Silver,Energy,Business Voice (SIP),11,11,11,3,72.73,46.37,0.771
2024-09-01,CUST-038,Harbour Renewables,Silver,Energy,Managed Cloud,9,9,9,1,88.89,10.84,0.517
2024-09-01,CUST-038,Harbour Renewables,Silver,Energy,Dedicated Internet,34,34,34,5,85.29,44.96,0.603
2024-09-01,CUST-038,Harbour Renewables,Silver,Energy,MPLS WAN,23,23,23,1,95.65,32.36,0.539
2024-09-01,CUST-039,Quarry Academy,Silver,Education,Dedicated Internet,65,65,65,4,93.85,22.56,0.395
2024-09-01,CUST-039,Quarry Academy,Silver,Education,Business Voice (SIP),62,62,62,4,93.55,17.76,0.429
2024-09-01,CUST-039,Quarry Academy,Silver,Education,SD-WAN,59,59,59,8,86.44,28.62,0.582
2024-09-01,CUST-039,Quarry Academy,Silver,Education,Managed Cloud,13,13,13,1,92.31,27.78,0.378
2024-09-01,CUST-039,Quarry Academy,Silver,Education,MPLS WAN,31,31,31,1,96.77,25.06,0.657
2024-09-01,CUST-039,Quarry Academy,Silver,Education,Managed Security,18,18,18,1,94.44,16.68,0.371
2024-09-01,CUST-040,Tundra Fabrication,Gold,Manufacturing,MPLS WAN,5,5,5,0,100.0,31.54,0.542
2024-09-01,CUST-040,Tundra Fabrication,Gold,Manufacturing,SD-WAN,16,16,16,3,81.25,21.51,0.569
2024-09-01,CUST-040,Tundra Fabrication,Gold,Manufacturing,Managed Security,13,13,13,1,92.31,27.61,0.47
2024-09-01,CUST-040,Tundra Fabrication,Gold,Manufacturing,Dedicated Internet,42,42,42,4,90.48,16.96,0.587
2024-09-01,CUST-040,Tundra Fabrication,Gold,Manufacturing,Business Voice (SIP),42,42,42,5,88.1,21.6,0.484
2024-09-01,CUST-040,Tundra Fabrication,Gold,Manufacturing,Managed Cloud,18,18,18,0,100.0,12.7,0.316
2024-10-01,CUST-001,Lakeview Health Network,Silver,Healthcare,Managed Security,5,5,5,0,100.0,4.27,0.315
2024-10-01,CUST-001,Lakeview Health Network,Silver,Healthcare,Dedicated Internet,26,26,26,2,92.31,25.33,0.494
2024-10-01,CUST-001,Lakeview Health Network,Silver,Healthcare,SD-WAN,2,2,2,0,100.0,66.07,0.643
2024-10-01,CUST-001,Lakeview Health Network,Silver,Healthcare,Business Voice (SIP),58,58,58,32,44.83,28.02,1.645
2024-10-01,CUST-001,Lakeview Health Network,Silver,Healthcare,MPLS WAN,31,31,31,1,96.77,28.31,0.492
2024-10-01,CUST-001,Lakeview Health Network,Silver,Healthcare,Managed Cloud,6,6,6,0,100.0,22.59,0.305
2024-10-01,CUST-002,Westgate Care Group,Silver,Healthcare,Dedicated Internet,3,3,3,0,100.0,34.78,0.457
2024-10-01,CUST-002,Westgate Care Group,Silver,Healthcare,MPLS WAN,4,4,4,0,100.0,24.56,0.606
2024-10-01,CUST-002,Westgate Care Group,Silver,Healthcare,SD-WAN,7,7,7,1,85.71,13.98,0.553
2024-10-01,CUST-002,Westgate Care Group,Silver,Healthcare,Business Voice (SIP),1,1,1,1,0.0,155.7,1.298
2024-10-01,CUST-002,Westgate Care Group,Silver,Healthcare,Managed Security,3,3,3,0,100.0,9.09,0.374
2024-10-01,CUST-002,Westgate Care Group,Silver,Healthcare,Managed Cloud,13,13,13,0,100.0,23.77,0.281
2024-10-01,CUST-003,Juniper Polytechnic,Platinum,Education,MPLS WAN,22,22,22,5,77.27,14.75,0.797
2024-10-01,CUST-003,Juniper Polytechnic,Platinum,Education,Business Voice (SIP),141,141,141,59,58.16,11.22,1.284
2024-10-01,CUST-003,Juniper Polytechnic,Platinum,Education,Dedicated Internet,129,129,129,16,87.6,12.4,0.609
2024-10-01,CUST-003,Juniper Polytechnic,Platinum,Education,SD-WAN,121,121,121,33,72.73,18.38,1.032
2024-10-01,CUST-003,Juniper Polytechnic,Platinum,Education,Managed Cloud,30,30,30,3,90.0,17.78,0.559
2024-10-01,CUST-003,Juniper Polytechnic,Platinum,Education,Managed Security,44,44,44,3,93.18,9.43,0.561
2024-10-01,CUST-004,Heritage College,Bronze,Education,MPLS WAN,5,5,5,0,100.0,25.83,0.38
2024-10-01,CUST-004,Heritage College,Bronze,Education,Managed Cloud,16,16,16,2,87.5,38.83,0.633
2024-10-01,CUST-004,Heritage College,Bronze,Education,SD-WAN,31,31,31,7,77.42,67.76,0.814
2024-10-01,CUST-004,Heritage College,Bronze,Education,Dedicated Internet,30,30,30,10,66.67,53.82,0.905
2024-10-01,CUST-004,Heritage College,Bronze,Education,Managed Security,22,22,22,4,81.82,58.85,0.615
2024-10-01,CUST-005,Bluewater Health Network,Silver,Healthcare,Managed Security,11,11,11,1,90.91,20.7,0.384
2024-10-01,CUST-005,Bluewater Health Network,Silver,Healthcare,SD-WAN,28,28,28,5,82.14,19.64,0.641
2024-10-01,CUST-005,Bluewater Health Network,Silver,Healthcare,Dedicated Internet,10,10,10,0,100.0,24.0,0.35
2024-10-01,CUST-005,Bluewater Health Network,Silver,Healthcare,Business Voice (SIP),96,96,96,39,59.38,29.15,1.065
2024-10-01,CUST-006,Northshore Utilities,Silver,Public Sector,Dedicated Internet,35,35,35,3,91.43,38.59,0.59
2024-10-01,CUST-006,Northshore Utilities,Silver,Public Sector,Business Voice (SIP),62,62,62,24,61.29,37.68,1.0
2024-10-01,CUST-006,Northshore Utilities,Silver,Public Sector,Managed Security,5,5,5,0,100.0,24.42,0.445
2024-10-01,CUST-006,Northshore Utilities,Silver,Public Sector,MPLS WAN,6,6,6,1,83.33,37.98,0.629
2024-10-01,CUST-006,Northshore Utilities,Silver,Public Sector,SD-WAN,30,30,30,7,76.67,42.71,0.688
2024-10-01,CUST-007,Ashford Renewables,Bronze,Energy,Dedicated Internet,19,19,19,1,94.74,37.98,0.526
2024-10-01,CUST-007,Ashford Renewables,Bronze,Energy,SD-WAN,7,7,7,3,57.14,36.87,1.105
2024-10-01,CUST-007,Ashford Renewables,Bronze,Energy,Managed Cloud,11,11,11,2,81.82,42.81,0.808
2024-10-01,CUST-007,Ashford Renewables,Bronze,Energy,Business Voice (SIP),9,9,9,2,77.78,96.67,0.661
2024-10-01,CUST-007,Ashford Renewables,Bronze,Energy,Managed Security,13,13,13,0,100.0,32.14,0.371
2024-10-01,CUST-008,Maple College,Gold,Education,SD-WAN,41,41,41,4,90.24,19.86,0.527
2024-10-01,CUST-008,Maple College,Gold,Education,Business Voice (SIP),22,22,22,1,95.45,16.9,0.429
2024-10-01,CUST-008,Maple College,Gold,Education,Managed Security,12,12,12,2,83.33,25.62,0.649
2024-10-01,CUST-008,Maple College,Gold,Education,MPLS WAN,24,24,24,3,87.5,24.93,0.899
2024-10-01,CUST-008,Maple College,Gold,Education,Dedicated Internet,50,50,50,3,94.0,21.56,0.488
2024-10-01,CUST-008,Maple College,Gold,Education,Managed Cloud,18,18,18,1,94.44,12.45,0.306
2024-10-01,CUST-009,Dominion Outfitters,Silver,Retail,Managed Cloud,8,8,8,1,87.5,13.27,0.454
2024-10-01,CUST-009,Dominion Outfitters,Silver,Retail,Managed Security,8,8,8,0,100.0,22.6,0.29
2024-10-01,CUST-009,Dominion Outfitters,Silver,Retail,Dedicated Internet,13,13,13,0,100.0,15.66,0.363
2024-10-01,CUST-009,Dominion Outfitters,Silver,Retail,Business Voice (SIP),119,119,119,51,57.14,32.43,1.22
2024-10-01,CUST-009,Dominion Outfitters,Silver,Retail,SD-WAN,10,10,10,1,90.0,35.67,0.595
2024-10-01,CUST-009,Dominion Outfitters,Silver,Retail,MPLS WAN,5,5,5,1,80.0,17.49,0.442
2024-10-01,CUST-010,Lighthouse Manufacturing,Gold,Manufacturing,MPLS WAN,50,50,50,4,92.0,23.17,0.5
2024-10-01,CUST-010,Lighthouse Manufacturing,Gold,Manufacturing,Managed Cloud,27,27,27,1,96.3,13.7,0.396
2024-10-01,CUST-010,Lighthouse Manufacturing,Gold,Manufacturing,Dedicated Internet,32,32,32,8,75.0,19.5,0.619
2024-10-01,CUST-010,Lighthouse Manufacturing,Gold,Manufacturing,Managed Security,10,10,10,0,100.0,11.5,0.334
2024-10-01,CUST-010,Lighthouse Manufacturing,Gold,Manufacturing,SD-WAN,54,54,54,6,88.89,23.74,0.559
2024-10-01,CUST-010,Lighthouse Manufacturing,Gold,Manufacturing,Business Voice (SIP),140,140,140,49,65.0,15.23,1.106
2024-10-01,CUST-011,Prairie Health Network,Silver,Healthcare,Dedicated Internet,27,27,27,3,88.89,14.69,0.455
2024-10-01,CUST-011,Prairie Health Network,Silver,Healthcare,Managed Security,8,8,8,0,100.0,39.93,0.413
2024-10-01,CUST-011,Prairie Health Network,Silver,Healthcare,MPLS WAN,12,12,12,0,100.0,19.31,0.336
2024-10-01,CUST-011,Prairie Health Network,Silver,Healthcare,Managed Cloud,16,16,16,3,81.25,26.97,0.635
2024-10-01,CUST-011,Prairie Health Network,Silver,Healthcare,Business Voice (SIP),49,49,49,28,42.86,27.07,1.253
2024-10-01,CUST-011,Prairie Health Network,Silver,Healthcare,SD-WAN,41,41,41,5,87.8,34.4,0.568
2024-10-01,CUST-012,Pioneer Freight Lines,Silver,Logistics,Business Voice (SIP),65,65,65,13,80.0,41.58,0.797
2024-10-01,CUST-012,Pioneer Freight Lines,Silver,Logistics,Managed Cloud,14,14,14,1,92.86,30.22,0.593
2024-10-01,CUST-012,Pioneer Freight Lines,Silver,Logistics,SD-WAN,76,76,76,18,76.32,48.44,0.834
2024-10-01,CUST-012,Pioneer Freight Lines,Silver,Logistics,Dedicated Internet,25,25,25,4,84.0,38.05,0.723
2024-10-01,CUST-012,Pioneer Freight Lines,Silver,Logistics,Managed Security,12,12,12,2,83.33,44.17,0.676
2024-10-01,CUST-013,Nordic School Board,Gold,Public Sector,SD-WAN,38,38,38,5,86.84,24.65,0.555
2024-10-01,CUST-013,Nordic School Board,Gold,Public Sector,Business Voice (SIP),22,22,22,3,86.36,22.48,0.582
2024-10-01,CUST-013,Nordic School Board,Gold,Public Sector,Dedicated Internet,31,31,31,5,83.87,28.58,0.54
2024-10-01,CUST-013,Nordic School Board,Gold,Public Sector,Managed Cloud,48,48,48,2,95.83,17.25,0.472
2024-10-01,CUST-013,Nordic School Board,Gold,Public Sector,Managed Security,29,29,29,4,86.21,17.07,0.533
2024-10-01,CUST-013,Nordic School Board,Gold,Public Sector,MPLS WAN,16,16,16,1,93.75,17.04,0.626
2024-10-01,CUST-014,Riverbend Polytechnic,Platinum,Education,SD-WAN,134,134,134,31,76.87,14.45,0.771
2024-10-01,CUST-014,Riverbend Polytechnic,Platinum,Education,Managed Cloud,52,52,52,5,90.38,8.81,0.542
2024-10-01,CUST-014,Riverbend Polytechnic,Platinum,Education,Dedicated Internet,72,72,72,6,91.67,15.72,0.574
2024-10-01,CUST-014,Riverbend Polytechnic,Platinum,Education,Managed Security,16,16,16,0,100.0,6.69,0.426
2024-10-01,CUST-014,Riverbend Polytechnic,Platinum,Education,MPLS WAN,25,25,25,4,84.0,15.69,0.96
2024-10-01,CUST-014,Riverbend Polytechnic,Platinum,Education,Business Voice (SIP),106,106,106,16,84.91,12.86,0.696
2024-10-01,CUST-015,Aurora Pharmacies,Platinum,Healthcare,Managed Cloud,56,56,56,2,96.43,11.3,0.435
2024-10-01,CUST-015,Aurora Pharmacies,Platinum,Healthcare,SD-WAN,134,134,134,25,81.34,12.46,0.807
2024-10-01,CUST-015,Aurora Pharmacies,Platinum,Healthcare,Business Voice (SIP),235,235,235,112,52.34,10.46,1.592
2024-10-01,CUST-015,Aurora Pharmacies,Platinum,Healthcare,Dedicated Internet,122,122,122,7,94.26,8.6,0.467
2024-10-01,CUST-015,Aurora Pharmacies,Platinum,Healthcare,Managed Security,29,29,29,4,86.21,6.62,0.583
2024-10-01,CUST-016,Redwood Learning Trust,Silver,Education,Business Voice (SIP),14,14,14,2,85.71,22.88,0.55
2024-10-01,CUST-016,Redwood Learning Trust,Silver,Education,MPLS WAN,3,3,3,0,100.0,5.99,0.246
2024-10-01,CUST-016,Redwood Learning Trust,Silver,Education,Managed Cloud,21,21,21,0,100.0,19.37,0.375
2024-10-01,CUST-016,Redwood Learning Trust,Silver,Education,Managed Security,13,13,13,1,92.31,22.43,0.467
2024-10-01,CUST-016,Redwood Learning Trust,Silver,Education,SD-WAN,36,36,36,3,91.67,28.19,0.443
2024-10-01,CUST-016,Redwood Learning Trust,Silver,Education,Dedicated Internet,30,30,30,2,93.33,25.46,0.462
2024-10-01,CUST-017,Coastal Energy,Gold,Energy,Dedicated Internet,56,56,56,5,91.07,19.38,0.537
2024-10-01,CUST-017,Coastal Energy,Gold,Energy,Managed Security,9,9,9,1,88.89,20.96,0.441
2024-10-01,CUST-017,Coastal Energy,Gold,Energy,MPLS WAN,20,20,20,2,90.0,14.01,0.567
2024-10-01,CUST-017,Coastal Energy,Gold,Energy,Business Voice (SIP),33,33,33,5,84.85,18.52,0.805
2024-10-01,CUST-017,Coastal Energy,Gold,Energy,SD-WAN,39,39,39,7,82.05,22.57,0.676
2024-10-01,CUST-017,Coastal Energy,Gold,Energy,Managed Cloud,9,9,9,1,88.89,16.38,0.416
2024-10-01,CUST-018,Granite Power Co-op,Gold,Energy,Managed Security,38,38,38,2,94.74,21.24,0.429
2024-10-01,CUST-018,Granite Power Co-op,Gold,Energy,Business Voice (SIP),245,245,245,117,52.24,16.75,1.353
2024-10-01,CUST-018,Granite Power Co-op,Gold,Energy,Dedicated Internet,21,21,21,6,71.43,26.84,0.652
2024-10-01,CUST-018,Granite Power Co-op,Gold,Energy,Managed Cloud,14,14,14,0,100.0,16.27,0.353
2024-10-01,CUST-018,Granite Power Co-op,Gold,Energy,SD-WAN,58,58,58,8,86.21,19.27,0.641
2024-10-01,CUST-018,Granite Power Co-op,Gold,Energy,MPLS WAN,59,59,59,11,81.36,20.77,0.56
2024-10-01,CUST-019,Stonebridge Regional Authority,Gold,Public Sector,SD-WAN,57,57,57,5,91.23,18.17,0.515
2024-10-01,CUST-019,Stonebridge Regional Authority,Gold,Public Sector,MPLS WAN,66,66,66,7,89.39,21.96,0.542
2024-10-01,CUST-019,Stonebridge Regional Authority,Gold,Public Sector,Business Voice (SIP),147,147,147,64,56.46,16.45,1.249
2024-10-01,CUST-019,Stonebridge Regional Authority,Gold,Public Sector,Managed Cloud,22,22,22,3,86.36,22.4,0.474
2024-10-01,CUST-019,Stonebridge Regional Authority,Gold,Public Sector,Dedicated Internet,52,52,52,7,86.54,16.62,0.58
2024-10-01,CUST-019,Stonebridge Regional Authority,Gold,Public Sector,Managed Security,33,33,33,2,93.94,11.82,0.411
2024-10-01,CUST-020,Orchard Distribution,Silver,Logistics,MPLS WAN,3,3,3,2,33.33,81.44,1.03
2024-10-01,CUST-020,Orchard Distribution,Silver,Logistics,Managed Cloud,6,6,6,1,83.33,35.96,0.526
2024-10-01,CUST-020,Orchard Distribution,Silver,Logistics,Business Voice (SIP),23,23,23,6,73.91,59.6,0.901
2024-10-01,CUST-020,Orchard Distribution,Silver,Logistics,Dedicated Internet,34,34,34,4,88.24,28.26,0.521
2024-10-01,CUST-020,Orchard Distribution,Silver,Logistics,Managed Security,5,5,5,0,100.0,25.04,0.31
2024-10-01,CUST-021,Keystone Distribution,Gold,Logistics,Dedicated Internet,72,72,72,4,94.44,15.69,0.487
2024-10-01,CUST-021,Keystone Distribution,Gold,Logistics,MPLS WAN,20,20,20,1,95.0,15.24,0.444
2024-10-01,CUST-021,Keystone Distribution,Gold,Logistics,Business Voice (SIP),219,219,219,124,43.38,20.2,1.635
2024-10-01,CUST-021,Keystone Distribution,Gold,Logistics,Managed Cloud,41,41,41,5,87.8,24.06,0.564
2024-10-01,CUST-021,Keystone Distribution,Gold,Logistics,Managed Security,44,44,44,3,93.18,13.76,0.379
2024-10-01,CUST-021,Keystone Distribution,Gold,Logistics,SD-WAN,113,113,113,14,87.61,19.71,0.58
2024-10-01,CUST-022,Ironwood Health Network,Silver,Healthcare,Business Voice (SIP),58,58,58,28,51.72,26.83,1.183
2024-10-01,CUST-022,Ironwood Health Network,Silver,Healthcare,Dedicated Internet,27,27,27,4,85.19,31.0,0.585
2024-10-01,CUST-022,Ironwood Health Network,Silver,Healthcare,MPLS WAN,4,4,4,0,100.0,28.78,0.315
2024-10-01,CUST-022,Ironwood Health Network,Silver,Healthcare,SD-WAN,27,27,27,7,74.07,24.14,0.641
2024-10-01,CUST-022,Ironwood Health Network,Silver,Healthcare,Managed Cloud,17,17,17,1,94.12,13.89,0.377
2024-10-01,CUST-023,Silverline Learning Trust,Bronze,Education,SD-WAN,34,34,34,7,79.41,45.18,0.636
2024-10-01,CUST-023,Silverline Learning Trust,Bronze,Education,Business Voice (SIP),20,20,20,4,80.0,36.34,0.592
2024-10-01,CUST-023,Silverline Learning Trust,Bronze,Education,Managed Cloud,37,37,37,4,89.19,45.05,0.54
2024-10-01,CUST-023,Silverline Learning Trust,Bronze,Education,Managed Security,18,18,18,0,100.0,27.44,0.338
2024-10-01,CUST-023,Silverline Learning Trust,Bronze,Education,MPLS WAN,13,13,13,2,84.62,56.22,0.642
2024-10-01,CUST-023,Silverline Learning Trust,Bronze,Education,Dedicated Internet,33,33,33,4,87.88,37.48,0.619
2024-10-01,CUST-024,Cascadia Academy,Gold,Education,MPLS WAN,10,10,10,5,50.0,50.61,1.12
2024-10-01,CUST-024,Cascadia Academy,Gold,Education,Business Voice (SIP),82,82,82,22,73.17,34.97,0.791
2024-10-01,CUST-024,Cascadia Academy,Gold,Education,Dedicated Internet,99,99,99,20,79.8,25.86,0.805
2024-10-01,CUST-024,Cascadia Academy,Gold,Education,SD-WAN,22,22,22,3,86.36,17.99,0.665
2024-10-01,CUST-024,Cascadia Academy,Gold,Education,Managed Cloud,52,52,52,9,82.69,17.07,0.701
2024-10-01,CUST-024,Cascadia Academy,Gold,Education,Managed Security,28,28,28,4,85.71,22.82,0.807
2024-10-01,CUST-025,Cedar Marketplaces,Bronze,Retail,SD-WAN,17,17,17,5,70.59,83.05,0.922
2024-10-01,CUST-025,Cedar Marketplaces,Bronze,Retail,MPLS WAN,10,10,10,3,70.0,67.1,0.957
2024-10-01,CUST-026,Frontier Freight Lines,Gold,Logistics,SD-WAN,65,65,65,12,81.54,24.76,0.672
2024-10-01,CUST-026,Frontier Freight Lines,Gold,Logistics,Managed Security,16,16,16,1,93.75,19.46,0.443
2024-10-01,CUST-026,Frontier Freight Lines,Gold,Logistics,MPLS WAN,4,4,4,1,75.0,19.06,0.545
2024-10-01,CUST-026,Frontier Freight Lines,Gold,Logistics,Business Voice (SIP),70,70,70,9,87.14,18.2,0.574
2024-10-01,CUST-026,Frontier Freight Lines,Gold,Logistics,Dedicated Internet,84,84,84,4,95.24,18.86,0.476
2024-10-01,CUST-026,Frontier Freight Lines,Gold,Logistics,Managed Cloud,54,54,54,5,90.74,17.29,0.427
2024-10-01,CUST-027,Trillium Medical Centres,Bronze,Healthcare,Dedicated Internet,30,30,30,8,73.33,69.68,0.895
2024-10-01,CUST-027,Trillium Medical Centres,Bronze,Healthcare,Business Voice (SIP),13,13,13,4,69.23,64.38,0.964
2024-10-01,CUST-027,Trillium Medical Centres,Bronze,Healthcare,Managed Cloud,14,14,14,2,85.71,48.5,0.591
2024-10-01,CUST-027,Trillium Medical Centres,Bronze,Healthcare,Managed Security,24,24,24,3,87.5,63.89,0.6
2024-10-01,CUST-028,Beacon Pipelines,Bronze,Energy,Dedicated Internet,24,24,24,6,75.0,73.16,0.933
2024-10-01,CUST-028,Beacon Pipelines,Bronze,Energy,Managed Cloud,12,12,12,4,66.67,58.9,0.805
2024-10-01,CUST-028,Beacon Pipelines,Bronze,Energy,Managed Security,13,13,13,0,100.0,52.49,0.486
2024-10-01,CUST-028,Beacon Pipelines,Bronze,Energy,SD-WAN,9,9,9,2,77.78,94.68,0.826
2024-10-01,CUST-028,Beacon Pipelines,Bronze,Energy,MPLS WAN,4,4,4,2,50.0,114.13,0.852
2024-10-01,CUST-029,Pinecrest Energy,Bronze,Energy,Business Voice (SIP),2,2,2,0,100.0,19.92,0.266
2024-10-01,CUST-029,Pinecrest Energy,Bronze,Energy,Dedicated Internet,8,8,8,0,100.0,37.9,0.592
2024-10-01,CUST-029,Pinecrest Energy,Bronze,Energy,SD-WAN,8,8,8,3,62.5,53.95,0.884
2024-10-01,CUST-030,Summit Retail Group,Platinum,Retail,Dedicated Internet,84,84,84,3,96.43,7.64,0.392
2024-10-01,CUST-030,Summit Retail Group,Platinum,Retail,Managed Security,54,54,54,1,98.15,5.2,0.334
2024-10-01,CUST-030,Summit Retail Group,Platinum,Retail,SD-WAN,138,138,138,22,84.06,11.42,0.654
2024-10-01,CUST-030,Summit Retail Group,Platinum,Retail,Managed Cloud,45,45,45,1,97.78,6.55,0.327
2024-10-01,CUST-030,Summit Retail Group,Platinum,Retail,MPLS WAN,50,50,50,3,94.0,11.39,0.433
2024-10-01,CUST-030,Summit Retail Group,Platinum,Retail,Business Voice (SIP),194,194,194,42,78.35,6.93,0.808
2024-10-01,CUST-031,Crestview Pipelines,Silver,Energy,Managed Security,4,4,4,1,75.0,30.28,0.534
2024-10-01,CUST-031,Crestview Pipelines,Silver,Energy,Business Voice (SIP),11,11,11,0,100.0,38.25,0.515
2024-10-01,CUST-031,Crestview Pipelines,Silver,Energy,Dedicated Internet,16,16,16,2,87.5,25.51,0.501
2024-10-01,CUST-031,Crestview Pipelines,Silver,Energy,Managed Cloud,8,8,8,2,75.0,12.46,0.515
2024-10-01,CUST-031,Crestview Pipelines,Silver,Energy,SD-WAN,28,28,28,5,82.14,25.28,0.535
2024-10-01,CUST-032,Meridian Distribution,Platinum,Logistics,Managed Security,63,63,63,4,93.65,9.29,0.39
2024-10-01,CUST-032,Meridian Distribution,Platinum,Logistics,Dedicated Internet,105,105,105,7,93.33,9.19,0.416
2024-10-01,CUST-032,Meridian Distribution,Platinum,Logistics,MPLS WAN,14,14,14,2,85.71,14.75,0.62
2024-10-01,CUST-032,Meridian Distribution,Platinum,Logistics,Managed Cloud,11,11,11,3,72.73,18.55,1.049
2024-10-01,CUST-032,Meridian Distribution,Platinum,Logistics,Business Voice (SIP),176,176,176,30,82.95,11.99,0.702
2024-10-01,CUST-032,Meridian Distribution,Platinum,Logistics,SD-WAN,121,121,121,16,86.78,9.94,0.572
2024-10-01,CUST-033,Boreal Retail Group,Gold,Retail,Dedicated Internet,39,39,39,5,87.18,16.75,0.511
2024-10-01,CUST-033,Boreal Retail Group,Gold,Retail,Managed Security,26,26,26,1,96.15,13.32,0.318
2024-10-01,CUST-033,Boreal Retail Group,Gold,Retail,SD-WAN,68,68,68,8,88.24,18.7,0.514
2024-10-01,CUST-033,Boreal Retail Group,Gold,Retail,MPLS WAN,40,40,40,1,97.5,16.31,0.439
2024-10-01,CUST-033,Boreal Retail Group,Gold,Retail,Business Voice (SIP),102,102,102,18,82.35,13.27,0.778
2024-10-01,CUST-033,Boreal Retail Group,Gold,Retail,Managed Cloud,29,29,29,3,89.66,14.72,0.486
2024-10-01,CUST-034,Evergreen Stores Ltd.,Platinum,Retail,MPLS WAN,17,17,17,5,70.59,15.12,1.938
2024-10-01,CUST-034,Evergreen Stores Ltd.,Platinum,Retail,SD-WAN,70,70,70,14,80.0,14.67,0.723
2024-10-01,CUST-034,Evergreen Stores Ltd.,Platinum,Retail,Dedicated Internet,66,66,66,11,83.33,10.88,0.756
2024-10-01,CUST-034,Evergreen Stores Ltd.,Platinum,Retail,Managed Cloud,13,13,13,1,92.31,12.47,0.702
2024-10-01,CUST-034,Evergreen Stores Ltd.,Platinum,Retail,Managed Security,28,28,28,1,96.43,8.29,0.51
2024-10-01,CUST-034,Evergreen Stores Ltd.,Platinum,Retail,Business Voice (SIP),75,75,75,11,85.33,10.31,0.609
2024-10-01,CUST-035,Ridgeline Stores Ltd.,Gold,Retail,Dedicated Internet,86,86,86,5,94.19,17.26,0.487
2024-10-01,CUST-035,Ridgeline Stores Ltd.,Gold,Retail,Business Voice (SIP),95,95,95,28,70.53,14.87,0.925
2024-10-01,CUST-035,Ridgeline Stores Ltd.,Gold,Retail,SD-WAN,64,64,64,6,90.63,16.0,0.509
2024-10-01,CUST-035,Ridgeline Stores Ltd.,Gold,Retail,Managed Security,3,3,3,0,100.0,16.38,0.395
2024-10-01,CUST-035,Ridgeline Stores Ltd.,Gold,Retail,MPLS WAN,31,31,31,3,90.32,18.71,0.48
2024-10-01,CUST-036,Highland College,Platinum,Education,Dedicated Internet,84,84,84,7,91.67,8.97,0.52
2024-10-01,CUST-036,Highland College,Platinum,Education,Managed Cloud,33,33,33,5,84.85,8.97,0.496
2024-10-01,CUST-036,Highland College,Platinum,Education,Business Voice (SIP),137,137,137,46,66.42,10.06,1.124
2024-10-01,CUST-036,Highland College,Platinum,Education,SD-WAN,71,71,71,8,88.73,12.1,0.615
2024-10-01,CUST-036,Highland College,Platinum,Education,Managed Security,21,21,21,1,95.24,5.73,0.319
2024-10-01,CUST-036,Highland College,Platinum,Education,MPLS WAN,38,38,38,6,84.21,11.47,0.68
2024-10-01,CUST-037,Glacier Retail Group,Gold,Retail,SD-WAN,54,54,54,8,85.19,21.38,0.806
2024-10-01,CUST-037,Glacier Retail Group,Gold,Retail,Business Voice (SIP),113,113,113,58,48.67,19.21,1.353
2024-10-01,CUST-037,Glacier Retail Group,Gold,Retail,Dedicated Internet,87,87,87,17,80.46,25.38,0.663
2024-10-01,CUST-037,Glacier Retail Group,Gold,Retail,Managed Cloud,21,21,21,2,90.48,19.28,0.679
2024-10-01,CUST-037,Glacier Retail Group,Gold,Retail,MPLS WAN,45,45,45,7,84.44,24.71,0.752
2024-10-01,CUST-037,Glacier Retail Group,Gold,Retail,Managed Security,15,15,15,3,80.0,29.33,0.631
2024-10-01,CUST-038,Harbour Renewables,Silver,Energy,Dedicated Internet,55,55,55,9,83.64,35.06,0.742
2024-10-01,CUST-038,Harbour Renewables,Silver,Energy,Managed Cloud,4,4,4,0,100.0,50.42,0.595
2024-10-01,CUST-038,Harbour Renewables,Silver,Energy,Business Voice (SIP),12,12,12,1,91.67,33.14,0.591
2024-10-01,CUST-038,Harbour Renewables,Silver,Energy,Managed Security,11,11,11,1,90.91,23.36,0.355
2024-10-01,CUST-038,Harbour Renewables,Silver,Energy,SD-WAN,19,19,19,3,84.21,32.87,0.59
2024-10-01,CUST-038,Harbour Renewables,Silver,Energy,MPLS WAN,28,28,28,5,82.14,33.12,0.597
2024-10-01,CUST-039,Quarry Academy,Silver,Education,SD-WAN,63,63,63,9,85.71,24.74,0.561
2024-10-01,CUST-039,Quarry Academy,Silver,Education,Business Voice (SIP),301,301,301,126,58.14,25.88,1.196
2024-10-01,CUST-039,Quarry Academy,Silver,Education,MPLS WAN,19,19,19,0,100.0,16.18,0.313
2024-10-01,CUST-039,Quarry Academy,Silver,Education,Dedicated Internet,59,59,59,0,100.0,24.55,0.373
2024-10-01,CUST-039,Quarry Academy,Silver,Education,Managed Security,6,6,6,0,100.0,6.93,0.207
2024-10-01,CUST-039,Quarry Academy,Silver,Education,Managed Cloud,14,14,14,2,85.71,25.62,0.407
2024-10-01,CUST-040,Tundra Fabrication,Gold,Manufacturing,SD-WAN,11,11,11,3,72.73,16.37,0.659
2024-10-01,CUST-040,Tundra Fabrication,Gold,Manufacturing,MPLS WAN,1,1,1,0,100.0,41.59,0.866
2024-10-01,CUST-040,Tundra Fabrication,Gold,Manufacturing,Managed Cloud,26,26,26,3,88.46,14.82,0.64
2024-10-01,CUST-040,Tundra Fabrication,Gold,Manufacturing,Business Voice (SIP),91,91,91,37,59.34,20.75,1.485
2024-10-01,CUST-040,Tundra Fabrication,Gold,Manufacturing,Managed Security,8,8,8,1,87.5,9.42,0.667
2024-10-01,CUST-040,Tundra Fabrication,Gold,Manufacturing,Dedicated Internet,55,55,55,10,81.82,17.98,0.607
2024-11-01,CUST-001,Lakeview Health Network,Silver,Healthcare,Managed Security,4,4,4,0,100.0,10.12,0.178
2024-11-01,CUST-001,Lakeview Health Network,Silver,Healthcare,Dedicated Internet,29,29,29,4,86.21,24.57,0.442
2024-11-01,CUST-001,Lakeview Health Network,Silver,Healthcare,MPLS WAN,15,15,15,5,66.67,21.85,0.742
2024-11-01,CUST-001,Lakeview Health Network,Silver,Healthcare,Business Voice (SIP),11,11,11,2,81.82,10.72,0.678
2024-11-01,CUST-001,Lakeview Health Network,Silver,Healthcare,SD-WAN,9,9,9,0,100.0,34.89,0.457
2024-11-01,CUST-001,Lakeview Health Network,Silver,Healthcare,Managed Cloud,7,7,7,1,85.71,25.55,0.488
2024-11-01,CUST-002,Westgate Care Group,Silver,Healthcare,Dedicated Internet,5,5,5,3,40.0,50.07,1.26
2024-11-01,CUST-002,Westgate Care Group,Silver,Healthcare,MPLS WAN,4,4,4,0,100.0,43.83,0.554
2024-11-01,CUST-002,Westgate Care Group,Silver,Healthcare,Managed Cloud,13,13,13,0,100.0,29.11,0.433
2024-11-01,CUST-002,Westgate Care Group,Silver,Healthcare,SD-WAN,7,7,7,2,71.43,11.58,0.72
2024-11-01,CUST-002,Westgate Care Group,Silver,Healthcare,Managed Security,2,2,2,0,100.0,16.35,0.41
2024-11-01,CUST-002,Westgate Care Group,Silver,Healthcare,Business Voice (SIP),5,5,5,1,80.0,50.73,1.061
2024-11-01,CUST-003,Juniper Polytechnic,Platinum,Education,Dedicated Internet,116,116,116,15,87.07,15.54,0.706
2024-11-01,CUST-003,Juniper Polytechnic,Platinum,Education,SD-WAN,89,89,89,19,78.65,19.11,0.771
2024-11-01,CUST-003,Juniper Polytechnic,Platinum,Education,MPLS WAN,40,40,40,6,85.0,10.29,0.575
2024-11-01,CUST-003,Juniper Polytechnic,Platinum,Education,Managed Cloud,26,26,26,8,69.23,10.13,1.18
2024-11-01,CUST-003,Juniper Polytechnic,Platinum,Education,Business Voice (SIP),70,70,70,15,78.57,12.65,0.752
2024-11-01,CUST-003,Juniper Polytechnic,Platinum,Education,Managed Security,46,46,46,6,86.96,12.42,0.517
2024-11-01,CUST-004,Heritage College,Bronze,Education,Managed Security,13,13,13,2,84.62,37.14,0.626
2024-11-01,CUST-004,Heritage College,Bronze,Education,MPLS WAN,3,3,3,1,66.67,23.36,0.752
2024-11-01,CUST-004,Heritage College,Bronze,Education,Dedicated Internet,28,28,28,5,82.14,69.54,0.688
2024-11-01,CUST-004,Heritage College,Bronze,Education,Managed Cloud,13,13,13,3,76.92,58.81,0.728
2024-11-01,CUST-004,Heritage College,Bronze,Education,SD-WAN,30,30,30,2,93.33,62.52,0.613
2024-11-01,CUST-005,Bluewater Health Network,Silver,Healthcare,Managed Security,14,14,14,2,85.71,23.73,0.592
2024-11-01,CUST-005,Bluewater Health Network,Silver,Healthcare,Business Voice (SIP),35,35,35,5,85.71,32.41,0.575
2024-11-01,CUST-005,Bluewater Health Network,Silver,Healthcare,Dedicated Internet,2,2,2,0,100.0,13.57,0.189
2024-11-01,CUST-005,Bluewater Health Network,Silver,Healthcare,SD-WAN,24,24,24,2,91.67,19.4,0.5
2024-11-01,CUST-006,Northshore Utilities,Silver,Public Sector,MPLS WAN,5,5,5,1,80.0,47.74,0.7
2024-11-01,CUST-006,Northshore Utilities,Silver,Public Sector,SD-WAN,24,24,24,5,79.17,48.24,0.664
2024-11-01,CUST-006,Northshore Utilities,Silver,Public Sector,Dedicated Internet,27,27,27,4,85.19,28.86,0.499
2024-11-01,CUST-006,Northshore Utilities,Silver,Public Sector,Business Voice (SIP),50,50,50,4,92.0,23.82,0.421
2024-11-01,CUST-006,Northshore Utilities,Silver,Public Sector,Managed Security,10,10,10,1,90.0,19.69,0.346
2024-11-01,CUST-007,Ashford Renewables,Bronze,Energy,Managed Security,13,13,13,3,76.92,30.41,0.538
2024-11-01,CUST-007,Ashford Renewables,Bronze,Energy,Managed Cloud,15,15,15,0,100.0,32.78,0.453
2024-11-01,CUST-007,Ashford Renewables,Bronze,Energy,Dedicated Internet,15,15,15,3,80.0,48.74,0.681
2024-11-01,CUST-007,Ashford Renewables,Bronze,Energy,Business Voice (SIP),6,6,6,1,83.33,34.32,0.591
2024-11-01,CUST-007,Ashford Renewables,Bronze,Energy,SD-WAN,20,20,20,8,60.0,51.02,0.906
2024-11-01,CUST-008,Maple College,Gold,Education,Managed Cloud,29,29,29,0,100.0,10.14,0.31
2024-11-01,CUST-008,Maple College,Gold,Education,Managed Security,11,11,11,0,100.0,22.38,0.386
2024-11-01,CUST-008,Maple College,Gold,Education,Dedicated Internet,56,56,56,4,92.86,18.64,0.465
2024-11-01,CUST-008,Maple College,Gold,Education,SD-WAN,34,34,34,6,82.35,21.71,0.674
2024-11-01,CUST-008,Maple College,Gold,Education,MPLS WAN,14,14,14,2,85.71,34.45,0.549
2024-11-01,CUST-008,Maple College,Gold,Education,Business Voice (SIP),34,34,34,3,91.18,10.54,0.663
2024-11-01,CUST-009,Dominion Outfitters,Silver,Retail,Business Voice (SIP),44,44,44,5,88.64,23.01,0.504
2024-11-01,CUST-009,Dominion Outfitters,Silver,Retail,Managed Cloud,8,8,8,0,100.0,18.23,0.298
2024-11-01,CUST-009,Dominion Outfitters,Silver,Retail,SD-WAN,17,17,17,2,88.24,36.76,0.588
2024-11-01,CUST-009,Dominion Outfitters,Silver,Retail,Managed Security,4,4,4,0,100.0,28.58,0.382
2024-11-01,CUST-009,Dominion Outfitters,Silver,Retail,Dedicated Internet,13,13,13,1,92.31,23.78,0.476
2024-11-01,CUST-009,Dominion Outfitters,Silver,Retail,MPLS WAN,1,1,1,0,100.0,17.78,0.148
2024-11-01,CUST-010,Lighthouse Manufacturing,Gold,Manufacturing,Managed Cloud,22,22,22,1,95.45,11.05,0.394
2024-11-01,CUST-010,Lighthouse Manufacturing,Gold,Manufacturing,Business Voice (SIP),35,35,35,4,88.57,20.31,0.485
2024-11-01,CUST-010,Lighthouse Manufacturing,Gold,Manufacturing,Managed Security,14,14,14,0,100.0,8.38,0.39
2024-11-01,CUST-010,Lighthouse Manufacturing,Gold,Manufacturing,SD-WAN,78,78,78,11,85.9,21.64,0.558
2024-11-01,CUST-010,Lighthouse Manufacturing,Gold,Manufacturing,MPLS WAN,37,37,37,1,97.3,18.48,0.476
2024-11-01,CUST-010,Lighthouse Manufacturing,Gold,Manufacturing,Dedicated Internet,31,31,31,7,77.42,16.89,0.617
2024-11-01,CUST-011,Prairie Health Network,Silver,Healthcare,MPLS WAN,19,19,19,7,63.16,36.27,0.885
2024-11-01,CUST-011,Prairie Health Network,Silver,Healthcare,Managed Cloud,13,13,13,1,92.31,39.76,0.485
2024-11-01,CUST-011,Prairie Health Network,Silver,Healthcare,Managed Security,8,8,8,0,100.0,15.73,0.381
2024-11-01,CUST-011,Prairie Health Network,Silver,Healthcare,SD-WAN,35,35,35,7,80.0,36.83,0.607
2024-11-01,CUST-011,Prairie Health Network,Silver,Healthcare,Business Voice (SIP),8,8,8,0,100.0,46.6,0.614
2024-11-01,CUST-011,Prairie Health Network,Silver,Healthcare,Dedicated Internet,39,39,39,2,94.87,22.94,0.399
2024-11-01,CUST-012,Pioneer Freight Lines,Silver,Logistics,Managed Security,4,4,4,0,100.0,58.68,0.603
2024-11-01,CUST-012,Pioneer Freight Lines,Silver,Logistics,SD-WAN,85,85,85,30,64.71,43.33,0.994
2024-11-01,CUST-012,Pioneer Freight Lines,Silver,Logistics,Business Voice (SIP),61,61,61,10,83.61,30.17,0.626
2024-11-01,CUST-012,Pioneer Freight Lines,Silver,Logistics,Managed Cloud,10,10,10,0,100.0,20.42,0.471
2024-11-01,CUST-012,Pioneer Freight Lines,Silver,Logistics,Dedicated Internet,16,16,16,3,81.25,21.76,0.498
2024-11-01,CUST-013,Nordic School Board,Gold,Public Sector,Dedicated Internet,30,30,30,6,80.0,16.55,0.546
2024-11-01,CUST-013,Nordic School Board,Gold,Public Sector,SD-WAN,40,40,40,6,85.0,29.72,0.638
2024-11-01,CUST-013,Nordic School Board,Gold,Public Sector,Managed Security,27,27,27,1,96.3,7.83,0.336
2024-11-01,CUST-013,Nordic School Board,Gold,Public Sector,MPLS WAN,10,10,10,4,60.0,37.7,0.941
2024-11-01,CUST-013,Nordic School Board,Gold,Public Sector,Managed Cloud,46,46,46,2,95.65,18.68,0.442
2024-11-01,CUST-013,Nordic School Board,Gold,Public Sector,Business Voice (SIP),22,22,22,4,81.82,23.49,0.664
2024-11-01,CUST-014,Riverbend Polytechnic,Platinum,Education,SD-WAN,136,136,136,37,72.79,18.37,0.908
2024-11-01,CUST-014,Riverbend Polytechnic,Platinum,Education,MPLS WAN,33,33,33,8,75.76,12.77,0.729
2024-11-01,CUST-014,Riverbend Polytechnic,Platinum,Education,Managed Cloud,30,30,30,0,100.0,7.0,0.419
2024-11-01,CUST-014,Riverbend Polytechnic,Platinum,Education,Dedicated Internet,57,57,57,7,87.72,9.99,0.602
2024-11-01,CUST-014,Riverbend Polytechnic,Platinum,Education,Business Voice (SIP),97,97,97,8,91.75,9.66,0.489
2024-11-01,CUST-014,Riverbend Polytechnic,Platinum,Education,Managed Security,18,18,18,0,100.0,9.44,0.393
2024-11-01,CUST-015,Aurora Pharmacies,Platinum,Healthcare,Dedicated Internet,95,95,95,14,85.26,12.12,0.621
2024-11-01,CUST-015,Aurora Pharmacies,Platinum,Healthcare,Managed Security,26,26,26,1,96.15,9.1,0.429
2024-11-01,CUST-015,Aurora Pharmacies,Platinum,Healthcare,Business Voice (SIP),77,77,77,6,92.21,11.86,0.537
2024-11-01,CUST-015,Aurora Pharmacies,Platinum,Healthcare,Managed Cloud,44,44,44,3,93.18,8.11,0.415
2024-11-01,CUST-015,Aurora Pharmacies,Platinum,Healthcare,SD-WAN,114,114,114,19,83.33,11.78,0.643
2024-11-01,CUST-016,Redwood Learning Trust,Silver,Education,Managed Cloud,25,25,25,1,96.0,30.73,0.416
2024-11-01,CUST-016,Redwood Learning Trust,Silver,Education,SD-WAN,25,25,25,1,96.0,30.69,0.439
2024-11-01,CUST-016,Redwood Learning Trust,Silver,Education,Dedicated Internet,27,27,27,1,96.3,29.48,0.424
2024-11-01,CUST-016,Redwood Learning Trust,Silver,Education,Business Voice (SIP),8,8,8,0,100.0,37.5,0.503
2024-11-01,CUST-016,Redwood Learning Trust,Silver,Education,Managed Security,7,7,7,0,100.0,32.64,0.359
2024-11-01,CUST-016,Redwood Learning Trust,Silver,Education,MPLS WAN,6,6,6,0,100.0,12.11,0.257
2024-11-01,CUST-017,Coastal Energy,Gold,Energy,Business Voice (SIP),46,46,46,8,82.61,30.59,0.692
2024-11-01,CUST-017,Coastal Energy,Gold,Energy,SD-WAN,43,43,43,7,83.72,27.03,0.698
2024-11-01,CUST-017,Coastal Energy,Gold,Energy,MPLS WAN,14,14,14,1,92.86,20.41,0.649
2024-11-01,CUST-017,Coastal Energy,Gold,Energy,Managed Security,11,11,11,0,100.0,8.11,0.292
2024-11-01,CUST-017,Coastal Energy,Gold,Energy,Managed Cloud,17,17,17,0,100.0,12.53,0.318
2024-11-01,CUST-017,Coastal Energy,Gold,Energy,Dedicated Internet,55,55,55,10,81.82,27.47,0.711
2024-11-01,CUST-018,Granite Power Co-op,Gold,Energy,Managed Security,26,26,26,0,100.0,14.41,0.306
2024-11-01,CUST-018,Granite Power Co-op,Gold,Energy,Business Voice (SIP),70,70,70,12,82.86,24.95,0.584
2024-11-01,CUST-018,Granite Power Co-op,Gold,Energy,MPLS WAN,49,49,49,5,89.8,13.92,0.504
2024-11-01,CUST-018,Granite Power Co-op,Gold,Energy,SD-WAN,60,60,60,4,93.33,27.49,0.501
2024-11-01,CUST-018,Granite Power Co-op,Gold,Energy,Dedicated Internet,29,29,29,3,89.66,18.48,0.494
2024-11-01,CUST-018,Granite Power Co-op,Gold,Energy,Managed Cloud,23,23,23,1,95.65,13.32,0.359
2024-11-01,CUST-019,Stonebridge Regional Authority,Gold,Public Sector,Managed Security,37,37,37,1,97.3,13.66,0.388
2024-11-01,CUST-019,Stonebridge Regional Authority,Gold,Public Sector,MPLS WAN,37,37,37,1,97.3,21.76,0.472
2024-11-01,CUST-019,Stonebridge Regional Authority,Gold,Public Sector,Managed Cloud,23,23,23,1,95.65,8.82,0.57
2024-11-01,CUST-019,Stonebridge Regional Authority,Gold,Public Sector,SD-WAN,67,67,67,9,86.57,20.1,0.624
2024-11-01,CUST-019,Stonebridge Regional Authority,Gold,Public Sector,Business Voice (SIP),63,63,63,6,90.48,17.03,0.473
2024-11-01,CUST-019,Stonebridge Regional Authority,Gold,Public Sector,Dedicated Internet,34,34,34,4,88.24,18.33,0.561
2024-11-01,CUST-020,Orchard Distribution,Silver,Logistics,Managed Security,7,7,7,1,85.71,24.21,0.507
2024-11-01,CUST-020,Orchard Distribution,Silver,Logistics,Managed Cloud,2,2,2,0,100.0,31.28,0.333
2024-11-01,CUST-020,Orchard Distribution,Silver,Logistics,MPLS WAN,3,3,3,1,66.67,99.37,0.947
2024-11-01,CUST-020,Orchard Distribution,Silver,Logistics,Business Voice (SIP),25,25,25,4,84.0,42.47,0.716
2024-11-01,CUST-020,Orchard Distribution,Silver,Logistics,Dedicated Internet,31,31,31,3,90.32,40.63,0.588
2024-11-01,CUST-021,Keystone Distribution,Gold,Logistics,Managed Security,28,28,28,0,100.0,13.92,0.308
2024-11-01,CUST-021,Keystone Distribution,Gold,Logistics,MPLS WAN,17,17,17,4,76.47,28.21,0.625
2024-11-01,CUST-021,Keystone Distribution,Gold,Logistics,Managed Cloud,39,39,39,2,94.87,13.47,0.445
2024-11-01,CUST-021,Keystone Distribution,Gold,Logistics,SD-WAN,101,101,101,20,80.2,22.3,0.733
2024-11-01,CUST-021,Keystone Distribution,Gold,Logistics,Business Voice (SIP),57,57,57,10,82.46,19.38,0.614
2024-11-01,CUST-021,Keystone Distribution,Gold,Logistics,Dedicated Internet,68,68,68,7,89.71,22.12,0.52
2024-11-01,CUST-022,Ironwood Health Network,Silver,Healthcare,SD-WAN,25,25,25,4,84.0,30.17,0.59
2024-11-01,CUST-022,Ironwood Health Network,Silver,Healthcare,Business Voice (SIP),4,4,4,0,100.0,56.19,0.634
2024-11-01,CUST-022,Ironwood Health Network,Silver,Healthcare,MPLS WAN,9,9,9,1,88.89,20.26,0.426
2024-11-01,CUST-022,Ironwood Health Network,Silver,Healthcare,Managed Cloud,27,27,27,4,85.19,23.84,0.493
2024-11-01,CUST-022,Ironwood Health Network,Silver,Healthcare,Dedicated Internet,29,29,29,4,86.21,33.26,0.927
2024-11-01,CUST-023,Silverline Learning Trust,Bronze,Education,MPLS WAN,12,12,12,2,83.33,44.8,0.69
2024-11-01,CUST-023,Silverline Learning Trust,Bronze,Education,SD-WAN,24,24,24,4,83.33,35.36,0.764
2024-11-01,CUST-023,Silverline Learning Trust,Bronze,Education,Managed Cloud,21,21,21,4,80.95,36.39,0.517
2024-11-01,CUST-023,Silverline Learning Trust,Bronze,Education,Managed Security,20,20,20,3,85.0,31.1,0.53
2024-11-01,CUST-023,Silverline Learning Trust,Bronze,Education,Dedicated Internet,36,36,36,3,91.67,38.62,0.492
2024-11-01,CUST-023,Silverline Learning Trust,Bronze,Education,Business Voice (SIP),22,22,22,6,72.73,50.58,0.728
2024-11-01,CUST-024,Cascadia Academy,Gold,Education,MPLS WAN,10,10,10,1,90.0,13.18,0.445
2024-11-01,CUST-024,Cascadia Academy,Gold,Education,Dedicated Internet,92,92,92,21,77.17,34.78,0.859
2024-11-01,CUST-024,Cascadia Academy,Gold,Education,SD-WAN,25,25,25,8,68.0,55.44,0.861
2024-11-01,CUST-024,Cascadia Academy,Gold,Education,Managed Security,34,34,34,1,97.06,16.5,0.431
2024-11-01,CUST-024,Cascadia Academy,Gold,Education,Business Voice (SIP),75,75,75,13,82.67,24.91,0.698
2024-11-01,CUST-024,Cascadia Academy,Gold,Education,Managed Cloud,42,42,42,5,88.1,23.8,0.604
2024-11-01,CUST-025,Cedar Marketplaces,Bronze,Retail,SD-WAN,14,14,14,2,85.71,65.55,0.693
2024-11-01,CUST-025,Cedar Marketplaces,Bronze,Retail,MPLS WAN,6,6,6,2,66.67,65.21,1.528
2024-11-01,CUST-026,Frontier Freight Lines,Gold,Logistics,Business Voice (SIP),50,50,50,6,88.0,22.81,0.487
2024-11-01,CUST-026,Frontier Freight Lines,Gold,Logistics,Managed Security,29,29,29,1,96.55,17.09,0.393
2024-11-01,CUST-026,Frontier Freight Lines,Gold,Logistics,MPLS WAN,6,6,6,1,83.33,25.2,0.618
2024-11-01,CUST-026,Frontier Freight Lines,Gold,Logistics,Managed Cloud,45,45,45,4,91.11,16.13,0.51
2024-11-01,CUST-026,Frontier Freight Lines,Gold,Logistics,SD-WAN,59,59,59,6,89.83,18.38,0.583
2024-11-01,CUST-026,Frontier Freight Lines,Gold,Logistics,Dedicated Internet,76,76,76,11,85.53,17.13,0.615
2024-11-01,CUST-027,Trillium Medical Centres,Bronze,Healthcare,Dedicated Internet,19,19,19,6,68.42,81.52,0.721
2024-11-01,CUST-027,Trillium Medical Centres,Bronze,Healthcare,Managed Security,19,19,19,2,89.47,43.21,0.587
2024-11-01,CUST-027,Trillium Medical Centres,Bronze,Healthcare,Business Voice (SIP),8,8,8,2,75.0,54.07,0.92
2024-11-01,CUST-027,Trillium Medical Centres,Bronze,Healthcare,Managed Cloud,7,7,7,4,42.86,61.65,1.042
2024-11-01,CUST-028,Beacon Pipelines,Bronze,Energy,Managed Security,10,10,10,1,90.0,26.85,0.45
2024-11-01,CUST-028,Beacon Pipelines,Bronze,Energy,MPLS WAN,2,2,2,0,100.0,33.23,0.346
2024-11-01,CUST-028,Beacon Pipelines,Bronze,Energy,Dedicated Internet,17,17,17,1,94.12,32.14,0.512
2024-11-01,CUST-028,Beacon Pipelines,Bronze,Energy,SD-WAN,9,9,9,3,66.67,67.4,0.833
2024-11-01,CUST-028,Beacon Pipelines,Bronze,Energy,Managed Cloud,15,15,15,6,60.0,103.87,1.151
2024-11-01,CUST-029,Pinecrest Energy,Bronze,Energy,Business Voice (SIP),3,3,3,0,100.0,4.7,0.363
2024-11-01,CUST-029,Pinecrest Energy,Bronze,Energy,Dedicated Internet,9,9,9,3,66.67,55.41,0.618
2024-11-01,CUST-029,Pinecrest Energy,Bronze,Energy,SD-WAN,5,5,5,0,100.0,26.82,0.373
2024-11-01,CUST-030,Summit Retail Group,Platinum,Retail,SD-WAN,115,115,115,12,89.57,13.12,0.559
2024-11-01,CUST-030,Summit Retail Group,Platinum,Retail,Business Voice (SIP),126,126,126,9,92.86,9.8,0.464
2024-11-01,CUST-030,Summit Retail Group,Platinum,Retail,MPLS WAN,42,42,42,5,88.1,7.1,0.577
2024-11-01,CUST-030,Summit Retail Group,Platinum,Retail,Dedicated Internet,62,62,62,1,98.39,5.84,0.302
2024-11-01,CUST-030,Summit Retail Group,Platinum,Retail,Managed Cloud,50,50,50,2,96.0,4.81,0.416
2024-11-01,CUST-030,Summit Retail Group,Platinum,Retail,Managed Security,54,54,54,6,88.89,5.92,0.705
2024-11-01,CUST-031,Crestview Pipelines,Silver,Energy,Managed Security,2,2,2,0,100.0,18.87,0.184
2024-11-01,CUST-031,Crestview Pipelines,Silver,Energy,Business Voice (SIP),14,14,14,3,78.57,9.59,0.5
2024-11-01,CUST-031,Crestview Pipelines,Silver,Energy,Managed Cloud,7,7,7,1,85.71,30.34,0.747
2024-11-01,CUST-031,Crestview Pipelines,Silver,Energy,Dedicated Internet,13,13,13,4,69.23,60.05,0.705
2024-11-01,CUST-031,Crestview Pipelines,Silver,Energy,SD-WAN,24,24,24,2,91.67,26.51,0.498
2024-11-01,CUST-032,Meridian Distribution,Platinum,Logistics,MPLS WAN,15,15,15,0,100.0,8.43,0.392
2024-11-01,CUST-032,Meridian Distribution,Platinum,Logistics,Dedicated Internet,94,94,94,11,88.3,9.37,0.573
2024-11-01,CUST-032,Meridian Distribution,Platinum,Logistics,Managed Security,60,60,60,2,96.67,5.49,0.348
2024-11-01,CUST-032,Meridian Distribution,Platinum,Logistics,Business Voice (SIP),147,147,147,16,89.12,11.71,0.535
2024-11-01,CUST-032,Meridian Distribution,Platinum,Logistics,SD-WAN,80,80,80,14,82.5,14.13,0.751
2024-11-01,CUST-032,Meridian Distribution,Platinum,Logistics,Managed Cloud,12,12,12,0,100.0,3.81,0.286
2024-11-01,CUST-033,Boreal Retail Group,Gold,Retail,Managed Security,33,33,33,3,90.91,15.74,0.62
2024-11-01,CUST-033,Boreal Retail Group,Gold,Retail,Dedicated Internet,28,28,28,4,85.71,19.29,0.65
2024-11-01,CUST-033,Boreal Retail Group,Gold,Retail,MPLS WAN,30,30,30,4,86.67,19.08,0.568
2024-11-01,CUST-033,Boreal Retail Group,Gold,Retail,SD-WAN,65,65,65,3,95.38,17.41,0.468
2024-11-01,CUST-033,Boreal Retail Group,Gold,Retail,Managed Cloud,29,29,29,3,89.66,17.34,0.725
2024-11-01,CUST-033,Boreal Retail Group,Gold,Retail,Business Voice (SIP),50,50,50,3,94.0,20.37,0.594
2024-11-01,CUST-034,Evergreen Stores Ltd.,Platinum,Retail,Managed Cloud,20,20,20,2,90.0,7.75,0.434
2024-11-01,CUST-034,Evergreen Stores Ltd.,Platinum,Retail,Managed Security,29,29,29,5,82.76,9.54,0.499
2024-11-01,CUST-034,Evergreen Stores Ltd.,Platinum,Retail,SD-WAN,79,79,79,13,83.54,16.01,0.851
2024-11-01,CUST-034,Evergreen Stores Ltd.,Platinum,Retail,MPLS WAN,17,17,17,4,76.47,11.65,0.884
2024-11-01,CUST-034,Evergreen Stores Ltd.,Platinum,Retail,Business Voice (SIP),59,59,59,13,77.97,12.36,0.685
2024-11-01,CUST-034,Evergreen Stores Ltd.,Platinum,Retail,Dedicated Internet,75,75,75,12,84.0,14.57,0.672
2024-11-01,CUST-035,Ridgeline Stores Ltd.,Gold,Retail,Managed Security,3,3,3,0,100.0,3.64,0.504
2024-11-01,CUST-035,Ridgeline Stores Ltd.,Gold,Retail,Dedicated Internet,79,79,79,9,88.61,17.3,0.557
2024-11-01,CUST-035,Ridgeline Stores Ltd.,Gold,Retail,MPLS WAN,25,25,25,3,88.0,21.95,0.502
2024-11-01,CUST-035,Ridgeline Stores Ltd.,Gold,Retail,Business Voice (SIP),60,60,60,8,86.67,15.52,0.588
2024-11-01,CUST-035,Ridgeline Stores Ltd.,Gold,Retail,SD-WAN,55,55,55,7,87.27,21.77,0.516
2024-11-01,CUST-036,Highland College,Platinum,Education,Business Voice (SIP),72,72,72,7,90.28,10.49,0.595
2024-11-01,CUST-036,Highland College,Platinum,Education,Managed Cloud,30,30,30,0,100.0,5.87,0.366
2024-11-01,CUST-036,Highland College,Platinum,Education,Managed Security,29,29,29,1,96.55,6.09,0.342
2024-11-01,CUST-036,Highland College,Platinum,Education,MPLS WAN,43,43,43,6,86.05,10.23,0.609
2024-11-01,CUST-036,Highland College,Platinum,Education,Dedicated Internet,75,75,75,9,88.0,9.07,0.605
2024-11-01,CUST-036,Highland College,Platinum,Education,SD-WAN,67,67,67,10,85.07,11.81,0.579
2024-11-01,CUST-037,Glacier Retail Group,Gold,Retail,SD-WAN,50,50,50,11,78.0,20.77,0.663
2024-11-01,CUST-037,Glacier Retail Group,Gold,Retail,Managed Cloud,29,29,29,5,82.76,19.68,0.581
2024-11-01,CUST-037,Glacier Retail Group,Gold,Retail,Managed Security,9,9,9,1,88.89,23.3,0.508
2024-11-01,CUST-037,Glacier Retail Group,Gold,Retail,Business Voice (SIP),41,41,41,3,92.68,22.42,0.502
2024-11-01,CUST-037,Glacier Retail Group,Gold,Retail,MPLS WAN,48,48,48,14,70.83,28.59,0.923
2024-11-01,CUST-037,Glacier Retail Group,Gold,Retail,Dedicated Internet,77,77,77,13,83.12,24.21,0.617
2024-11-01,CUST-038,Harbour Renewables,Silver,Energy,Managed Cloud,6,6,6,1,83.33,22.61,0.436
2024-11-01,CUST-038,Harbour Renewables,Silver,Energy,Dedicated Internet,58,58,58,10,82.76,28.02,0.648
2024-11-01,CUST-038,Harbour Renewables,Silver,Energy,MPLS WAN,23,23,23,8,65.22,56.1,0.927
2024-11-01,CUST-038,Harbour Renewables,Silver,Energy,Business Voice (SIP),20,20,20,6,70.0,49.46,0.885
2024-11-01,CUST-038,Harbour Renewables,Silver,Energy,Managed Security,10,10,10,1,90.0,26.27,0.447
2024-11-01,CUST-038,Harbour Renewables,Silver,Energy,SD-WAN,27,27,27,7,74.07,37.15,0.8
2024-11-01,CUST-039,Quarry Academy,Silver,Education,MPLS WAN,32,32,32,4,87.5,32.56,0.537
2024-11-01,CUST-039,Quarry Academy,Silver,Education,Managed Security,18,18,18,3,83.33,18.88,0.592
2024-11-01,CUST-039,Quarry Academy,Silver,Education,Business Voice (SIP),65,65,65,5,92.31,27.26,0.592
2024-11-01,CUST-039,Quarry Academy,Silver,Education,Dedicated Internet,45,45,45,2,95.56,22.79,0.448
2024-11-01,CUST-039,Quarry Academy,Silver,Education,Managed Cloud,10,10,10,1,90.0,22.91,0.58
2024-11-01,CUST-039,Quarry Academy,Silver,Education,SD-WAN,61,61,61,8,86.89,32.3,0.523
2024-11-01,CUST-040,Tundra Fabrication,Gold,Manufacturing,Managed Cloud,19,19,19,3,84.21,26.41,0.543
2024-11-01,CUST-040,Tundra Fabrication,Gold,Manufacturing,Managed Security,9,9,9,1,88.89,22.19,0.98
2024-11-01,CUST-040,Tundra Fabrication,Gold,Manufacturing,SD-WAN,18,18,18,2,88.89,24.21,0.642
2024-11-01,CUST-040,Tundra Fabrication,Gold,Manufacturing,Business Voice (SIP),43,43,43,2,95.35,12.53,0.434
2024-11-01,CUST-040,Tundra Fabrication,Gold,Manufacturing,MPLS WAN,5,5,5,2,60.0,18.26,0.775
2024-11-01,CUST-040,Tundra Fabrication,Gold,Manufacturing,Dedicated Internet,66,66,66,9,86.36,19.16,0.781
2024-12-01,CUST-001,Lakeview Health Network,Silver,Healthcare,Business Voice (SIP),8,8,8,1,87.5,22.73,0.634
2024-12-01,CUST-001,Lakeview Health Network,Silver,Healthcare,Managed Security,1,1,1,0,100.0,40.85,0.567
2024-12-01,CUST-001,Lakeview Health Network,Silver,Healthcare,Dedicated Internet,29,29,29,3,89.66,21.4,0.533
2024-12-01,CUST-001,Lakeview Health Network,Silver,Healthcare,SD-WAN,7,7,7,0,100.0,22.61,0.402
2024-12-01,CUST-001,Lakeview Health Network,Silver,Healthcare,MPLS WAN,18,18,18,1,94.44,15.02,0.406
2024-12-01,CUST-001,Lakeview Health Network,Silver,Healthcare,Managed Cloud,12,12,12,0,100.0,18.07,0.335
2024-12-01,CUST-002,Westgate Care Group,Silver,Healthcare,Dedicated Internet,4,4,4,0,100.0,19.8,0.5
2024-12-01,CUST-002,Westgate Care Group,Silver,Healthcare,Business Voice (SIP),2,2,2,1,50.0,75.24,1.523
2024-12-01,CUST-002,Westgate Care Group,Silver,Healthcare,Managed Security,2,2,2,1,50.0,47.98,0.888
2024-12-01,CUST-002,Westgate Care Group,Silver,Healthcare,MPLS WAN,2,2,2,0,100.0,49.44,0.687
2024-12-01,CUST-002,Westgate Care Group,Silver,Healthcare,SD-WAN,5,5,5,0,100.0,43.07,0.571
2024-12-01,CUST-002,Westgate Care Group,Silver,Healthcare,Managed Cloud,8,8,8,1,87.5,39.24,0.509
2024-12-01,CUST-003,Juniper Polytechnic,Platinum,Education,Managed Security,48,48,48,2,95.83,12.16,0.461
2024-12-01,CUST-003,Juniper Polytechnic,Platinum,Education,SD-WAN,77,77,77,23,70.13,16.17,0.914
2024-12-01,CUST-003,Juniper Polytechnic,Platinum,Education,Business Voice (SIP),71,71,71,10,85.92,12.81,0.619
2024-12-01,CUST-003,Juniper Polytechnic,Platinum,Education,MPLS WAN,22,22,22,5,77.27,17.48,0.806
2024-12-01,CUST-003,Juniper Polytechnic,Platinum,Education,Dedicated Internet,108,108,108,14,87.04,10.87,0.587
2024-12-01,CUST-003,Juniper Polytechnic,Platinum,Education,Managed Cloud,31,31,31,5,83.87,7.6,0.681
2024-12-01,CUST-004,Heritage College,Bronze,Education,MPLS WAN,9,9,9,1,88.89,49.8,0.656
2024-12-01,CUST-004,Heritage College,Bronze,Education,SD-WAN,19,19,19,3,84.21,54.77,0.767
2024-12-01,CUST-004,Heritage College,Bronze,Education,Dedicated Internet,18,18,18,3,83.33,49.03,0.799
2024-12-01,CUST-004,Heritage College,Bronze,Education,Managed Cloud,15,15,15,2,86.67,59.69,0.555
2024-12-01,CUST-004,Heritage College,Bronze,Education,Managed Security,18,18,18,2,88.89,13.67,0.404
2024-12-01,CUST-005,Bluewater Health Network,Silver,Healthcare,Business Voice (SIP),25,25,25,4,84.0,25.73,0.707
2024-12-01,CUST-005,Bluewater Health Network,Silver,Healthcare,SD-WAN,27,27,27,3,88.89,32.09,0.583
2024-12-01,CUST-005,Bluewater Health Network,Silver,Healthcare,Managed Security,7,7,7,1,85.71,52.01,0.835
2024-12-01,CUST-005,Bluewater Health Network,Silver,Healthcare,Dedicated Internet,5,5,5,1,80.0,14.72,0.474
2024-12-01,CUST-006,Northshore Utilities,Silver,Public Sector,MPLS WAN,3,3,3,0,100.0,20.3,0.4
2024-12-01,CUST-006,Northshore Utilities,Silver,Public Sector,Business Voice (SIP),54,54,54,5,90.74,25.97,0.474
2024-12-01,CUST-006,Northshore Utilities,Silver,Public Sector,Dedicated Internet,35,35,35,5,85.71,27.52,0.541
2024-12-01,CUST-006,Northshore Utilities,Silver,Public Sector,SD-WAN,16,16,16,3,81.25,29.27,0.599
2024-12-01,CUST-006,Northshore Utilities,Silver,Public Sector,Managed Security,5,5,5,2,60.0,91.93,0.83
2024-12-01,CUST-007,Ashford Renewables,Bronze,Energy,Managed Cloud,8,8,8,2,75.0,28.66,0.541
2024-12-01,CUST-007,Ashford Renewables,Bronze,Energy,SD-WAN,13,13,13,8,38.46,114.74,1.312
2024-12-01,CUST-007,Ashford Renewables,Bronze,Energy,Dedicated Internet,18,18,18,4,77.78,51.71,0.666
2024-12-01,CUST-007,Ashford Renewables,Bronze,Energy,Business Voice (SIP),3,3,3,2,33.33,291.33,1.413
2024-12-01,CUST-007,Ashford Renewables,Bronze,Energy,Managed Security,9,9,9,3,66.67,74.17,1.086
2024-12-01,CUST-008,Maple College,Gold,Education,Managed Cloud,19,19,19,1,94.74,14.75,0.377
2024-12-01,CUST-008,Maple College,Gold,Education,MPLS WAN,15,15,15,2,86.67,15.11,0.549
2024-12-01,CUST-008,Maple College,Gold,Education,SD-WAN,36,36,36,5,86.11,12.94,0.513
2024-12-01,CUST-008,Maple College,Gold,Education,Managed Security,9,9,9,0,100.0,7.36,0.18
2024-12-01,CUST-008,Maple College,Gold,Education,Business Voice (SIP),20,20,20,4,80.0,15.79,0.55
2024-12-01,CUST-008,Maple College,Gold,Education,Dedicated Internet,44,44,44,4,90.91,15.61,0.502
2024-12-01,CUST-009,Dominion Outfitters,Silver,Retail,Managed Cloud,1,1,1,0,100.0,4.54,0.189
2024-12-01,CUST-009,Dominion Outfitters,Silver,Retail,Dedicated Internet,15,15,15,0,100.0,21.42,0.356
2024-12-01,CUST-009,Dominion Outfitters,Silver,Retail,Business Voice (SIP),27,27,27,5,81.48,34.88,0.609
2024-12-01,CUST-009,Dominion Outfitters,Silver,Retail,Managed Security,5,5,5,1,80.0,23.5,0.55
2024-12-01,CUST-009,Dominion Outfitters,Silver,Retail,SD-WAN,8,8,8,0,100.0,17.34,0.298
2024-12-01,CUST-009,Dominion Outfitters,Silver,Retail,MPLS WAN,3,3,3,0,100.0,29.03,0.392
2024-12-01,CUST-010,Lighthouse Manufacturing,Gold,Manufacturing,Managed Security,12,12,12,0,100.0,9.21,0.32
2024-12-01,CUST-010,Lighthouse Manufacturing,Gold,Manufacturing,Business Voice (SIP),32,32,32,2,93.75,11.79,0.483
2024-12-01,CUST-010,Lighthouse Manufacturing,Gold,Manufacturing,Dedicated Internet,32,32,32,4,87.5,22.18,0.606
2024-12-01,CUST-010,Lighthouse Manufacturing,Gold,Manufacturing,Managed Cloud,24,24,24,1,95.83,21.81,0.387
2024-12-01,CUST-010,Lighthouse Manufacturing,Gold,Manufacturing,SD-WAN,42,42,42,9,78.57,19.89,0.729
2024-12-01,CUST-010,Lighthouse Manufacturing,Gold,Manufacturing,MPLS WAN,42,42,42,6,85.71,16.59,0.614
2024-12-01,CUST-011,Prairie Health Network,Silver,Healthcare,Dedicated Internet,30,30,30,5,83.33,32.5,0.655
2024-12-01,CUST-011,Prairie Health Network,Silver,Healthcare,Business Voice (SIP),10,10,10,1,90.0,20.58,0.38
2024-12-01,CUST-011,Prairie Health Network,Silver,Healthcare,MPLS WAN,6,6,6,0,100.0,40.28,0.493
2024-12-01,CUST-011,Prairie Health Network,Silver,Healthcare,SD-WAN,24,24,24,4,83.33,35.15,0.608
2024-12-01,CUST-011,Prairie Health Network,Silver,Healthcare,Managed Cloud,10,10,10,1,90.0,35.28,0.498
2024-12-01,CUST-011,Prairie Health Network,Silver,Healthcare,Managed Security,3,3,3,0,100.0,1.89,0.276
2024-12-01,CUST-012,Pioneer Freight Lines,Silver,Logistics,Managed Cloud,4,4,4,1,75.0,51.81,0.741
2024-12-01,CUST-012,Pioneer Freight Lines,Silver,Logistics,SD-WAN,72,72,72,14,80.56,39.74,0.841
2024-12-01,CUST-012,Pioneer Freight Lines,Silver,Logistics,Managed Security,7,7,7,2,71.43,20.09,0.568
2024-12-01,CUST-012,Pioneer Freight Lines,Silver,Logistics,Dedicated Internet,19,19,19,3,84.21,48.11,0.66
2024-12-01,CUST-012,Pioneer Freight Lines,Silver,Logistics,Business Voice (SIP),65,65,65,11,83.08,35.24,0.666
2024-12-01,CUST-013,Nordic School Board,Gold,Public Sector,Managed Security,28,28,28,1,96.43,15.09,0.397
2024-12-01,CUST-013,Nordic School Board,Gold,Public Sector,Business Voice (SIP),19,19,19,2,89.47,16.23,0.442
2024-12-01,CUST-013,Nordic School Board,Gold,Public Sector,SD-WAN,39,39,39,10,74.36,29.23,0.78
2024-12-01,CUST-013,Nordic School Board,Gold,Public Sector,MPLS WAN,14,14,14,4,71.43,46.06,0.889
2024-12-01,CUST-013,Nordic School Board,Gold,Public Sector,Dedicated Internet,16,16,16,3,81.25,22.88,0.676
2024-12-01,CUST-013,Nordic School Board,Gold,Public Sector,Managed Cloud,42,42,42,3,92.86,18.44,0.607
2024-12-01,CUST-014,Riverbend Polytechnic,Platinum,Education,Business Voice (SIP),107,107,107,12,88.79,11.23,0.663
2024-12-01,CUST-014,Riverbend Polytechnic,Platinum,Education,SD-WAN,135,135,135,25,81.48,13.85,0.791
2024-12-01,CUST-014,Riverbend Polytechnic,Platinum,Education,MPLS WAN,23,23,23,2,91.3,15.06,0.608
2024-12-01,CUST-014,Riverbend Polytechnic,Platinum,Education,Managed Security,26,26,26,2,92.31,6.41,0.398
2024-12-01,CUST-014,Riverbend Polytechnic,Platinum,Education,Managed Cloud,27,27,27,3,88.89,6.65,0.77
2024-12-01,CUST-014,Riverbend Polytechnic,Platinum,Education,Dedicated Internet,77,77,77,9,88.31,10.04,0.551
2024-12-01,CUST-015,Aurora Pharmacies,Platinum,Healthcare,Managed Cloud,54,54,54,2,96.3,5.49,0.396
2024-12-01,CUST-015,Aurora Pharmacies,Platinum,Healthcare,SD-WAN,97,97,97,19,80.41,11.7,0.684
2024-12-01,CUST-015,Aurora Pharmacies,Platinum,Healthcare,Dedicated Internet,94,94,94,11,88.3,8.73,0.54
2024-12-01,CUST-015,Aurora Pharmacies,Platinum,Healthcare,Managed Security,15,15,15,1,93.33,11.49,0.509
2024-12-01,CUST-015,Aurora Pharmacies,Platinum,Healthcare,Business Voice (SIP),72,72,72,10,86.11,6.62,0.54
2024-12-01,CUST-016,Redwood Learning Trust,Silver,Education,MPLS WAN,13,13,13,3,76.92,37.06,0.826
2024-12-01,CUST-016,Redwood Learning Trust,Silver,Education,Managed Security,10,10,10,1,90.0,27.46,0.607
2024-12-01,CUST-016,Redwood Learning Trust,Silver,Education,SD-WAN,32,32,32,2,93.75,23.69,0.463
2024-12-01,CUST-016,Redwood Learning Trust,Silver,Education,Dedicated Internet,29,29,29,0,100.0,21.66,0.322
2024-12-01,CUST-016,Redwood Learning Trust,Silver,Education,Business Voice (SIP),12,12,12,1,91.67,15.15,0.566
2024-12-01,CUST-016,Redwood Learning Trust,Silver,Education,Managed Cloud,26,26,26,2,92.31,30.85,0.43
2024-12-01,CUST-017,Coastal Energy,Gold,Energy,Dedicated Internet,63,63,63,12,80.95,27.68,0.616
2024-12-01,CUST-017,Coastal Energy,Gold,Energy,MPLS WAN,19,19,19,2,89.47,14.44,0.593
2024-12-01,CUST-017,Coastal Energy,Gold,Energy,Managed Security,6,6,6,0,100.0,14.92,0.406
2024-12-01,CUST-017,Coastal Energy,Gold,Energy,Managed Cloud,10,10,10,1,90.0,8.18,0.431
2024-12-01,CUST-017,Coastal Energy,Gold,Energy,SD-WAN,39,39,39,6,84.62,25.83,0.574
2024-12-01,CUST-017,Coastal Energy,Gold,Energy,Business Voice (SIP),31,31,31,4,87.1,18.5,0.679
2024-12-01,CUST-018,Granite Power Co-op,Gold,Energy,Managed Security,45,45,45,1,97.78,14.81,0.388
2024-12-01,CUST-018,Granite Power Co-op,Gold,Energy,Dedicated Internet,28,28,28,3,89.29,13.16,0.441
2024-12-01,CUST-018,Granite Power Co-op,Gold,Energy,SD-WAN,46,46,46,8,82.61,27.68,0.829
2024-12-01,CUST-018,Granite Power Co-op,Gold,Energy,Business Voice (SIP),61,61,61,7,88.52,24.37,0.567
2024-12-01,CUST-018,Granite Power Co-op,Gold,Energy,MPLS WAN,55,55,55,5,90.91,18.44,0.577
2024-12-01,CUST-018,Granite Power Co-op,Gold,Energy,Managed Cloud,18,18,18,0,100.0,12.13,0.296
2024-12-01,CUST-019,Stonebridge Regional Authority,Gold,Public Sector,Managed Security,39,39,39,3,92.31,16.92,0.476
2024-12-01,CUST-019,Stonebridge Regional Authority,Gold,Public Sector,Business Voice (SIP),45,45,45,5,88.89,19.54,0.654
2024-12-01,CUST-019,Stonebridge Regional Authority,Gold,Public Sector,Dedicated Internet,36,36,36,4,88.89,29.26,0.621
2024-12-01,CUST-019,Stonebridge Regional Authority,Gold,Public Sector,SD-WAN,57,57,57,7,87.72,16.76,0.531
2024-12-01,CUST-019,Stonebridge Regional Authority,Gold,Public Sector,Managed Cloud,23,23,23,1,95.65,12.33,0.382
2024-12-01,CUST-019,Stonebridge Regional Authority,Gold,Public Sector,MPLS WAN,37,37,37,12,67.57,32.28,0.795
2024-12-01,CUST-020,Orchard Distribution,Silver,Logistics,Managed Security,5,5,5,0,100.0,49.11,0.536
2024-12-01,CUST-020,Orchard Distribution,Silver,Logistics,Business Voice (SIP),30,30,30,4,86.67,29.72,0.555
2024-12-01,CUST-020,Orchard Distribution,Silver,Logistics,Dedicated Internet,31,31,31,5,83.87,30.73,0.562
2024-12-01,CUST-020,Orchard Distribution,Silver,Logistics,Managed Cloud,4,4,4,1,75.0,39.86,0.654
2024-12-01,CUST-020,Orchard Distribution,Silver,Logistics,MPLS WAN,6,6,6,2,66.67,61.68,1.033
2024-12-01,CUST-021,Keystone Distribution,Gold,Logistics,MPLS WAN,13,13,13,2,84.62,22.17,0.58
2024-12-01,CUST-021,Keystone Distribution,Gold,Logistics,SD-WAN,84,84,84,16,80.95,16.24,0.694
2024-12-01,CUST-021,Keystone Distribution,Gold,Logistics,Managed Cloud,37,37,37,4,89.19,14.86,0.478
2024-12-01,CUST-021,Keystone Distribution,Gold,Logistics,Managed Security,27,27,27,4,85.19,24.95,0.528
2024-12-01,CUST-021,Keystone Distribution,Gold,Logistics,Business Voice (SIP),53,53,53,7,86.79,20.84,0.594
2024-12-01,CUST-021,Keystone Distribution,Gold,Logistics,Dedicated Internet,52,52,52,10,80.77,14.86,0.595
2024-12-01,CUST-022,Ironwood Health Network,Silver,Healthcare,Managed Cloud,9,9,9,2,77.78,36.46,0.865
2024-12-01,CUST-022,Ironwood Health Network,Silver,Healthcare,SD-WAN,19,19,19,3,84.21,27.43,0.621
2024-12-01,CUST-022,Ironwood Health Network,Silver,Healthcare,MPLS WAN,8,8,8,1,87.5,26.22,0.461
2024-12-01,CUST-022,Ironwood Health Network,Silver,Healthcare,Business Voice (SIP),9,9,9,1,88.89,27.55,0.61
2024-12-01,CUST-022,Ironwood Health Network,Silver,Healthcare,Dedicated Internet,8,8,8,3,62.5,50.98,0.762
2024-12-01,CUST-023,Silverline Learning Trust,Bronze,Education,Managed Cloud,28,28,28,4,85.71,49.54,0.583
2024-12-01,CUST-023,Silverline Learning Trust,Bronze,Education,MPLS WAN,5,5,5,2,60.0,83.82,0.866
2024-12-01,CUST-023,Silverline Learning Trust,Bronze,Education,SD-WAN,29,29,29,8,72.41,47.24,0.651
2024-12-01,CUST-023,Silverline Learning Trust,Bronze,Education,Managed Security,19,19,19,1,94.74,17.15,0.427
2024-12-01,CUST-023,Silverline Learning Trust,Bronze,Education,Dedicated Internet,29,29,29,3,89.66,46.33,0.657
2024-12-01,CUST-023,Silverline Learning Trust,Bronze,Education,Business Voice (SIP),28,28,28,2,92.86,31.35,0.597
2024-12-01,CUST-024,Cascadia Academy,Gold,Education,Managed Cloud,55,55,55,12,78.18,26.44,0.745
2024-12-01,CUST-024,Cascadia Academy,Gold,Education,Dedicated Internet,66,66,66,14,78.79,20.98,0.684
2024-12-01,CUST-024,Cascadia Academy,Gold,Education,SD-WAN,17,17,17,5,70.59,24.97,0.813
2024-12-01,CUST-024,Cascadia Academy,Gold,Education,Managed Security,31,31,31,5,83.87,23.55,0.697
2024-12-01,CUST-024,Cascadia Academy,Gold,Education,MPLS WAN,8,8,8,1,87.5,36.7,0.7
2024-12-01,CUST-024,Cascadia Academy,Gold,Education,Business Voice (SIP),68,68,68,19,72.06,32.9,0.825
2024-12-01,CUST-025,Cedar Marketplaces,Bronze,Retail,MPLS WAN,6,6,6,1,83.33,53.9,0.916
2024-12-01,CUST-025,Cedar Marketplaces,Bronze,Retail,SD-WAN,14,14,14,3,78.57,69.97,0.843
2024-12-01,CUST-026,Frontier Freight Lines,Gold,Logistics,SD-WAN,57,57,57,9,84.21,32.72,0.699
2024-12-01,CUST-026,Frontier Freight Lines,Gold,Logistics,Business Voice (SIP),49,49,49,5,89.8,19.35,0.521
2024-12-01,CUST-026,Frontier Freight Lines,Gold,Logistics,MPLS WAN,8,8,8,1,87.5,12.47,0.495
2024-12-01,CUST-026,Frontier Freight Lines,Gold,Logistics,Managed Security,18,18,18,1,94.44,19.07,0.449
2024-12-01,CUST-026,Frontier Freight Lines,Gold,Logistics,Dedicated Internet,64,64,64,7,89.06,21.09,0.695
2024-12-01,CUST-026,Frontier Freight Lines,Gold,Logistics,Managed Cloud,48,48,48,4,91.67,11.84,0.386
2024-12-01,CUST-027,Trillium Medical Centres,Bronze,Healthcare,Business Voice (SIP),7,7,7,0,100.0,27.93,0.379
2024-12-01,CUST-027,Trillium Medical Centres,Bronze,Healthcare,Managed Cloud,15,15,15,4,73.33,51.41,0.724
2024-12-01,CUST-027,Trillium Medical Centres,Bronze,Healthcare,Dedicated Internet,18,18,18,4,77.78,83.2,0.775
2024-12-01,CUST-027,Trillium Medical Centres,Bronze,Healthcare,Managed Security,15,15,15,2,86.67,56.81,0.607
2024-12-01,CUST-028,Beacon Pipelines,Bronze,Energy,Managed Security,10,10,10,2,80.0,70.82,0.898
2024-12-01,CUST-028,Beacon Pipelines,Bronze,Energy,Managed Cloud,21,21,21,4,80.95,62.75,0.701
2024-12-01,CUST-028,Beacon Pipelines,Bronze,Energy,MPLS WAN,4,4,4,0,100.0,55.99,0.533
2024-12-01,CUST-028,Beacon Pipelines,Bronze,Energy,SD-WAN,12,12,12,3,75.0,62.26,0.913
2024-12-01,CUST-028,Beacon Pipelines,Bronze,Energy,Dedicated Internet,17,17,17,7,58.82,65.26,1.119
2024-12-01,CUST-029,Pinecrest Energy,Bronze,Energy,SD-WAN,3,3,3,1,66.67,63.59,0.719
2024-12-01,CUST-029,Pinecrest Energy,Bronze,Energy,Dedicated Internet,7,7,7,1,85.71,59.41,0.563
2024-12-01,CUST-029,Pinecrest Energy,Bronze,Energy,Business Voice (SIP),3,3,3,0,100.0,21.94,0.365
2024-12-01,CUST-030,Summit Retail Group,Platinum,Retail,Managed Cloud,31,31,31,2,93.55,7.04,0.349
2024-12-01,CUST-030,Summit Retail Group,Platinum,Retail,SD-WAN,100,100,100,18,82.0,11.7,0.575
2024-12-01,CUST-030,Summit Retail Group,Platinum,Retail,Dedicated Internet,67,67,67,6,91.04,7.93,0.569
2024-12-01,CUST-030,Summit Retail Group,Platinum,Retail,MPLS WAN,36,36,36,2,94.44,7.68,0.381
2024-12-01,CUST-030,Summit Retail Group,Platinum,Retail,Business Voice (SIP),129,129,129,13,89.92,8.42,0.498
2024-12-01,CUST-030,Summit Retail Group,Platinum,Retail,Managed Security,36,36,36,2,94.44,7.45,0.302
2024-12-01,CUST-031,Crestview Pipelines,Silver,Energy,Dedicated Internet,9,9,9,1,88.89,47.98,0.547
2024-12-01,CUST-031,Crestview Pipelines,Silver,Energy,Managed Security,2,2,2,0,100.0,38.33,0.532
2024-12-01,CUST-031,Crestview Pipelines,Silver,Energy,Business Voice (SIP),11,11,11,2,81.82,26.72,0.771
2024-12-01,CUST-031,Crestview Pipelines,Silver,Energy,SD-WAN,19,19,19,1,94.74,30.07,0.56
2024-12-01,CUST-031,Crestview Pipelines,Silver,Energy,Managed Cloud,8,8,8,0,100.0,15.65,0.385
2024-12-01,CUST-032,Meridian Distribution,Platinum,Logistics,Business Voice (SIP),121,121,121,12,90.08,8.09,0.456
2024-12-01,CUST-032,Meridian Distribution,Platinum,Logistics,Managed Security,36,36,36,3,91.67,11.41,0.49
2024-12-01,CUST-032,Meridian Distribution,Platinum,Logistics,Dedicated Internet,91,91,91,4,95.6,7.35,0.405
2024-12-01,CUST-032,Meridian Distribution,Platinum,Logistics,SD-WAN,108,108,108,15,86.11,12.99,0.724
2024-12-01,CUST-032,Meridian Distribution,Platinum,Logistics,Managed Cloud,13,13,13,1,92.31,12.19,0.37
2024-12-01,CUST-032,Meridian Distribution,Platinum,Logistics,MPLS WAN,9,9,9,0,100.0,10.55,0.393
2024-12-01,CUST-033,Boreal Retail Group,Gold,Retail,Managed Cloud,18,18,18,1,94.44,10.71,0.333
2024-12-01,CUST-033,Boreal Retail Group,Gold,Retail,Managed Security,28,28,28,3,89.29,18.08,0.435
2024-12-01,CUST-033,Boreal Retail Group,Gold,Retail,SD-WAN,51,51,51,3,94.12,14.84,0.483
2024-12-01,CUST-033,Boreal Retail Group,Gold,Retail,MPLS WAN,30,30,30,0,100.0,16.56,0.327
2024-12-01,CUST-033,Boreal Retail Group,Gold,Retail,Dedicated Internet,30,30,30,3,90.0,18.02,0.43
2024-12-01,CUST-033,Boreal Retail Group,Gold,Retail,Business Voice (SIP),56,56,56,7,87.5,12.57,0.454
2024-12-01,CUST-034,Evergreen Stores Ltd.,Platinum,Retail,Managed Cloud,15,15,15,3,80.0,10.17,0.644
2024-12-01,CUST-034,Evergreen Stores Ltd.,Platinum,Retail,MPLS WAN,16,16,16,3,81.25,15.77,0.763
2024-12-01,CUST-034,Evergreen Stores Ltd.,Platinum,Retail,Dedicated Internet,70,70,70,9,87.14,9.9,0.566
2024-12-01,CUST-034,Evergreen Stores Ltd.,Platinum,Retail,Business Voice (SIP),49,49,49,6,87.76,13.99,0.608
2024-12-01,CUST-034,Evergreen Stores Ltd.,Platinum,Retail,SD-WAN,34,34,34,8,76.47,19.48,0.727
2024-12-01,CUST-034,Evergreen Stores Ltd.,Platinum,Retail,Managed Security,33,33,33,4,87.88,8.75,0.54
2024-12-01,CUST-035,Ridgeline Stores Ltd.,Gold,Retail,Managed Security,2,2,2,0,100.0,12.01,0.25
2024-12-01,CUST-035,Ridgeline Stores Ltd.,Gold,Retail,SD-WAN,45,45,45,6,86.67,23.39,0.553
2024-12-01,CUST-035,Ridgeline Stores Ltd.,Gold,Retail,Business Voice (SIP),56,56,56,1,98.21,14.29,0.362
2024-12-01,CUST-035,Ridgeline Stores Ltd.,Gold,Retail,Dedicated Internet,65,65,65,5,92.31,18.74,0.468
2024-12-01,CUST-035,Ridgeline Stores Ltd.,Gold,Retail,MPLS WAN,28,28,28,2,92.86,17.59,0.484
2024-12-01,CUST-036,Highland College,Platinum,Education,Managed Cloud,32,32,32,1,96.88,5.72,0.387
2024-12-01,CUST-036,Highland College,Platinum,Education,Business Voice (SIP),65,65,65,5,92.31,10.4,0.612
2024-12-01,CUST-036,Highland College,Platinum,Education,Dedicated Internet,70,70,70,11,84.29,10.21,0.534
2024-12-01,CUST-036,Highland College,Platinum,Education,MPLS WAN,30,30,30,4,86.67,10.09,0.526
2024-12-01,CUST-036,Highland College,Platinum,Education,Managed Security,21,21,21,2,90.48,5.47,0.326
2024-12-01,CUST-036,Highland College,Platinum,Education,SD-WAN,48,48,48,5,89.58,9.58,0.645
2024-12-01,CUST-037,Glacier Retail Group,Gold,Retail,Managed Cloud,18,18,18,3,83.33,31.5,0.63
2024-12-01,CUST-037,Glacier Retail Group,Gold,Retail,Business Voice (SIP),37,37,37,8,78.38,29.78,0.787
2024-12-01,CUST-037,Glacier Retail Group,Gold,Retail,Managed Security,18,18,18,3,83.33,29.44,0.691
2024-12-01,CUST-037,Glacier Retail Group,Gold,Retail,SD-WAN,33,33,33,7,78.79,33.79,0.669
2024-12-01,CUST-037,Glacier Retail Group,Gold,Retail,Dedicated Internet,90,90,90,14,84.44,22.3,0.582
2024-12-01,CUST-037,Glacier Retail Group,Gold,Retail,MPLS WAN,36,36,36,9,75.0,28.03,0.744
2024-12-01,CUST-038,Harbour Renewables,Silver,Energy,Managed Security,14,14,14,2,85.71,22.51,0.468
2024-12-01,CUST-038,Harbour Renewables,Silver,Energy,SD-WAN,15,15,15,5,66.67,28.98,0.927
2024-12-01,CUST-038,Harbour Renewables,Silver,Energy,MPLS WAN,19,19,19,2,89.47,28.48,0.515
2024-12-01,CUST-038,Harbour Renewables,Silver,Energy,Dedicated Internet,53,53,53,6,88.68,29.17,0.522
2024-12-01,CUST-038,Harbour Renewables,Silver,Energy,Business Voice (SIP),18,18,18,2,88.89,23.45,0.479
2024-12-01,CUST-038,Harbour Renewables,Silver,Energy,Managed Cloud,4,4,4,0,100.0,24.63,0.379
2024-12-01,CUST-039,Quarry Academy,Silver,Education,MPLS WAN,23,23,23,4,82.61,18.34,0.948
2024-12-01,CUST-039,Quarry Academy,Silver,Education,Dedicated Internet,58,58,58,6,89.66,21.8,0.453
2024-12-01,CUST-039,Quarry Academy,Silver,Education,Managed Security,17,17,17,0,100.0,20.68,0.268
2024-12-01,CUST-039,Quarry Academy,Silver,Education,Business Voice (SIP),60,60,60,5,91.67,21.25,0.464
2024-12-01,CUST-039,Quarry Academy,Silver,Education,SD-WAN,45,45,45,6,86.67,25.85,0.54
2024-12-01,CUST-039,Quarry Academy,Silver,Education,Managed Cloud,11,11,11,1,90.91,37.01,0.439
2024-12-01,CUST-040,Tundra Fabrication,Gold,Manufacturing,Dedicated Internet,66,66,66,7,89.39,18.9,0.539
2024-12-01,CUST-040,Tundra Fabrication,Gold,Manufacturing,SD-WAN,22,22,22,3,86.36,34.96,0.599
2024-12-01,CUST-040,Tundra Fabrication,Gold,Manufacturing,MPLS WAN,4,4,4,1,75.0,27.62,0.709
2024-12-01,CUST-040,Tundra Fabrication,Gold,Manufacturing,Managed Cloud,9,9,9,0,100.0,12.0,0.362
2024-12-01,CUST-040,Tundra Fabrication,Gold,Manufacturing,Business Voice (SIP),44,44,44,9,79.55,22.27,0.664
2024-12-01,CUST-040,Tundra Fabrication,Gold,Manufacturing,Managed Security,11,11,11,1,90.91,10.85,0.484
2025-01-01,CUST-001,Lakeview Health Network,Silver,Healthcare,Managed Security,2,2,2,1,50.0,76.14,2.242
2025-01-01,CUST-001,Lakeview Health Network,Silver,Healthcare,MPLS WAN,17,17,17,3,82.35,50.99,0.591
2025-01-01,CUST-001,Lakeview Health Network,Silver,Healthcare,SD-WAN,4,4,4,0,100.0,20.81,0.405
2025-01-01,CUST-001,Lakeview Health Network,Silver,Healthcare,Dedicated Internet,38,38,38,5,86.84,29.98,0.597
2025-01-01,CUST-001,Lakeview Health Network,Silver,Healthcare,Business Voice (SIP),15,15,15,2,86.67,30.3,0.504
2025-01-01,CUST-001,Lakeview Health Network,Silver,Healthcare,Managed Cloud,14,14,14,2,85.71,20.11,0.494
2025-01-01,CUST-002,Westgate Care Group,Silver,Healthcare,SD-WAN,17,17,17,6,64.71,43.56,1.119
2025-01-01,CUST-002,Westgate Care Group,Silver,Healthcare,Business Voice (SIP),7,7,7,1,85.71,11.54,0.5
2025-01-01,CUST-002,Westgate Care Group,Silver,Healthcare,Managed Security,4,4,4,0,100.0,12.53,0.393
2025-01-01,CUST-002,Westgate Care Group,Silver,Healthcare,MPLS WAN,2,2,2,1,50.0,29.57,3.696
2025-01-01,CUST-002,Westgate Care Group,Silver,Healthcare,Managed Cloud,14,14,14,0,100.0,20.96,0.322
2025-01-01,CUST-002,Westgate Care Group,Silver,Healthcare,Dedicated Internet,7,7,7,1,85.71,18.98,0.557
2025-01-01,CUST-003,Juniper Polytechnic,Platinum,Education,Managed Security,56,56,56,2,96.43,11.0,0.413
2025-01-01,CUST-003,Juniper Polytechnic,Platinum,Education,Managed Cloud,39,39,39,5,87.18,9.48,0.55
2025-01-01,CUST-003,Juniper Polytechnic,Platinum,Education,MPLS WAN,27,27,27,5,81.48,18.23,0.766
2025-01-01,CUST-003,Juniper Polytechnic,Platinum,Education,Business Voice (SIP),75,75,75,14,81.33,12.49,0.806
2025-01-01,CUST-003,Juniper Polytechnic,Platinum,Education,Dedicated Internet,134,134,134,24,82.09,13.86,0.637
2025-01-01,CUST-003,Juniper Polytechnic,Platinum,Education,SD-WAN,127,127,127,27,78.74,13.46,0.918
2025-01-01,CUST-004,Heritage College,Bronze,Education,Dedicated Internet,46,46,46,4,91.3,41.58,0.65
2025-01-01,CUST-004,Heritage College,Bronze,Education,SD-WAN,26,26,26,7,73.08,77.22,0.936
2025-01-01,CUST-004,Heritage College,Bronze,Education,MPLS WAN,5,5,5,1,80.0,43.69,0.582
2025-01-01,CUST-004,Heritage College,Bronze,Education,Managed Security,16,16,16,0,100.0,15.72,0.326
2025-01-01,CUST-004,Heritage College,Bronze,Education,Managed Cloud,18,18,18,4,77.78,53.16,0.739
2025-01-01,CUST-005,Bluewater Health Network,Silver,Healthcare,Business Voice (SIP),35,35,35,3,91.43,25.01,0.539
2025-01-01,CUST-005,Bluewater Health Network,Silver,Healthcare,SD-WAN,48,48,48,15,68.75,33.0,0.996
2025-01-01,CUST-005,Bluewater Health Network,Silver,Healthcare,Dedicated Internet,6,6,6,0,100.0,29.98,0.426
2025-01-01,CUST-005,Bluewater Health Network,Silver,Healthcare,Managed Security,15,15,15,0,100.0,12.06,0.299
2025-01-01,CUST-006,Northshore Utilities,Silver,Public Sector,SD-WAN,37,37,37,11,70.27,33.88,1.157
2025-01-01,CUST-006,Northshore Utilities,Silver,Public Sector,Dedicated Internet,23,23,23,3,86.96,44.42,0.611
2025-01-01,CUST-006,Northshore Utilities,Silver,Public Sector,Managed Security,4,4,4,0,100.0,24.55,0.42
2025-01-01,CUST-006,Northshore Utilities,Silver,Public Sector,MPLS WAN,2,2,2,1,50.0,41.94,1.518
2025-01-01,CUST-006,Northshore Utilities,Silver,Public Sector,Business Voice (SIP),59,59,59,7,88.14,25.04,0.557
2025-01-01,CUST-007,Ashford Renewables,Bronze,Energy,SD-WAN,51,51,51,36,29.41,56.95,1.694
2025-01-01,CUST-007,Ashford Renewables,Bronze,Energy,Managed Security,22,22,22,2,90.91,34.97,0.433
2025-01-01,CUST-007,Ashford Renewables,Bronze,Energy,Managed Cloud,7,7,7,0,100.0,32.32,0.368
2025-01-01,CUST-007,Ashford Renewables,Bronze,Energy,Dedicated Internet,20,20,20,3,85.0,57.64,0.886
2025-01-01,CUST-007,Ashford Renewables,Bronze,Energy,Business Voice (SIP),7,7,7,1,85.71,35.66,0.799
2025-01-01,CUST-008,Maple College,Gold,Education,Dedicated Internet,51,51,51,5,90.2,21.78,0.504
2025-01-01,CUST-008,Maple College,Gold,Education,Managed Security,10,10,10,0,100.0,21.79,0.295
2025-01-01,CUST-008,Maple College,Gold,Education,Managed Cloud,30,30,30,0,100.0,18.08,0.358
2025-01-01,CUST-008,Maple College,Gold,Education,MPLS WAN,28,28,28,2,92.86,13.23,0.52
2025-01-01,CUST-008,Maple College,Gold,Education,Business Voice (SIP),30,30,30,2,93.33,20.56,0.524
2025-01-01,CUST-008,Maple College,Gold,Education,SD-WAN,97,97,97,29,70.1,15.15,0.944
2025-01-01,CUST-009,Dominion Outfitters,Silver,Retail,SD-WAN,8,8,8,1,87.5,32.15,0.657
2025-01-01,CUST-009,Dominion Outfitters,Silver,Retail,Managed Security,8,8,8,0,100.0,11.73,0.262
2025-01-01,CUST-009,Dominion Outfitters,Silver,Retail,Business Voice (SIP),47,47,47,4,91.49,29.74,0.5
2025-01-01,CUST-009,Dominion Outfitters,Silver,Retail,Managed Cloud,4,4,4,0,100.0,21.28,0.381
2025-01-01,CUST-009,Dominion Outfitters,Silver,Retail,MPLS WAN,4,4,4,2,50.0,48.86,0.857
2025-01-01,CUST-009,Dominion Outfitters,Silver,Retail,Dedicated Internet,10,10,10,1,90.0,25.78,0.416
2025-01-01,CUST-010,Lighthouse Manufacturing,Gold,Manufacturing,SD-WAN,49,49,49,7,85.71,24.11,0.608
2025-01-01,CUST-010,Lighthouse Manufacturing,Gold,Manufacturing,Managed Security,14,14,14,0,100.0,16.78,0.335
2025-01-01,CUST-010,Lighthouse Manufacturing,Gold,Manufacturing,Dedicated Internet,36,36,36,5,86.11,19.68,0.54
2025-01-01,CUST-010,Lighthouse Manufacturing,Gold,Manufacturing,Business Voice (SIP),40,40,40,5,87.5,18.24,0.655
2025-01-01,CUST-010,Lighthouse Manufacturing,Gold,Manufacturing,Managed Cloud,31,31,31,2,93.55,13.47,0.437
2025-01-01,CUST-010,Lighthouse Manufacturing,Gold,Manufacturing,MPLS WAN,49,49,49,6,87.76,17.69,0.512
2025-01-01,CUST-011,Prairie Health Network,Silver,Healthcare,Dedicated Internet,52,52,52,7,86.54,26.71,0.555
2025-01-01,CUST-011,Prairie Health Network,Silver,Healthcare,Business Voice (SIP),17,17,17,2,88.24,19.29,0.552
2025-01-01,CUST-011,Prairie Health Network,Silver,Healthcare,Managed Cloud,16,16,16,0,100.0,22.15,0.336
2025-01-01,CUST-011,Prairie Health Network,Silver,Healthcare,SD-WAN,43,43,43,12,72.09,28.34,0.909
2025-01-01,CUST-011,Prairie Health Network,Silver,Healthcare,MPLS WAN,11,11,11,0,100.0,14.63,0.355
2025-01-01,CUST-011,Prairie Health Network,Silver,Healthcare,Managed Security,9,9,9,0,100.0,20.44,0.45
2025-01-01,CUST-012,Pioneer Freight Lines,Silver,Logistics,SD-WAN,129,129,129,58,55.04,51.06,1.403
2025-01-01,CUST-012,Pioneer Freight Lines,Silver,Logistics,Managed Cloud,6,6,6,1,83.33,35.49,0.635
2025-01-01,CUST-012,Pioneer Freight Lines,Silver,Logistics,Business Voice (SIP),63,63,63,11,82.54,34.38,0.597
2025-01-01,CUST-012,Pioneer Freight Lines,Silver,Logistics,Managed Security,2,2,2,0,100.0,5.84,0.243
2025-01-01,CUST-012,Pioneer Freight Lines,Silver,Logistics,Dedicated Internet,24,24,24,3,87.5,39.23,0.624
2025-01-01,CUST-013,Nordic School Board,Gold,Public Sector,SD-WAN,96,96,96,39,59.38,20.19,1.382
2025-01-01,CUST-013,Nordic School Board,Gold,Public Sector,MPLS WAN,18,18,18,3,83.33,39.42,0.901
2025-01-01,CUST-013,Nordic School Board,Gold,Public Sector,Managed Security,29,29,29,1,96.55,15.78,0.395
2025-01-01,CUST-013,Nordic School Board,Gold,Public Sector,Business Voice (SIP),19,19,19,2,89.47,16.38,0.546
2025-01-01,CUST-013,Nordic School Board,Gold,Public Sector,Managed Cloud,45,45,45,4,91.11,16.95,0.42
2025-01-01,CUST-013,Nordic School Board,Gold,Public Sector,Dedicated Internet,24,24,24,5,79.17,22.95,0.827
2025-01-01,CUST-014,Riverbend Polytechnic,Platinum,Education,Dedicated Internet,77,77,77,16,79.22,11.11,0.681
2025-01-01,CUST-014,Riverbend Polytechnic,Platinum,Education,Managed Security,18,18,18,0,100.0,6.8,0.418
2025-01-01,CUST-014,Riverbend Polytechnic,Platinum,Education,MPLS WAN,25,25,25,7,72.0,12.28,1.222
2025-01-01,CUST-014,Riverbend Polytechnic,Platinum,Education,Business Voice (SIP),120,120,120,19,84.17,11.35,0.68
2025-01-01,CUST-014,Riverbend Polytechnic,Platinum,Education,Managed Cloud,50,50,50,6,88.0,7.35,0.56
2025-01-01,CUST-014,Riverbend Polytechnic,Platinum,Education,SD-WAN,194,194,194,72,62.89,16.98,1.259
2025-01-01,CUST-015,Aurora Pharmacies,Platinum,Healthcare,SD-WAN,167,167,167,33,80.24,11.2,0.782
2025-01-01,CUST-015,Aurora Pharmacies,Platinum,Healthcare,Business Voice (SIP),104,104,104,10,90.38,11.05,0.52
2025-01-01,CUST-015,Aurora Pharmacies,Platinum,Healthcare,Managed Security,35,35,35,2,94.29,5.72,0.385
2025-01-01,CUST-015,Aurora Pharmacies,Platinum,Healthcare,Managed Cloud,46,46,46,7,84.78,12.52,0.706
2025-01-01,CUST-015,Aurora Pharmacies,Platinum,Healthcare,Dedicated Internet,120,120,120,12,90.0,9.82,0.517
2025-01-01,CUST-016,Redwood Learning Trust,Silver,Education,MPLS WAN,4,4,4,0,100.0,9.9,0.293
2025-01-01,CUST-016,Redwood Learning Trust,Silver,Education,Managed Cloud,24,24,24,0,100.0,21.19,0.28
2025-01-01,CUST-016,Redwood Learning Trust,Silver,Education,Business Voice (SIP),17,17,17,1,94.12,18.56,0.368
2025-01-01,CUST-016,Redwood Learning Trust,Silver,Education,Dedicated Internet,36,36,36,4,88.89,20.13,0.475
2025-01-01,CUST-016,Redwood Learning Trust,Silver,Education,SD-WAN,39,39,39,3,92.31,28.4,0.434
2025-01-01,CUST-016,Redwood Learning Trust,Silver,Education,Managed Security,5,5,5,1,80.0,9.3,0.411
2025-01-01,CUST-017,Coastal Energy,Gold,Energy,MPLS WAN,21,21,21,2,90.48,17.58,0.491
2025-01-01,CUST-017,Coastal Energy,Gold,Energy,SD-WAN,40,40,40,5,87.5,21.2,0.548
2025-01-01,CUST-017,Coastal Energy,Gold,Energy,Managed Security,12,12,12,2,83.33,15.66,0.668
2025-01-01,CUST-017,Coastal Energy,Gold,Energy,Managed Cloud,11,11,11,1,90.91,16.55,0.487
2025-01-01,CUST-017,Coastal Energy,Gold,Energy,Dedicated Internet,67,67,67,6,91.04,23.0,0.54
2025-01-01,CUST-017,Coastal Energy,Gold,Energy,Business Voice (SIP),53,53,53,8,84.91,17.22,0.578
2025-01-01,CUST-018,Granite Power Co-op,Gold,Energy,Dedicated Internet,27,27,27,4,85.19,9.25,0.576
2025-01-01,CUST-018,Granite Power Co-op,Gold,Energy,Managed Security,50,50,50,3,94.0,17.31,0.461
2025-01-01,CUST-018,Granite Power Co-op,Gold,Energy,Managed Cloud,23,23,23,2,91.3,15.68,0.445
2025-01-01,CUST-018,Granite Power Co-op,Gold,Energy,MPLS WAN,67,67,67,9,86.57,18.75,0.753
2025-01-01,CUST-018,Granite Power Co-op,Gold,Energy,Business Voice (SIP),82,82,82,12,85.37,23.55,0.551
2025-01-01,CUST-018,Granite Power Co-op,Gold,Energy,SD-WAN,63,63,63,9,85.71,25.61,0.573
2025-01-01,CUST-019,Stonebridge Regional Authority,Gold,Public Sector,MPLS WAN,59,59,59,8,86.44,24.75,0.651
2025-01-01,CUST-019,Stonebridge Regional Authority,Gold,Public Sector,Managed Security,44,44,44,5,88.64,18.15,0.492
2025-01-01,CUST-019,Stonebridge Regional Authority,Gold,Public Sector,SD-WAN,128,128,128,45,64.84,16.37,0.971
2025-01-01,CUST-019,Stonebridge Regional Authority,Gold,Public Sector,Dedicated Internet,37,37,37,5,86.49,22.6,0.883
2025-01-01,CUST-019,Stonebridge Regional Authority,Gold,Public Sector,Managed Cloud,25,25,25,2,92.0,15.14,0.406
2025-01-01,CUST-019,Stonebridge Regional Authority,Gold,Public Sector,Business Voice (SIP),81,81,81,8,90.12,24.69,0.594
2025-01-01,CUST-020,Orchard Distribution,Silver,Logistics,Business Voice (SIP),29,29,29,4,86.21,32.42,0.598
2025-01-01,CUST-020,Orchard Distribution,Silver,Logistics,Managed Security,7,7,7,0,100.0,56.28,0.558
2025-01-01,CUST-020,Orchard Distribution,Silver,Logistics,Managed Cloud,4,4,4,0,100.0,27.72,0.403
2025-01-01,CUST-020,Orchard Distribution,Silver,Logistics,MPLS WAN,6,6,6,1,83.33,29.31,0.584
2025-01-01,CUST-020,Orchard Distribution,Silver,Logistics,Dedicated Internet,24,24,24,4,83.33,31.29,0.749
2025-01-01,CUST-021,Keystone Distribution,Gold,Logistics,Business Voice (SIP),51,51,51,6,88.24,22.38,0.575
2025-01-01,CUST-021,Keystone Distribution,Gold,Logistics,MPLS WAN,19,19,19,2,89.47,20.15,0.574
2025-01-01,CUST-021,Keystone Distribution,Gold,Logistics,SD-WAN,118,118,118,30,74.58,22.2,0.774
2025-01-01,CUST-021,Keystone Distribution,Gold,Logistics,Managed Security,52,52,52,3,94.23,16.01,0.389
2025-01-01,CUST-021,Keystone Distribution,Gold,Logistics,Managed Cloud,35,35,35,3,91.43,18.33,0.523
2025-01-01,CUST-021,Keystone Distribution,Gold,Logistics,Dedicated Internet,76,76,76,9,88.16,16.12,0.508
2025-01-01,CUST-022,Ironwood Health Network,Silver,Healthcare,MPLS WAN,7,7,7,0,100.0,17.84,0.437
2025-01-01,CUST-022,Ironwood Health Network,Silver,Healthcare,Business Voice (SIP),7,7,7,0,100.0,27.1,0.297
2025-01-01,CUST-022,Ironwood Health Network,Silver,Healthcare,SD-WAN,35,35,35,7,80.0,43.41,0.599
2025-01-01,CUST-022,Ironwood Health Network,Silver,Healthcare,Dedicated Internet,30,30,30,5,83.33,34.38,0.666
2025-01-01,CUST-022,Ironwood Health Network,Silver,Healthcare,Managed Cloud,28,28,28,5,82.14,26.21,0.614
2025-01-01,CUST-023,Silverline Learning Trust,Bronze,Education,Business Voice (SIP),26,26,26,2,92.31,71.43,0.613
2025-01-01,CUST-023,Silverline Learning Trust,Bronze,Education,SD-WAN,36,36,36,9,75.0,40.48,0.667
2025-01-01,CUST-023,Silverline Learning Trust,Bronze,Education,MPLS WAN,11,11,11,1,90.91,51.64,0.618
2025-01-01,CUST-023,Silverline Learning Trust,Bronze,Education,Dedicated Internet,56,56,56,3,94.64,49.36,0.507
2025-01-01,CUST-023,Silverline Learning Trust,Bronze,Education,Managed Security,31,31,31,2,93.55,47.77,0.472
2025-01-01,CUST-023,Silverline Learning Trust,Bronze,Education,Managed Cloud,34,34,34,2,94.12,40.71,0.438
2025-01-01,CUST-024,Cascadia Academy,Gold,Education,MPLS WAN,15,15,15,3,80.0,24.98,0.647
2025-01-01,CUST-024,Cascadia Academy,Gold,Education,SD-WAN,50,50,50,28,44.0,30.48,1.834
2025-01-01,CUST-024,Cascadia Academy,Gold,Education,Managed Security,30,30,30,6,80.0,25.46,0.757
2025-01-01,CUST-024,Cascadia Academy,Gold,Education,Business Voice (SIP),73,73,73,13,82.19,29.19,0.625
2025-01-01,CUST-024,Cascadia Academy,Gold,Education,Managed Cloud,68,68,68,12,82.35,23.4,0.761
2025-01-01,CUST-024,Cascadia Academy,Gold,Education,Dedicated Internet,106,106,106,37,65.09,28.49,0.909
2025-01-01,CUST-025,Cedar Marketplaces,Bronze,Retail,MPLS WAN,8,8,8,2,75.0,68.53,0.881
2025-01-01,CUST-025,Cedar Marketplaces,Bronze,Retail,SD-WAN,49,49,49,29,40.82,51.95,1.591
2025-01-01,CUST-026,Frontier Freight Lines,Gold,Logistics,Dedicated Internet,92,92,92,13,85.87,19.93,0.614
2025-01-01,CUST-026,Frontier Freight Lines,Gold,Logistics,SD-WAN,168,168,168,67,60.12,20.35,1.254
2025-01-01,CUST-026,Frontier Freight Lines,Gold,Logistics,MPLS WAN,5,5,5,0,100.0,15.43,0.341
2025-01-01,CUST-026,Frontier Freight Lines,Gold,Logistics,Managed Cloud,64,64,64,7,89.06,22.99,0.56
2025-01-01,CUST-026,Frontier Freight Lines,Gold,Logistics,Business Voice (SIP),71,71,71,8,88.73,20.94,0.52
2025-01-01,CUST-026,Frontier Freight Lines,Gold,Logistics,Managed Security,26,26,26,4,84.62,20.77,0.517
2025-01-01,CUST-027,Trillium Medical Centres,Bronze,Healthcare,Dedicated Internet,30,30,30,15,50.0,68.43,1.169
2025-01-01,CUST-027,Trillium Medical Centres,Bronze,Healthcare,Business Voice (SIP),13,13,13,2,84.62,77.72,0.816
2025-01-01,CUST-027,Trillium Medical Centres,Bronze,Healthcare,Managed Security,13,13,13,2,84.62,44.36,0.651
2025-01-01,CUST-027,Trillium Medical Centres,Bronze,Healthcare,Managed Cloud,18,18,18,1,94.44,47.89,0.552
2025-01-01,CUST-028,Beacon Pipelines,Bronze,Energy,MPLS WAN,5,5,5,1,80.0,60.75,0.76
2025-01-01,CUST-028,Beacon Pipelines,Bronze,Energy,Managed Cloud,18,18,18,3,83.33,41.53,0.582
2025-01-01,CUST-028,Beacon Pipelines,Bronze,Energy,Managed Security,4,4,4,0,100.0,50.48,0.528
2025-01-01,CUST-028,Beacon Pipelines,Bronze,Energy,SD-WAN,13,13,13,3,76.92,39.29,0.673
2025-01-01,CUST-028,Beacon Pipelines,Bronze,Energy,Dedicated Internet,20,20,20,7,65.0,54.52,0.761
2025-01-01,CUST-029,Pinecrest Energy,Bronze,Energy,SD-WAN,23,23,23,11,52.17,41.8,1.276
2025-01-01,CUST-029,Pinecrest Energy,Bronze,Energy,Dedicated Internet,12,12,12,2,83.33,42.25,0.555
2025-01-01,CUST-029,Pinecrest Energy,Bronze,Energy,Business Voice (SIP),7,7,7,1,85.71,36.82,0.526
2025-01-01,CUST-030,Summit Retail Group,Platinum,Retail,SD-WAN,232,232,232,57,75.43,7.98,0.783
2025-01-01,CUST-030,Summit Retail Group,Platinum,Retail,Managed Cloud,61,61,61,2,96.72,7.38,0.352
2025-01-01,CUST-030,Summit Retail Group,Platinum,Retail,Dedicated Internet,80,80,80,4,95.0,9.27,0.378
2025-01-01,CUST-030,Summit Retail Group,Platinum,Retail,MPLS WAN,41,41,41,2,95.12,11.69,0.471
2025-01-01,CUST-030,Summit Retail Group,Platinum,Retail,Business Voice (SIP),154,154,154,11,92.86,7.24,0.415
2025-01-01,CUST-030,Summit Retail Group,Platinum,Retail,Managed Security,51,51,51,2,96.08,6.57,0.324
2025-01-01,CUST-031,Crestview Pipelines,Silver,Energy,Business Voice (SIP),11,11,11,3,72.73,37.9,0.949
2025-01-01,CUST-031,Crestview Pipelines,Silver,Energy,Managed Cloud,13,13,13,1,92.31,33.77,0.428
2025-01-01,CUST-031,Crestview Pipelines,Silver,Energy,SD-WAN,26,26,26,4,84.62,31.77,0.585
2025-01-01,CUST-031,Crestview Pipelines,Silver,Energy,Dedicated Internet,10,10,10,0,100.0,28.0,0.451
2025-01-01,CUST-031,Crestview Pipelines,Silver,Energy,Managed Security,7,7,7,0,100.0,24.32,0.427
2025-01-01,CUST-032,Meridian Distribution,Platinum,Logistics,MPLS WAN,17,17,17,2,88.24,9.47,0.554
2025-01-01,CUST-032,Meridian Distribution,Platinum,Logistics,Business Voice (SIP),154,154,154,17,88.96,9.82,0.546
2025-01-01,CUST-032,Meridian Distribution,Platinum,Logistics,SD-WAN,126,126,126,13,89.68,9.71,0.589
2025-01-01,CUST-032,Meridian Distribution,Platinum,Logistics,Managed Cloud,13,13,13,0,100.0,3.82,0.4
2025-01-01,CUST-032,Meridian Distribution,Platinum,Logistics,Managed Security,72,72,72,4,94.44,6.34,0.395
2025-01-01,CUST-032,Meridian Distribution,Platinum,Logistics,Dedicated Internet,117,117,117,12,89.74,7.77,0.555
2025-01-01,CUST-033,Boreal Retail Group,Gold,Retail,Business Voice (SIP),49,49,49,6,87.76,12.11,0.562
2025-01-01,CUST-033,Boreal Retail Group,Gold,Retail,Managed Cloud,31,31,31,2,93.55,17.02,0.64
2025-01-01,CUST-033,Boreal Retail Group,Gold,Retail,Managed Security,30,30,30,3,90.0,11.24,0.687
2025-01-01,CUST-033,Boreal Retail Group,Gold,Retail,Dedicated Internet,25,25,25,3,88.0,19.53,0.555
2025-01-01,CUST-033,Boreal Retail Group,Gold,Retail,MPLS WAN,33,33,33,6,81.82,19.83,0.606
2025-01-01,CUST-033,Boreal Retail Group,Gold,Retail,SD-WAN,116,116,116,39,66.38,11.85,0.858
2025-01-01,CUST-034,Evergreen Stores Ltd.,Platinum,Retail,Business Voice (SIP),62,62,62,9,85.48,12.57,0.79
2025-01-01,CUST-034,Evergreen Stores Ltd.,Platinum,Retail,Managed Cloud,13,13,13,0,100.0,6.27,0.43
2025-01-01,CUST-034,Evergreen Stores Ltd.,Platinum,Retail,Managed Security,25,25,25,5,80.0,14.22,0.697
2025-01-01,CUST-034,Evergreen Stores Ltd.,Platinum,Retail,MPLS WAN,19,19,19,7,63.16,20.91,0.979
2025-01-01,CUST-034,Evergreen Stores Ltd.,Platinum,Retail,Dedicated Internet,80,80,80,20,75.0,15.69,0.692
2025-01-01,CUST-034,Evergreen Stores Ltd.,Platinum,Retail,SD-WAN,179,179,179,89,50.28,12.16,1.339
2025-01-01,CUST-035,Ridgeline Stores Ltd.,Gold,Retail,SD-WAN,187,187,187,70,62.57,17.77,1.133
2025-01-01,CUST-035,Ridgeline Stores Ltd.,Gold,Retail,Managed Security,2,2,2,0,100.0,29.2,0.304
2025-01-01,CUST-035,Ridgeline Stores Ltd.,Gold,Retail,Dedicated Internet,69,69,69,7,89.86,20.26,0.661
2025-01-01,CUST-035,Ridgeline Stores Ltd.,Gold,Retail,MPLS WAN,33,33,33,2,93.94,15.59,0.57
2025-01-01,CUST-035,Ridgeline Stores Ltd.,Gold,Retail,Business Voice (SIP),57,57,57,12,78.95,22.22,0.74
2025-01-01,CUST-036,Highland College,Platinum,Education,SD-WAN,84,84,84,21,75.0,11.38,1.03
2025-01-01,CUST-036,Highland College,Platinum,Education,Managed Security,25,25,25,1,96.0,7.42,0.36
2025-01-01,CUST-036,Highland College,Platinum,Education,MPLS WAN,45,45,45,7,84.44,9.93,0.749
2025-01-01,CUST-036,Highland College,Platinum,Education,Business Voice (SIP),102,102,102,5,95.1,7.56,0.422
2025-01-01,CUST-036,Highland College,Platinum,Education,Dedicated Internet,84,84,84,11,86.9,12.52,0.56
2025-01-01,CUST-036,Highland College,Platinum,Education,Managed Cloud,44,44,44,6,86.36,10.36,0.453
2025-01-01,CUST-037,Glacier Retail Group,Gold,Retail,Business Voice (SIP),70,70,70,14,80.0,24.6,0.657
2025-01-01,CUST-037,Glacier Retail Group,Gold,Retail,SD-WAN,117,117,117,61,47.86,26.78,1.366
2025-01-01,CUST-037,Glacier Retail Group,Gold,Retail,Managed Cloud,21,21,21,2,90.48,23.89,0.622
2025-01-01,CUST-037,Glacier Retail Group,Gold,Retail,MPLS WAN,45,45,45,10,77.78,25.32,0.749
2025-01-01,CUST-037,Glacier Retail Group,Gold,Retail,Dedicated Internet,105,105,105,17,83.81,20.42,0.68
2025-01-01,CUST-037,Glacier Retail Group,Gold,Retail,Managed Security,17,17,17,0,100.0,18.75,0.371
2025-01-01,CUST-038,Harbour Renewables,Silver,Energy,SD-WAN,24,24,24,6,75.0,27.18,0.627
2025-01-01,CUST-038,Harbour Renewables,Silver,Energy,Managed Security,12,12,12,0,100.0,20.88,0.411
2025-01-01,CUST-038,Harbour Renewables,Silver,Energy,MPLS WAN,25,25,25,7,72.0,40.44,0.716
2025-01-01,CUST-038,Harbour Renewables,Silver,Energy,Business Voice (SIP),19,19,19,4,78.95,32.95,0.68
2025-01-01,CUST-038,Harbour Renewables,Silver,Energy,Managed Cloud,6,6,6,0,100.0,26.42,0.419
2025-01-01,CUST-038,Harbour Renewables,Silver,Energy,Dedicated Internet,53,53,53,10,81.13,31.67,0.658
2025-01-01,CUST-039,Quarry Academy,Silver,Education,MPLS WAN,27,27,27,0,100.0,28.39,0.507
2025-01-01,CUST-039,Quarry Academy,Silver,Education,Dedicated Internet,71,71,71,3,95.77,16.51,0.372
2025-01-01,CUST-039,Quarry Academy,Silver,Education,SD-WAN,100,100,100,35,65.0,24.99,1.044
2025-01-01,CUST-039,Quarry Academy,Silver,Education,Managed Cloud,4,4,4,0,100.0,8.85,0.311
2025-01-01,CUST-039,Quarry Academy,Silver,Education,Managed Security,17,17,17,1,94.12,17.63,0.345
2025-01-01,CUST-039,Quarry Academy,Silver,Education,Business Voice (SIP),74,74,74,3,95.95,23.05,0.414
2025-01-01,CUST-040,Tundra Fabrication,Gold,Manufacturing,Managed Security,16,16,16,1,93.75,10.31,0.322
2025-01-01,CUST-040,Tundra Fabrication,Gold,Manufacturing,Managed Cloud,14,14,14,2,85.71,27.85,0.557
2025-01-01,CUST-040,Tundra Fabrication,Gold,Manufacturing,MPLS WAN,1,1,1,0,100.0,20.07,0.418
2025-01-01,CUST-040,Tundra Fabrication,Gold,Manufacturing,SD-WAN,29,29,29,5,82.76,18.23,0.68
2025-01-01,CUST-040,Tundra Fabrication,Gold,Manufacturing,Dedicated Internet,74,74,74,4,94.59,18.36,0.433
2025-01-01,CUST-040,Tundra Fabrication,Gold,Manufacturing,Business Voice (SIP),58,58,58,7,87.93,18.48,0.536
2025-02-01,CUST-001,Lakeview Health Network,Silver,Healthcare,Dedicated Internet,26,26,26,3,88.46,27.0,0.575
2025-02-01,CUST-001,Lakeview Health Network,Silver,Healthcare,MPLS WAN,19,19,19,2,89.47,30.1,0.543
2025-02-01,CUST-001,Lakeview Health Network,Silver,Healthcare,Business Voice (SIP),13,13,13,3,76.92,30.66,0.621
2025-02-01,CUST-001,Lakeview Health Network,Silver,Healthcare,SD-WAN,2,2,2,0,100.0,28.7,0.288
2025-02-01,CUST-001,Lakeview Health Network,Silver,Healthcare,Managed Security,1,1,1,0,100.0,25.08,0.348
2025-02-01,CUST-001,Lakeview Health Network,Silver,Healthcare,Managed Cloud,6,6,6,0,100.0,19.17,0.379
2025-02-01,CUST-002,Westgate Care Group,Silver,Healthcare,SD-WAN,5,5,5,0,100.0,28.1,0.603
2025-02-01,CUST-002,Westgate Care Group,Silver,Healthcare,MPLS WAN,3,3,3,2,33.33,297.95,1.717
2025-02-01,CUST-002,Westgate Care Group,Silver,Healthcare,Managed Security,3,3,3,0,100.0,17.79,0.229
2025-02-01,CUST-002,Westgate Care Group,Silver,Healthcare,Business Voice (SIP),6,6,6,0,100.0,35.12,0.51
2025-02-01,CUST-002,Westgate Care Group,Silver,Healthcare,Managed Cloud,8,8,8,0,100.0,16.33,0.446
2025-02-01,CUST-002,Westgate Care Group,Silver,Healthcare,Dedicated Internet,9,9,9,0,100.0,48.99,0.561
2025-02-01,CUST-003,Juniper Polytechnic,Platinum,Education,Dedicated Internet,119,119,119,24,79.83,11.25,0.672
2025-02-01,CUST-003,Juniper Polytechnic,Platinum,Education,MPLS WAN,41,41,41,10,75.61,12.27,0.676
2025-02-01,CUST-003,Juniper Polytechnic,Platinum,Education,SD-WAN,105,105,105,33,68.57,18.94,0.863
2025-02-01,CUST-003,Juniper Polytechnic,Platinum,Education,Managed Cloud,28,28,28,3,89.29,9.43,0.56
2025-02-01,CUST-003,Juniper Polytechnic,Platinum,Education,Business Voice (SIP),62,62,62,17,72.58,12.59,0.822
2025-02-01,CUST-003,Juniper Polytechnic,Platinum,Education,Managed Security,47,47,47,4,91.49,9.7,0.619
2025-02-01,CUST-004,Heritage College,Bronze,Education,Dedicated Internet,37,37,37,10,72.97,41.65,0.741
2025-02-01,CUST-004,Heritage College,Bronze,Education,MPLS WAN,5,5,5,2,60.0,74.56,1.08
2025-02-01,CUST-004,Heritage College,Bronze,Education,Managed Cloud,14,14,14,2,85.71,42.32,0.57
2025-02-01,CUST-004,Heritage College,Bronze,Education,Managed Security,13,13,13,1,92.31,51.6,0.568
2025-02-01,CUST-004,Heritage College,Bronze,Education,SD-WAN,28,28,28,8,71.43,62.73,0.92
2025-02-01,CUST-005,Bluewater Health Network,Silver,Healthcare,Business Voice (SIP),29,29,29,2,93.1,31.03,0.557
2025-02-01,CUST-005,Bluewater Health Network,Silver,Healthcare,Dedicated Internet,5,5,5,1,80.0,40.21,0.536
2025-02-01,CUST-005,Bluewater Health Network,Silver,Healthcare,SD-WAN,35,35,35,2,94.29,26.26,0.502
2025-02-01,CUST-005,Bluewater Health Network,Silver,Healthcare,Managed Security,13,13,13,0,100.0,11.84,0.215
2025-02-01,CUST-006,Northshore Utilities,Silver,Public Sector,Business Voice (SIP),59,59,59,4,93.22,24.51,0.446
2025-02-01,CUST-006,Northshore Utilities,Silver,Public Sector,Dedicated Internet,40,40,40,6,85.0,22.46,0.535
2025-02-01,CUST-006,Northshore Utilities,Silver,Public Sector,MPLS WAN,3,3,3,1,66.67,53.05,1.007
2025-02-01,CUST-006,Northshore Utilities,Silver,Public Sector,Managed Security,2,2,2,0,100.0,42.25,0.406
2025-02-01,CUST-006,Northshore Utilities,Silver,Public Sector,SD-WAN,24,24,24,3,87.5,40.22,0.569
2025-02-01,CUST-007,Ashford Renewables,Bronze,Energy,SD-WAN,14,14,14,5,64.29,49.6,1.026
2025-02-01,CUST-007,Ashford Renewables,Bronze,Energy,Business Voice (SIP),7,7,7,1,85.71,45.7,0.476
2025-02-01,CUST-007,Ashford Renewables,Bronze,Energy,Managed Cloud,16,16,16,4,75.0,57.04,0.655
2025-02-01,CUST-007,Ashford Renewables,Bronze,Energy,Dedicated Internet,11,11,11,0,100.0,24.16,0.457
2025-02-01,CUST-007,Ashford Renewables,Bronze,Energy,Managed Security,8,8,8,0,100.0,28.37,0.524
2025-02-01,CUST-008,Maple College,Gold,Education,MPLS WAN,18,18,18,3,83.33,22.09,0.57
2025-02-01,CUST-008,Maple College,Gold,Education,SD-WAN,38,38,38,7,81.58,19.18,0.586
2025-02-01,CUST-008,Maple College,Gold,Education,Managed Security,7,7,7,0,100.0,8.96,0.263
2025-02-01,CUST-008,Maple College,Gold,Education,Dedicated Internet,39,39,39,6,84.62,21.26,0.476
2025-02-01,CUST-008,Maple College,Gold,Education,Business Voice (SIP),31,31,31,2,93.55,13.23,0.452
2025-02-01,CUST-008,Maple College,Gold,Education,Managed Cloud,15,15,15,1,93.33,19.63,0.535
2025-02-01,CUST-009,Dominion Outfitters,Silver,Retail,Business Voice (SIP),25,25,25,4,84.0,45.71,0.715
2025-02-01,CUST-009,Dominion Outfitters,Silver,Retail,SD-WAN,8,8,8,2,75.0,11.77,0.46
2025-02-01,CUST-009,Dominion Outfitters,Silver,Retail,Dedicated Internet,16,16,16,2,87.5,39.86,0.638
2025-02-01,CUST-009,Dominion Outfitters,Silver,Retail,Managed Security,6,6,6,0,100.0,14.79,0.224
2025-02-01,CUST-009,Dominion Outfitters,Silver,Retail,MPLS WAN,4,4,4,0,100.0,24.63,0.285
2025-02-01,CUST-009,Dominion Outfitters,Silver,Retail,Managed Cloud,6,6,6,0,100.0,27.48,0.329
2025-02-01,CUST-010,Lighthouse Manufacturing,Gold,Manufacturing,Managed Cloud,29,29,29,0,100.0,10.7,0.341
2025-02-01,CUST-010,Lighthouse Manufacturing,Gold,Manufacturing,Dedicated Internet,222,222,222,89,59.91,12.6,1.147
2025-02-01,CUST-010,Lighthouse Manufacturing,Gold,Manufacturing,SD-WAN,45,45,45,3,93.33,17.5,0.51
2025-02-01,CUST-010,Lighthouse Manufacturing,Gold,Manufacturing,MPLS WAN,41,41,41,9,78.05,26.06,0.85
2025-02-01,CUST-010,Lighthouse Manufacturing,Gold,Manufacturing,Business Voice (SIP),31,31,31,3,90.32,19.57,0.464
2025-02-01,CUST-010,Lighthouse Manufacturing,Gold,Manufacturing,Managed Security,15,15,15,2,86.67,3.22,0.427
2025-02-01,CUST-011,Prairie Health Network,Silver,Healthcare,Business Voice (SIP),15,15,15,2,86.67,38.48,0.529
2025-02-01,CUST-011,Prairie Health Network,Silver,Healthcare,SD-WAN,36,36,36,3,91.67,23.46,0.546
2025-02-01,CUST-011,Prairie Health Network,Silver,Healthcare,Managed Cloud,15,15,15,0,100.0,14.23,0.332
2025-02-01,CUST-011,Prairie Health Network,Silver,Healthcare,Managed Security,5,5,5,0,100.0,23.66,0.265
2025-02-01,CUST-011,Prairie Health Network,Silver,Healthcare,Dedicated Internet,45,45,45,4,91.11,29.12,0.496
2025-02-01,CUST-011,Prairie Health Network,Silver,Healthcare,MPLS WAN,8,8,8,1,87.5,66.07,0.802
2025-02-01,CUST-012,Pioneer Freight Lines,Silver,Logistics,Managed Security,14,14,14,1,92.86,18.45,0.388
2025-02-01,CUST-012,Pioneer Freight Lines,Silver,Logistics,SD-WAN,74,74,74,27,63.51,49.03,1.058
2025-02-01,CUST-012,Pioneer Freight Lines,Silver,Logistics,Managed Cloud,12,12,12,0,100.0,28.54,0.43
2025-02-01,CUST-012,Pioneer Freight Lines,Silver,Logistics,Business Voice (SIP),62,62,62,4,93.55,31.04,0.585
2025-02-01,CUST-012,Pioneer Freight Lines,Silver,Logistics,Dedicated Internet,25,25,25,4,84.0,39.18,0.648
2025-02-01,CUST-013,Nordic School Board,Gold,Public Sector,SD-WAN,44,44,44,3,93.18,23.83,0.67
2025-02-01,CUST-013,Nordic School Board,Gold,Public Sector,Managed Security,24,24,24,3,87.5,16.37,0.454
2025-02-01,CUST-013,Nordic School Board,Gold,Public Sector,Business Voice (SIP),24,24,24,1,95.83,18.32,0.631
2025-02-01,CUST-013,Nordic School Board,Gold,Public Sector,Managed Cloud,45,45,45,2,95.56,16.55,0.421
2025-02-01,CUST-013,Nordic School Board,Gold,Public Sector,MPLS WAN,22,22,22,3,86.36,22.61,0.596
2025-02-01,CUST-013,Nordic School Board,Gold,Public Sector,Dedicated Internet,18,18,18,2,88.89,20.14,0.472
2025-02-01,CUST-014,Riverbend Polytechnic,Platinum,Education,MPLS WAN,34,34,34,5,85.29,16.59,0.656
2025-02-01,CUST-014,Riverbend Polytechnic,Platinum,Education,SD-WAN,137,137,137,31,77.37,12.59,0.839
2025-02-01,CUST-014,Riverbend Polytechnic,Platinum,Education,Managed Cloud,45,45,45,5,88.89,6.67,0.56
2025-02-01,CUST-014,Riverbend Polytechnic,Platinum,Education,Business Voice (SIP),105,105,105,9,91.43,9.21,0.53
2025-02-01,CUST-014,Riverbend Polytechnic,Platinum,Education,Dedicated Internet,59,59,59,12,79.66,11.03,0.595
2025-02-01,CUST-014,Riverbend Polytechnic,Platinum,Education,Managed Security,24,24,24,3,87.5,8.6,0.757
2025-02-01,CUST-015,Aurora Pharmacies,Platinum,Healthcare,SD-WAN,114,114,114,18,84.21,13.11,0.586
2025-02-01,CUST-015,Aurora Pharmacies,Platinum,Healthcare,Dedicated Internet,129,129,129,23,82.17,10.24,0.709
2025-02-01,CUST-015,Aurora Pharmacies,Platinum,Healthcare,Business Voice (SIP),77,77,77,8,89.61,11.46,0.525
2025-02-01,CUST-015,Aurora Pharmacies,Platinum,Healthcare,Managed Security,20,20,20,1,95.0,4.59,0.379
2025-02-01,CUST-015,Aurora Pharmacies,Platinum,Healthcare,Managed Cloud,46,46,46,3,93.48,6.78,0.369
2025-02-01,CUST-016,Redwood Learning Trust,Silver,Education,Managed Cloud,28,28,28,1,96.43,18.02,0.363
2025-02-01,CUST-016,Redwood Learning Trust,Silver,Education,MPLS WAN,13,13,13,0,100.0,12.26,0.303
2025-02-01,CUST-016,Redwood Learning Trust,Silver,Education,Managed Security,10,10,10,0,100.0,10.12,0.269
2025-02-01,CUST-016,Redwood Learning Trust,Silver,Education,Dedicated Internet,188,188,188,67,64.36,17.1,0.977
2025-02-01,CUST-016,Redwood Learning Trust,Silver,Education,Business Voice (SIP),16,16,16,0,100.0,24.79,0.327
2025-02-01,CUST-016,Redwood Learning Trust,Silver,Education,SD-WAN,32,32,32,6,81.25,18.28,0.638
2025-02-01,CUST-017,Coastal Energy,Gold,Energy,SD-WAN,34,34,34,9,73.53,36.34,0.875
2025-02-01,CUST-017,Coastal Energy,Gold,Energy,MPLS WAN,18,18,18,2,88.89,34.67,0.69
2025-02-01,CUST-017,Coastal Energy,Gold,Energy,Managed Security,8,8,8,0,100.0,14.05,0.269
2025-02-01,CUST-017,Coastal Energy,Gold,Energy,Business Voice (SIP),40,40,40,4,90.0,13.42,0.484
2025-02-01,CUST-017,Coastal Energy,Gold,Energy,Managed Cloud,14,14,14,0,100.0,14.96,0.382
2025-02-01,CUST-017,Coastal Energy,Gold,Energy,Dedicated Internet,246,246,246,103,58.13,14.46,1.248
2025-02-01,CUST-018,Granite Power Co-op,Gold,Energy,SD-WAN,57,57,57,13,77.19,19.98,0.691
2025-02-01,CUST-018,Granite Power Co-op,Gold,Energy,MPLS WAN,59,59,59,5,91.53,20.5,0.509
2025-02-01,CUST-018,Granite Power Co-op,Gold,Energy,Managed Security,28,28,28,2,92.86,11.51,0.324
2025-02-01,CUST-018,Granite Power Co-op,Gold,Energy,Dedicated Internet,82,82,82,31,62.2,16.72,1.124
2025-02-01,CUST-018,Granite Power Co-op,Gold,Energy,Business Voice (SIP),69,69,69,11,84.06,24.14,0.621
2025-02-01,CUST-018,Granite Power Co-op,Gold,Energy,Managed Cloud,14,14,14,1,92.86,14.48,0.379
2025-02-01,CUST-019,Stonebridge Regional Authority,Gold,Public Sector,MPLS WAN,46,46,46,7,84.78,25.88,0.591
2025-02-01,CUST-019,Stonebridge Regional Authority,Gold,Public Sector,Business Voice (SIP),53,53,53,2,96.23,22.21,0.443
2025-02-01,CUST-019,Stonebridge Regional Authority,Gold,Public Sector,Managed Cloud,23,23,23,3,86.96,18.39,0.495
2025-02-01,CUST-019,Stonebridge Regional Authority,Gold,Public Sector,Managed Security,30,30,30,3,90.0,11.1,0.432
2025-02-01,CUST-019,Stonebridge Regional Authority,Gold,Public Sector,Dedicated Internet,139,139,139,59,57.55,12.46,1.184
2025-02-01,CUST-019,Stonebridge Regional Authority,Gold,Public Sector,SD-WAN,70,70,70,14,80.0,31.99,0.812
2025-02-01,CUST-020,Orchard Distribution,Silver,Logistics,MPLS WAN,1,1,1,0,100.0,60.15,0.835
2025-02-01,CUST-020,Orchard Distribution,Silver,Logistics,Managed Security,5,5,5,0,100.0,39.71,0.452
2025-02-01,CUST-020,Orchard Distribution,Silver,Logistics,Business Voice (SIP),17,17,17,3,82.35,30.69,0.525
2025-02-01,CUST-020,Orchard Distribution,Silver,Logistics,Managed Cloud,4,4,4,0,100.0,13.72,0.246
2025-02-01,CUST-020,Orchard Distribution,Silver,Logistics,Dedicated Internet,29,29,29,1,96.55,20.24,0.406
2025-02-01,CUST-021,Keystone Distribution,Gold,Logistics,MPLS WAN,13,13,13,3,76.92,21.43,0.738
2025-02-01,CUST-021,Keystone Distribution,Gold,Logistics,SD-WAN,81,81,81,8,90.12,18.87,0.563
2025-02-01,CUST-021,Keystone Distribution,Gold,Logistics,Business Voice (SIP),51,51,51,8,84.31,21.89,0.724
2025-02-01,CUST-021,Keystone Distribution,Gold,Logistics,Managed Security,25,25,25,1,96.0,15.94,0.379
2025-02-01,CUST-021,Keystone Distribution,Gold,Logistics,Managed Cloud,41,41,41,4,90.24,15.18,0.495
2025-02-01,CUST-021,Keystone Distribution,Gold,Logistics,Dedicated Internet,68,68,68,4,94.12,16.58,0.44
2025-02-01,CUST-022,Ironwood Health Network,Silver,Healthcare,Business Voice (SIP),11,11,11,0,100.0,32.14,0.468
2025-02-01,CUST-022,Ironwood Health Network,Silver,Healthcare,MPLS WAN,7,7,7,1,85.71,21.64,0.495
2025-02-01,CUST-022,Ironwood Health Network,Silver,Healthcare,SD-WAN,19,19,19,2,89.47,31.73,0.47
2025-02-01,CUST-022,Ironwood Health Network,Silver,Healthcare,Managed Cloud,21,21,21,4,80.95,25.59,0.497
2025-02-01,CUST-022,Ironwood Health Network,Silver,Healthcare,Dedicated Internet,23,23,23,1,95.65,28.42,0.471
2025-02-01,CUST-023,Silverline Learning Trust,Bronze,Education,Dedicated Internet,40,40,40,8,80.0,43.07,0.661
2025-02-01,CUST-023,Silverline Learning Trust,Bronze,Education,Managed Security,19,19,19,3,84.21,33.35,0.497
2025-02-01,CUST-023,Silverline Learning Trust,Bronze,Education,Managed Cloud,31,31,31,3,90.32,26.47,0.553
2025-02-01,CUST-023,Silverline Learning Trust,Bronze,Education,SD-WAN,34,34,34,6,82.35,56.58,0.703
2025-02-01,CUST-023,Silverline Learning Trust,Bronze,Education,MPLS WAN,9,9,9,2,77.78,49.56,0.515
2025-02-01,CUST-023,Silverline Learning Trust,Bronze,Education,Business Voice (SIP),24,24,24,3,87.5,31.74,0.495
2025-02-01,CUST-024,Cascadia Academy,Gold,Education,MPLS WAN,8,8,8,1,87.5,36.05,0.507
2025-02-01,CUST-024,Cascadia Academy,Gold,Education,Managed Security,31,31,31,3,90.32,28.87,0.603
2025-02-01,CUST-024,Cascadia Academy,Gold,Education,Dedicated Internet,103,103,103,25,75.73,28.75,0.754
2025-02-01,CUST-024,Cascadia Academy,Gold,Education,Managed Cloud,49,49,49,11,77.55,17.99,0.62
2025-02-01,CUST-024,Cascadia Academy,Gold,Education,SD-WAN,21,21,21,3,85.71,34.68,0.805
2025-02-01,CUST-024,Cascadia Academy,Gold,Education,Business Voice (SIP),67,67,67,8,88.06,20.93,0.631
2025-02-01,CUST-025,Cedar Marketplaces,Bronze,Retail,SD-WAN,19,19,19,4,78.95,73.97,1.026
2025-02-01,CUST-025,Cedar Marketplaces,Bronze,Retail,MPLS WAN,4,4,4,0,100.0,56.72,0.449
2025-02-01,CUST-026,Frontier Freight Lines,Gold,Logistics,Dedicated Internet,74,74,74,8,89.19,16.27,0.469
2025-02-01,CUST-026,Frontier Freight Lines,Gold,Logistics,SD-WAN,51,51,51,14,72.55,22.59,0.849
2025-02-01,CUST-026,Frontier Freight Lines,Gold,Logistics,MPLS WAN,6,6,6,1,83.33,7.36,0.483
2025-02-01,CUST-026,Frontier Freight Lines,Gold,Logistics,Managed Security,13,13,13,1,92.31,15.2,0.456
2025-02-01,CUST-026,Frontier Freight Lines,Gold,Logistics,Managed Cloud,41,41,41,2,95.12,18.58,0.422
2025-02-01,CUST-026,Frontier Freight Lines,Gold,Logistics,Business Voice (SIP),53,53,53,6,88.68,25.85,0.622
2025-02-01,CUST-027,Trillium Medical Centres,Bronze,Healthcare,Managed Security,18,18,18,3,83.33,40.98,0.894
2025-02-01,CUST-027,Trillium Medical Centres,Bronze,Healthcare,Managed Cloud,16,16,16,4,75.0,51.92,1.007
2025-02-01,CUST-027,Trillium Medical Centres,Bronze,Healthcare,Business Voice (SIP),12,12,12,4,66.67,97.89,0.781
2025-02-01,CUST-027,Trillium Medical Centres,Bronze,Healthcare,Dedicated Internet,22,22,22,6,72.73,55.58,0.79
2025-02-01,CUST-028,Beacon Pipelines,Bronze,Energy,MPLS WAN,5,5,5,3,40.0,90.21,0.988
2025-02-01,CUST-028,Beacon Pipelines,Bronze,Energy,Dedicated Internet,26,26,26,10,61.54,76.42,0.911
2025-02-01,CUST-028,Beacon Pipelines,Bronze,Energy,SD-WAN,11,11,11,6,45.45,104.99,1.227
2025-02-01,CUST-028,Beacon Pipelines,Bronze,Energy,Managed Cloud,11,11,11,2,81.82,61.0,0.719
2025-02-01,CUST-028,Beacon Pipelines,Bronze,Energy,Managed Security,14,14,14,2,85.71,26.52,0.507
2025-02-01,CUST-029,Pinecrest Energy,Bronze,Energy,Business Voice (SIP),5,5,5,2,60.0,55.98,1.5
2025-02-01,CUST-029,Pinecrest Energy,Bronze,Energy,Dedicated Internet,8,8,8,0,100.0,42.21,0.35
2025-02-01,CUST-029,Pinecrest Energy,Bronze,Energy,SD-WAN,3,3,3,0,100.0,34.33,0.435
2025-02-01,CUST-030,Summit Retail Group,Platinum,Retail,Managed Security,46,46,46,1,97.83,10.11,0.47
2025-02-01,CUST-030,Summit Retail Group,Platinum,Retail,Dedicated Internet,67,67,67,4,94.03,10.06,0.432
2025-02-01,CUST-030,Summit Retail Group,Platinum,Retail,SD-WAN,128,128,128,16,87.5,8.33,0.557
2025-02-01,CUST-030,Summit Retail Group,Platinum,Retail,MPLS WAN,39,39,39,2,94.87,7.41,0.462
2025-02-01,CUST-030,Summit Retail Group,Platinum,Retail,Managed Cloud,46,46,46,2,95.65,6.22,0.335
2025-02-01,CUST-030,Summit Retail Group,Platinum,Retail,Business Voice (SIP),130,130,130,12,90.77,9.5,0.46
2025-02-01,CUST-031,Crestview Pipelines,Silver,Energy,SD-WAN,33,33,33,3,90.91,21.78,0.518
2025-02-01,CUST-031,Crestview Pipelines,Silver,Energy,Managed Cloud,6,6,6,1,83.33,23.3,0.42
2025-02-01,CUST-031,Crestview Pipelines,Silver,Energy,Dedicated Internet,17,17,17,2,88.24,25.31,0.748
2025-02-01,CUST-031,Crestview Pipelines,Silver,Energy,Business Voice (SIP),12,12,12,2,83.33,24.14,0.549
2025-02-01,CUST-031,Crestview Pipelines,Silver,Energy,Managed Security,3,3,3,0,100.0,15.72,0.36
2025-02-01,CUST-032,Meridian Distribution,Platinum,Logistics,SD-WAN,96,96,96,10,89.58,10.91,0.509
2025-02-01,CUST-032,Meridian Distribution,Platinum,Logistics,Managed Security,50,50,50,2,96.0,6.97,0.405
2025-02-01,CUST-032,Meridian Distribution,Platinum,Logistics,MPLS WAN,18,18,18,1,94.44,6.7,0.442
2025-02-01,CUST-032,Meridian Distribution,Platinum,Logistics,Managed Cloud,13,13,13,1,92.31,7.91,0.605
2025-02-01,CUST-032,Meridian Distribution,Platinum,Logistics,Dedicated Internet,99,99,99,10,89.9,9.33,0.507
2025-02-01,CUST-032,Meridian Distribution,Platinum,Logistics,Business Voice (SIP),126,126,126,14,88.89,11.36,0.576
2025-02-01,CUST-033,Boreal Retail Group,Gold,Retail,Managed Security,29,29,29,2,93.1,17.89,0.467
2025-02-01,CUST-033,Boreal Retail Group,Gold,Retail,Business Voice (SIP),44,44,44,4,90.91,28.07,0.507
2025-02-01,CUST-033,Boreal Retail Group,Gold,Retail,Dedicated Internet,28,28,28,2,92.86,15.56,0.498
2025-02-01,CUST-033,Boreal Retail Group,Gold,Retail,MPLS WAN,34,34,34,5,85.29,16.79,0.676
2025-02-01,CUST-033,Boreal Retail Group,Gold,Retail,SD-WAN,73,73,73,9,87.67,23.47,0.646
2025-02-01,CUST-033,Boreal Retail Group,Gold,Retail,Managed Cloud,25,25,25,2,92.0,11.16,0.441
2025-02-01,CUST-034,Evergreen Stores Ltd.,Platinum,Retail,Dedicated Internet,69,69,69,10,85.51,8.47,0.621
2025-02-01,CUST-034,Evergreen Stores Ltd.,Platinum,Retail,Managed Cloud,17,17,17,0,100.0,8.9,0.337
2025-02-01,CUST-034,Evergreen Stores Ltd.,Platinum,Retail,MPLS WAN,17,17,17,1,94.12,11.36,0.492
2025-02-01,CUST-034,Evergreen Stores Ltd.,Platinum,Retail,SD-WAN,70,70,70,15,78.57,16.39,0.746
2025-02-01,CUST-034,Evergreen Stores Ltd.,Platinum,Retail,Managed Security,25,25,25,5,80.0,15.94,0.705
2025-02-01,CUST-034,Evergreen Stores Ltd.,Platinum,Retail,Business Voice (SIP),58,58,58,7,87.93,14.7,0.562
2025-02-01,CUST-035,Ridgeline Stores Ltd.,Gold,Retail,SD-WAN,42,42,42,5,88.1,14.38,0.516
2025-02-01,CUST-035,Ridgeline Stores Ltd.,Gold,Retail,MPLS WAN,29,29,29,3,89.66,16.96,0.626
2025-02-01,CUST-035,Ridgeline Stores Ltd.,Gold,Retail,Business Voice (SIP),54,54,54,9,83.33,16.4,0.526
2025-02-01,CUST-035,Ridgeline Stores Ltd.,Gold,Retail,Dedicated Internet,135,135,135,32,76.3,9.65,0.83
2025-02-01,CUST-036,Highland College,Platinum,Education,Managed Security,26,26,26,3,88.46,10.37,0.466
2025-02-01,CUST-036,Highland College,Platinum,Education,MPLS WAN,34,34,34,5,85.29,14.37,0.541
2025-02-01,CUST-036,Highland College,Platinum,Education,Managed Cloud,27,27,27,0,100.0,12.42,0.408
2025-02-01,CUST-036,Highland College,Platinum,Education,SD-WAN,53,53,53,6,88.68,8.95,0.586
2025-02-01,CUST-036,Highland College,Platinum,Education,Dedicated Internet,66,66,66,4,93.94,9.4,0.445
2025-02-01,CUST-036,Highland College,Platinum,Education,Business Voice (SIP),69,69,69,6,91.3,10.5,0.537
2025-02-01,CUST-037,Glacier Retail Group,Gold,Retail,Business Voice (SIP),40,40,40,7,82.5,25.32,0.68
2025-02-01,CUST-037,Glacier Retail Group,Gold,Retail,SD-WAN,46,46,46,13,71.74,28.64,0.821
2025-02-01,CUST-037,Glacier Retail Group,Gold,Retail,MPLS WAN,48,48,48,12,75.0,39.8,0.842
2025-02-01,CUST-037,Glacier Retail Group,Gold,Retail,Managed Cloud,15,15,15,2,86.67,23.81,0.593
2025-02-01,CUST-037,Glacier Retail Group,Gold,Retail,Dedicated Internet,77,77,77,11,85.71,17.41,0.6
2025-02-01,CUST-037,Glacier Retail Group,Gold,Retail,Managed Security,12,12,12,1,91.67,14.11,0.449
2025-02-01,CUST-038,Harbour Renewables,Silver,Energy,Managed Security,12,12,12,2,83.33,28.91,0.461
2025-02-01,CUST-038,Harbour Renewables,Silver,Energy,MPLS WAN,27,27,27,7,74.07,35.61,0.784
2025-02-01,CUST-038,Harbour Renewables,Silver,Energy,Dedicated Internet,40,40,40,4,90.0,30.04,0.521
2025-02-01,CUST-038,Harbour Renewables,Silver,Energy,Business Voice (SIP),17,17,17,2,88.24,37.45,0.59
2025-02-01,CUST-038,Harbour Renewables,Silver,Energy,Managed Cloud,5,5,5,0,100.0,23.78,0.43
2025-02-01,CUST-038,Harbour Renewables,Silver,Energy,SD-WAN,11,11,11,1,90.91,27.89,0.647
2025-02-01,CUST-039,Quarry Academy,Silver,Education,MPLS WAN,38,38,38,7,81.58,27.33,0.63
2025-02-01,CUST-039,Quarry Academy,Silver,Education,Managed Cloud,18,18,18,0,100.0,25.13,0.353
2025-02-01,CUST-039,Quarry Academy,Silver,Education,Business Voice (SIP),80,80,80,6,92.5,23.35,0.465
2025-02-01,CUST-039,Quarry Academy,Silver,Education,Managed Security,15,15,15,0,100.0,23.54,0.301
2025-02-01,CUST-039,Quarry Academy,Silver,Education,SD-WAN,59,59,59,8,86.44,30.48,0.651
2025-02-01,CUST-039,Quarry Academy,Silver,Education,Dedicated Internet,54,54,54,2,96.3,21.7,0.407
2025-02-01,CUST-040,Tundra Fabrication,Gold,Manufacturing,Dedicated Internet,68,68,68,9,86.76,17.99,0.49
2025-02-01,CUST-040,Tundra Fabrication,Gold,Manufacturing,Business Voice (SIP),57,57,57,9,84.21,20.76,0.568
2025-02-01,CUST-040,Tundra Fabrication,Gold,Manufacturing,MPLS WAN,2,2,2,0,100.0,53.37,0.654
2025-02-01,CUST-040,Tundra Fabrication,Gold,Manufacturing,Managed Cloud,17,17,17,1,94.12,14.98,0.568
2025-02-01,CUST-040,Tundra Fabrication,Gold,Manufacturing,Managed Security,14,14,14,1,92.86,12.25,0.419
2025-02-01,CUST-040,Tundra Fabrication,Gold,Manufacturing,SD-WAN,20,20,20,5,75.0,36.55,0.895
2025-03-01,CUST-001,Lakeview Health Network,Silver,Healthcare,Managed Security,3,3,3,0,100.0,4.28,0.138
2025-03-01,CUST-001,Lakeview Health Network,Silver,Healthcare,Managed Cloud,8,8,8,1,87.5,12.72,0.438
2025-03-01,CUST-001,Lakeview Health Network,Silver,Healthcare,Business Voice (SIP),17,17,17,0,100.0,21.76,0.428
2025-03-01,CUST-001,Lakeview Health Network,Silver,Healthcare,MPLS WAN,19,19,19,1,94.74,19.17,0.388
2025-03-01,CUST-001,Lakeview Health Network,Silver,Healthcare,Dedicated Internet,30,30,30,2,93.33,17.84,0.649
2025-03-01,CUST-001,Lakeview Health Network,Silver,Healthcare,SD-WAN,4,4,4,1,75.0,20.74,0.566
2025-03-01,CUST-002,Westgate Care Group,Silver,Healthcare,Dedicated Internet,8,8,8,0,100.0,49.2,0.531
2025-03-01,CUST-002,Westgate Care Group,Silver,Healthcare,MPLS WAN,5,5,5,2,60.0,10.57,1.195
2025-03-01,CUST-002,Westgate Care Group,Silver,Healthcare,Managed Cloud,13,13,13,0,100.0,29.46,0.435
2025-03-01,CUST-002,Westgate Care Group,Silver,Healthcare,SD-WAN,10,10,10,5,50.0,58.13,0.944
2025-03-01,CUST-002,Westgate Care Group,Silver,Healthcare,Business Voice (SIP),8,8,8,2,75.0,24.07,0.678
2025-03-01,CUST-002,Westgate Care Group,Silver,Healthcare,Managed Security,1,1,1,0,100.0,8.38,0.116
2025-03-01,CUST-003,Juniper Polytechnic,Platinum,Education,MPLS WAN,35,35,35,6,82.86,12.67,0.625
2025-03-01,CUST-003,Juniper Polytechnic,Platinum,Education,SD-WAN,110,110,110,34,69.09,18.72,0.837
2025-03-01,CUST-003,Juniper Polytechnic,Platinum,Education,Managed Security,51,51,51,5,90.2,13.68,0.612
2025-03-01,CUST-003,Juniper Polytechnic,Platinum,Education,Business Voice (SIP),63,63,63,13,79.37,11.88,0.846
2025-03-01,CUST-003,Juniper Polytechnic,Platinum,Education,Managed Cloud,23,23,23,7,69.57,18.94,0.876
2025-03-01,CUST-003,Juniper Polytechnic,Platinum,Education,Dedicated Internet,150,150,150,25,83.33,20.63,0.654
2025-03-01,CUST-004,Heritage College,Bronze,Education,Managed Security,9,9,9,1,88.89,33.96,0.497
2025-03-01,CUST-004,Heritage College,Bronze,Education,MPLS WAN,5,5,5,3,40.0,80.21,0.915
2025-03-01,CUST-004,Heritage College,Bronze,Education,SD-WAN,29,29,29,9,68.97,72.54,0.86
2025-03-01,CUST-004,Heritage College,Bronze,Education,Managed Cloud,13,13,13,4,69.23,95.88,1.054
2025-03-01,CUST-004,Heritage College,Bronze,Education,Dedicated Internet,36,36,36,11,69.44,56.73,0.871
2025-03-01,CUST-005,Bluewater Health Network,Silver,Healthcare,Managed Security,16,16,16,0,100.0,13.63,0.31
2025-03-01,CUST-005,Bluewater Health Network,Silver,Healthcare,Business Voice (SIP),41,41,41,6,85.37,26.96,0.968
2025-03-01,CUST-005,Bluewater Health Network,Silver,Healthcare,Dedicated Internet,7,7,7,1,85.71,36.08,0.495
2025-03-01,CUST-005,Bluewater Health Network,Silver,Healthcare,SD-WAN,28,28,28,5,82.14,30.31,0.61
2025-03-01,CUST-006,Northshore Utilities,Silver,Public Sector,Dedicated Internet,41,41,41,5,87.8,28.55,0.558
2025-03-01,CUST-006,Northshore Utilities,Silver,Public Sector,Managed Security,5,5,5,0,100.0,6.46,0.229
2025-03-01,CUST-006,Northshore Utilities,Silver,Public Sector,MPLS WAN,6,6,6,1,83.33,34.5,0.703
2025-03-01,CUST-006,Northshore Utilities,Silver,Public Sector,SD-WAN,23,23,23,2,91.3,38.69,0.743
2025-03-01,CUST-006,Northshore Utilities,Silver,Public Sector,Business Voice (SIP),63,63,63,5,92.06,26.04,0.48
2025-03-01,CUST-007,Ashford Renewables,Bronze,Energy,SD-WAN,20,20,20,7,65.0,62.08,0.907
2025-03-01,CUST-007,Ashford Renewables,Bronze,Energy,Dedicated Internet,14,14,14,1,92.86,34.6,0.511
2025-03-01,CUST-007,Ashford Renewables,Bronze,Energy,Managed Cloud,8,8,8,1,87.5,58.98,0.568
2025-03-01,CUST-007,Ashford Renewables,Bronze,Energy,Managed Security,11,11,11,0,100.0,22.02,0.239
2025-03-01,CUST-008,Maple College,Gold,Education,SD-WAN,42,42,42,9,78.57,26.2,0.595
2025-03-01,CUST-008,Maple College,Gold,Education,Managed Security,11,11,11,0,100.0,16.95,0.342
2025-03-01,CUST-008,Maple College,Gold,Education,Business Voice (SIP),28,28,28,4,85.71,22.81,0.558
2025-03-01,CUST-008,Maple College,Gold,Education,Dedicated Internet,42,42,42,4,90.48,14.73,0.456
2025-03-01,CUST-008,Maple College,Gold,Education,Managed Cloud,32,32,32,1,96.88,16.62,0.355
2025-03-01,CUST-008,Maple College,Gold,Education,MPLS WAN,15,15,15,3,80.0,24.86,0.522
2025-03-01,CUST-009,Dominion Outfitters,Silver,Retail,Business Voice (SIP),42,42,42,4,90.48,21.71,0.531
2025-03-01,CUST-009,Dominion Outfitters,Silver,Retail,MPLS WAN,5,5,5,1,80.0,54.32,1.154
2025-03-01,CUST-009,Dominion Outfitters,Silver,Retail,SD-WAN,14,14,14,1,92.86,19.25,0.418
2025-03-01,CUST-009,Dominion Outfitters,Silver,Retail,Dedicated Internet,15,15,15,1,93.33,22.47,0.444
2025-03-01,CUST-009,Dominion Outfitters,Silver,Retail,Managed Security,7,7,7,0,100.0,22.07,0.412
2025-03-01,CUST-009,Dominion Outfitters,Silver,Retail,Managed Cloud,8,8,8,2,75.0,53.92,0.809
2025-03-01,CUST-010,Lighthouse Manufacturing,Gold,Manufacturing,Business Voice (SIP),46,46,46,3,93.48,21.27,0.468
2025-03-01,CUST-010,Lighthouse Manufacturing,Gold,Manufacturing,Dedicated Internet,35,35,35,2,94.29,22.38,0.5
2025-03-01,CUST-010,Lighthouse Manufacturing,Gold,Manufacturing,Managed Security,21,21,21,2,90.48,17.7,0.412
2025-03-01,CUST-010,Lighthouse Manufacturing,Gold,Manufacturing,MPLS WAN,47,47,47,5,89.36,12.94,0.571
2025-03-01,CUST-010,Lighthouse Manufacturing,Gold,Manufacturing,Managed Cloud,20,20,20,2,90.0,14.42,0.822
2025-03-01,CUST-010,Lighthouse Manufacturing,Gold,Manufacturing,SD-WAN,59,59,59,7,88.14,15.65,0.654
2025-03-01,CUST-011,Prairie Health Network,Silver,Healthcare,Managed Security,10,10,10,1,90.0,29.3,0.371
2025-03-01,CUST-011,Prairie Health Network,Silver,Healthcare,Business Voice (SIP),11,11,11,3,72.73,32.86,0.675
2025-03-01,CUST-011,Prairie Health Network,Silver,Healthcare,Dedicated Internet,42,42,42,7,83.33,24.64,0.504
2025-03-01,CUST-011,Prairie Health Network,Silver,Healthcare,SD-WAN,32,32,32,5,84.38,40.13,0.619
2025-03-01,CUST-011,Prairie Health Network,Silver,Healthcare,MPLS WAN,10,10,10,0,100.0,23.54,0.462
2025-03-01,CUST-011,Prairie Health Network,Silver,Healthcare,Managed Cloud,13,13,13,2,84.62,29.56,0.504
2025-03-01,CUST-012,Pioneer Freight Lines,Silver,Logistics,Managed Cloud,10,10,10,0,100.0,13.22,0.308
2025-03-01,CUST-012,Pioneer Freight Lines,Silver,Logistics,Managed Security,8,8,8,1,87.5,49.48,0.527
2025-03-01,CUST-012,Pioneer Freight Lines,Silver,Logistics,Business Voice (SIP),70,70,70,14,80.0,40.57,0.69
2025-03-01,CUST-012,Pioneer Freight Lines,Silver,Logistics,Dedicated Internet,22,22,22,2,90.91,37.43,0.548
2025-03-01,CUST-012,Pioneer Freight Lines,Silver,Logistics,SD-WAN,78,78,78,25,67.95,47.48,0.929
2025-03-01,CUST-013,Nordic School Board,Gold,Public Sector,Business Voice (SIP),29,29,29,1,96.55,15.77,0.449
2025-03-01,CUST-013,Nordic School Board,Gold,Public Sector,Managed Cloud,44,44,44,4,90.91,20.1,0.439
2025-03-01,CUST-013,Nordic School Board,Gold,Public Sector,Dedicated Internet,24,24,24,4,83.33,18.03,0.934
2025-03-01,CUST-013,Nordic School Board,Gold,Public Sector,Managed Security,29,29,29,2,93.1,13.12,0.39
2025-03-01,CUST-013,Nordic School Board,Gold,Public Sector,SD-WAN,44,44,44,4,90.91,22.32,0.534
2025-03-01,CUST-013,Nordic School Board,Gold,Public Sector,MPLS WAN,19,19,19,2,89.47,22.24,0.567
2025-03-01,CUST-014,Riverbend Polytechnic,Platinum,Education,Business Voice (SIP),100,100,100,21,79.0,15.93,0.722
2025-03-01,CUST-014,Riverbend Polytechnic,Platinum,Education,Dedicated Internet,68,68,68,9,86.76,13.43,0.636
2025-03-01,CUST-014,Riverbend Polytechnic,Platinum,Education,Managed Security,37,37,37,6,83.78,12.98,0.722
2025-03-01,CUST-014,Riverbend Polytechnic,Platinum,Education,MPLS WAN,34,34,34,7,79.41,10.46,0.71
2025-03-01,CUST-014,Riverbend Polytechnic,Platinum,Education,Managed Cloud,52,52,52,5,90.38,10.03,0.671
2025-03-01,CUST-014,Riverbend Polytechnic,Platinum,Education,SD-WAN,135,135,135,31,77.04,15.19,0.835
2025-03-01,CUST-015,Aurora Pharmacies,Platinum,Healthcare,Business Voice (SIP),71,71,71,11,84.51,11.96,0.593
2025-03-01,CUST-015,Aurora Pharmacies,Platinum,Healthcare,SD-WAN,119,119,119,24,79.83,13.23,0.741
2025-03-01,CUST-015,Aurora Pharmacies,Platinum,Healthcare,Dedicated Internet,115,115,115,18,84.35,12.63,0.563
2025-03-01,CUST-015,Aurora Pharmacies,Platinum,Healthcare,Managed Security,16,16,16,1,93.75,6.72,0.413
2025-03-01,CUST-015,Aurora Pharmacies,Platinum,Healthcare,Managed Cloud,36,36,36,2,94.44,7.8,0.487
2025-03-01,CUST-016,Redwood Learning Trust,Silver,Education,Managed Cloud,19,19,19,0,100.0,18.96,0.247
2025-03-01,CUST-016,Redwood Learning Trust,Silver,Education,MPLS WAN,4,4,4,1,75.0,24.06,0.625
2025-03-01,CUST-016,Redwood Learning Trust,Silver,Education,Managed Security,10,10,10,2,80.0,20.31,0.464
2025-03-01,CUST-016,Redwood Learning Trust,Silver,Education,Business Voice (SIP),12,12,12,2,83.33,32.32,0.506
2025-03-01,CUST-016,Redwood Learning Trust,Silver,Education,Dedicated Internet,25,25,25,4,84.0,19.62,0.492
2025-03-01,CUST-016,Redwood Learning Trust,Silver,Education,SD-WAN,24,24,24,3,87.5,33.27,0.913
2025-03-01,CUST-017,Coastal Energy,Gold,Energy,Managed Cloud,9,9,9,1,88.89,22.15,0.507
2025-03-01,CUST-017,Coastal Energy,Gold,Energy,SD-WAN,39,39,39,6,84.62,30.22,0.687
2025-03-01,CUST-017,Coastal Energy,Gold,Energy,MPLS WAN,12,12,12,2,83.33,29.82,0.711
2025-03-01,CUST-017,Coastal Energy,Gold,Energy,Managed Security,10,10,10,1,90.0,12.04,0.527
2025-03-01,CUST-017,Coastal Energy,Gold,Energy,Business Voice (SIP),53,53,53,6,88.68,15.8,0.498
2025-03-01,CUST-017,Coastal Energy,Gold,Energy,Dedicated Internet,58,58,58,7,87.93,14.9,0.608
2025-03-01,CUST-018,Granite Power Co-op,Gold,Energy,SD-WAN,48,48,48,6,87.5,24.37,0.657
2025-03-01,CUST-018,Granite Power Co-op,Gold,Energy,Managed Cloud,18,18,18,1,94.44,28.76,0.453
2025-03-01,CUST-018,Granite Power Co-op,Gold,Energy,MPLS WAN,61,61,61,10,83.61,23.12,0.662
2025-03-01,CUST-018,Granite Power Co-op,Gold,Energy,Dedicated Internet,22,22,22,2,90.91,24.42,0.531
2025-03-01,CUST-018,Granite Power Co-op,Gold,Energy,Managed Security,48,48,48,3,93.75,14.43,0.436
2025-03-01,CUST-018,Granite Power Co-op,Gold,Energy,Business Voice (SIP),67,67,67,5,92.54,15.72,0.506
2025-03-01,CUST-019,Stonebridge Regional Authority,Gold,Public Sector,Business Voice (SIP),53,53,53,7,86.79,16.18,0.538
2025-03-01,CUST-019,Stonebridge Regional Authority,Gold,Public Sector,MPLS WAN,47,47,47,4,91.49,20.74,0.615
2025-03-01,CUST-019,Stonebridge Regional Authority,Gold,Public Sector,Dedicated Internet,61,61,61,14,77.05,20.06,0.67
2025-03-01,CUST-019,Stonebridge Regional Authority,Gold,Public Sector,SD-WAN,78,78,78,11,85.9,23.04,0.628
2025-03-01,CUST-019,Stonebridge Regional Authority,Gold,Public Sector,Managed Security,35,35,35,2,94.29,13.05,0.424
2025-03-01,CUST-019,Stonebridge Regional Authority,Gold,Public Sector,Managed Cloud,15,15,15,0,100.0,19.45,0.464
2025-03-01,CUST-020,Orchard Distribution,Silver,Logistics,Managed Cloud,9,9,9,2,77.78,26.6,0.791
2025-03-01,CUST-020,Orchard Distribution,Silver,Logistics,Business Voice (SIP),22,22,22,6,72.73,36.44,0.673
2025-03-01,CUST-020,Orchard Distribution,Silver,Logistics,Managed Security,7,7,7,0,100.0,43.14,0.548
2025-03-01,CUST-020,Orchard Distribution,Silver,Logistics,MPLS WAN,6,6,6,3,50.0,42.37,0.837
2025-03-01,CUST-020,Orchard Distribution,Silver,Logistics,Dedicated Internet,28,28,28,3,89.29,33.89,0.557
2025-03-01,CUST-021,Keystone Distribution,Gold,Logistics,Managed Cloud,38,38,38,1,97.37,20.08,0.418
2025-03-01,CUST-021,Keystone Distribution,Gold,Logistics,Managed Security,37,37,37,4,89.19,13.66,0.511
2025-03-01,CUST-021,Keystone Distribution,Gold,Logistics,Dedicated Internet,61,61,61,3,95.08,20.56,0.461
2025-03-01,CUST-021,Keystone Distribution,Gold,Logistics,MPLS WAN,13,13,13,2,84.62,31.23,0.837
2025-03-01,CUST-021,Keystone Distribution,Gold,Logistics,SD-WAN,98,98,98,13,86.73,24.2,0.654
2025-03-01,CUST-021,Keystone Distribution,Gold,Logistics,Business Voice (SIP),62,62,62,5,91.94,23.82,0.63
2025-03-01,CUST-022,Ironwood Health Network,Silver,Healthcare,Managed Cloud,16,16,16,1,93.75,21.43,0.489
2025-03-01,CUST-022,Ironwood Health Network,Silver,Healthcare,SD-WAN,31,31,31,10,67.74,59.15,0.754
2025-03-01,CUST-022,Ironwood Health Network,Silver,Healthcare,Dedicated Internet,23,23,23,0,100.0,25.41,0.388
2025-03-01,CUST-022,Ironwood Health Network,Silver,Healthcare,Business Voice (SIP),9,9,9,1,88.89,47.35,0.609
2025-03-01,CUST-022,Ironwood Health Network,Silver,Healthcare,MPLS WAN,5,5,5,0,100.0,31.28,0.408
2025-03-01,CUST-023,Silverline Learning Trust,Bronze,Education,Dedicated Internet,48,48,48,4,91.67,46.84,0.592
2025-03-01,CUST-023,Silverline Learning Trust,Bronze,Education,SD-WAN,31,31,31,4,87.1,52.32,0.626
2025-03-01,CUST-023,Silverline Learning Trust,Bronze,Education,Managed Security,16,16,16,1,93.75,44.82,0.387
2025-03-01,CUST-023,Silverline Learning Trust,Bronze,Education,Business Voice (SIP),27,27,27,4,85.19,32.57,0.52
2025-03-01,CUST-023,Silverline Learning Trust,Bronze,Education,Managed Cloud,26,26,26,3,88.46,51.46,0.606
2025-03-01,CUST-023,Silverline Learning Trust,Bronze,Education,MPLS WAN,15,15,15,3,80.0,43.26,0.903
2025-03-01,CUST-024,Cascadia Academy,Gold,Education,Business Voice (SIP),63,63,63,19,69.84,30.44,0.834
2025-03-01,CUST-024,Cascadia Academy,Gold,Education,Managed Security,33,33,33,2,93.94,19.45,0.397
2025-03-01,CUST-024,Cascadia Academy,Gold,Education,Dedicated Internet,94,94,94,24,74.47,28.62,0.763
2025-03-01,CUST-024,Cascadia Academy,Gold,Education,MPLS WAN,10,10,10,0,100.0,29.55,0.529
2025-03-01,CUST-024,Cascadia Academy,Gold,Education,SD-WAN,31,31,31,7,77.42,27.54,0.727
2025-03-01,CUST-024,Cascadia Academy,Gold,Education,Managed Cloud,54,54,54,11,79.63,22.66,0.757
2025-03-01,CUST-025,Cedar Marketplaces,Bronze,Retail,MPLS WAN,8,8,8,3,62.5,74.09,0.918
2025-03-01,CUST-025,Cedar Marketplaces,Bronze,Retail,SD-WAN,12,12,12,2,83.33,48.92,0.642
2025-03-01,CUST-026,Frontier Freight Lines,Gold,Logistics,Business Voice (SIP),60,60,60,7,88.33,18.66,0.51
2025-03-01,CUST-026,Frontier Freight Lines,Gold,Logistics,SD-WAN,65,65,65,10,84.62,18.06,0.601
2025-03-01,CUST-026,Frontier Freight Lines,Gold,Logistics,MPLS WAN,4,4,4,1,75.0,35.72,0.854
2025-03-01,CUST-026,Frontier Freight Lines,Gold,Logistics,Managed Cloud,42,42,42,5,88.1,12.6,0.486
2025-03-01,CUST-026,Frontier Freight Lines,Gold,Logistics,Managed Security,23,23,23,2,91.3,16.16,0.411
2025-03-01,CUST-026,Frontier Freight Lines,Gold,Logistics,Dedicated Internet,92,92,92,14,84.78,26.04,0.633
2025-03-01,CUST-027,Trillium Medical Centres,Bronze,Healthcare,Managed Cloud,12,12,12,0,100.0,50.65,0.56
2025-03-01,CUST-027,Trillium Medical Centres,Bronze,Healthcare,Dedicated Internet,27,27,27,8,70.37,45.52,0.88
2025-03-01,CUST-027,Trillium Medical Centres,Bronze,Healthcare,Managed Security,15,15,15,2,86.67,40.27,0.593
2025-03-01,CUST-027,Trillium Medical Centres,Bronze,Healthcare,Business Voice (SIP),9,9,9,2,77.78,55.29,0.576
2025-03-01,CUST-028,Beacon Pipelines,Bronze,Energy,Managed Cloud,12,12,12,1,91.67,35.72,0.494
2025-03-01,CUST-028,Beacon Pipelines,Bronze,Energy,SD-WAN,6,6,6,4,33.33,119.53,0.981
2025-03-01,CUST-028,Beacon Pipelines,Bronze,Energy,MPLS WAN,1,1,1,0,100.0,13.99,0.389
2025-03-01,CUST-028,Beacon Pipelines,Bronze,Energy,Managed Security,14,14,14,4,71.43,77.92,1.074
2025-03-01,CUST-028,Beacon Pipelines,Bronze,Energy,Dedicated Internet,19,19,19,5,73.68,75.16,0.784
2025-03-01,CUST-029,Pinecrest Energy,Bronze,Energy,Business Voice (SIP),4,4,4,0,100.0,28.73,0.263
2025-03-01,CUST-029,Pinecrest Energy,Bronze,Energy,SD-WAN,3,3,3,0,100.0,78.88,0.474
2025-03-01,CUST-029,Pinecrest Energy,Bronze,Energy,Dedicated Internet,4,4,4,0,100.0,70.27,0.527
2025-03-01,CUST-030,Summit Retail Group,Platinum,Retail,Dedicated Internet,77,77,77,2,97.4,8.28,0.37
2025-03-01,CUST-030,Summit Retail Group,Platinum,Retail,MPLS WAN,43,43,43,4,90.7,10.81,0.486
2025-03-01,CUST-030,Summit Retail Group,Platinum,Retail,Managed Cloud,57,57,57,4,92.98,8.67,0.399
2025-03-01,CUST-030,Summit Retail Group,Platinum,Retail,Business Voice (SIP),129,129,129,14,89.15,9.39,0.532
2025-03-01,CUST-030,Summit Retail Group,Platinum,Retail,SD-WAN,139,139,139,12,91.37,8.34,0.504
2025-03-01,CUST-030,Summit Retail Group,Platinum,Retail,Managed Security,50,50,50,5,90.0,7.98,0.394
2025-03-01,CUST-031,Crestview Pipelines,Silver,Energy,Managed Cloud,11,11,11,2,81.82,24.41,0.532
2025-03-01,CUST-031,Crestview Pipelines,Silver,Energy,Dedicated Internet,20,20,20,2,90.0,32.71,0.501
2025-03-01,CUST-031,Crestview Pipelines,Silver,Energy,Managed Security,3,3,3,0,100.0,13.86,0.182
2025-03-01,CUST-031,Crestview Pipelines,Silver,Energy,Business Voice (SIP),11,11,11,1,90.91,30.57,0.548
2025-03-01,CUST-031,Crestview Pipelines,Silver,Energy,SD-WAN,17,17,17,3,82.35,23.89,0.557
2025-03-01,CUST-032,Meridian Distribution,Platinum,Logistics,Dedicated Internet,114,114,114,8,92.98,9.77,0.477
2025-03-01,CUST-032,Meridian Distribution,Platinum,Logistics,MPLS WAN,13,13,13,0,100.0,7.65,0.433
2025-03-01,CUST-032,Meridian Distribution,Platinum,Logistics,Managed Cloud,15,15,15,2,86.67,6.9,0.417
2025-03-01,CUST-032,Meridian Distribution,Platinum,Logistics,SD-WAN,105,105,105,13,87.62,9.36,0.533
2025-03-01,CUST-032,Meridian Distribution,Platinum,Logistics,Managed Security,57,57,57,4,92.98,12.15,0.531
2025-03-01,CUST-032,Meridian Distribution,Platinum,Logistics,Business Voice (SIP),146,146,146,15,89.73,9.44,0.539
2025-03-01,CUST-033,Boreal Retail Group,Gold,Retail,Managed Cloud,19,19,19,1,94.74,14.71,0.369
2025-03-01,CUST-033,Boreal Retail Group,Gold,Retail,MPLS WAN,41,41,41,7,82.93,16.28,0.662
2025-03-01,CUST-033,Boreal Retail Group,Gold,Retail,SD-WAN,69,69,69,11,84.06,27.3,0.635
2025-03-01,CUST-033,Boreal Retail Group,Gold,Retail,Dedicated Internet,36,36,36,3,91.67,17.55,0.481
2025-03-01,CUST-033,Boreal Retail Group,Gold,Retail,Managed Security,23,23,23,1,95.65,10.01,0.353
2025-03-01,CUST-033,Boreal Retail Group,Gold,Retail,Business Voice (SIP),51,51,51,6,88.24,15.18,0.53
2025-03-01,CUST-034,Evergreen Stores Ltd.,Platinum,Retail,MPLS WAN,11,11,11,3,72.73,40.69,0.923
2025-03-01,CUST-034,Evergreen Stores Ltd.,Platinum,Retail,Business Voice (SIP),72,72,72,11,84.72,14.36,0.653
2025-03-01,CUST-034,Evergreen Stores Ltd.,Platinum,Retail,SD-WAN,80,80,80,13,83.75,19.48,0.793
2025-03-01,CUST-034,Evergreen Stores Ltd.,Platinum,Retail,Managed Cloud,13,13,13,3,76.92,9.89,0.802
2025-03-01,CUST-034,Evergreen Stores Ltd.,Platinum,Retail,Dedicated Internet,61,61,61,9,85.25,14.08,0.658
2025-03-01,CUST-034,Evergreen Stores Ltd.,Platinum,Retail,Managed Security,31,31,31,5,83.87,11.81,0.542
2025-03-01,CUST-035,Ridgeline Stores Ltd.,Gold,Retail,Dedicated Internet,74,74,74,7,90.54,22.3,0.552
2025-03-01,CUST-035,Ridgeline Stores Ltd.,Gold,Retail,MPLS WAN,23,23,23,3,86.96,16.74,0.5
2025-03-01,CUST-035,Ridgeline Stores Ltd.,Gold,Retail,Managed Security,3,3,3,2,33.33,52.63,0.829
2025-03-01,CUST-035,Ridgeline Stores Ltd.,Gold,Retail,SD-WAN,69,69,69,5,92.75,23.72,0.561
2025-03-01,CUST-035,Ridgeline Stores Ltd.,Gold,Retail,Business Voice (SIP),59,59,59,3,94.92,16.14,0.414
2025-03-01,CUST-036,Highland College,Platinum,Education,MPLS WAN,38,38,38,7,81.58,12.08,0.579
2025-03-01,CUST-036,Highland College,Platinum,Education,SD-WAN,58,58,58,5,91.38,7.75,0.463
2025-03-01,CUST-036,Highland College,Platinum,Education,Business Voice (SIP),94,94,94,17,81.91,10.01,0.671
2025-03-01,CUST-036,Highland College,Platinum,Education,Dedicated Internet,95,95,95,13,86.32,12.65,0.675
2025-03-01,CUST-036,Highland College,Platinum,Education,Managed Security,25,25,25,0,100.0,7.02,0.319
2025-03-01,CUST-036,Highland College,Platinum,Education,Managed Cloud,40,40,40,0,100.0,9.58,0.368
2025-03-01,CUST-037,Glacier Retail Group,Gold,Retail,Managed Security,17,17,17,1,94.12,22.34,0.537
2025-03-01,CUST-037,Glacier Retail Group,Gold,Retail,Business Voice (SIP),36,36,36,7,80.56,20.84,0.796
2025-03-01,CUST-037,Glacier Retail Group,Gold,Retail,Dedicated Internet,75,75,75,13,82.67,23.85,0.729
2025-03-01,CUST-037,Glacier Retail Group,Gold,Retail,Managed Cloud,26,26,26,4,84.62,24.8,0.608
2025-03-01,CUST-037,Glacier Retail Group,Gold,Retail,MPLS WAN,52,52,52,13,75.0,37.32,0.668
2025-03-01,CUST-037,Glacier Retail Group,Gold,Retail,SD-WAN,64,64,64,19,70.31,25.87,0.88
2025-03-01,CUST-038,Harbour Renewables,Silver,Energy,MPLS WAN,27,27,27,4,85.19,34.33,0.696
2025-03-01,CUST-038,Harbour Renewables,Silver,Energy,Business Voice (SIP),30,30,30,6,80.0,31.06,0.939
2025-03-01,CUST-038,Harbour Renewables,Silver,Energy,SD-WAN,22,22,22,5,77.27,38.35,0.826
2025-03-01,CUST-038,Harbour Renewables,Silver,Energy,Managed Cloud,8,8,8,1,87.5,26.92,0.498
2025-03-01,CUST-038,Harbour Renewables,Silver,Energy,Managed Security,11,11,11,0,100.0,26.62,0.429
2025-03-01,CUST-038,Harbour Renewables,Silver,Energy,Dedicated Internet,48,48,48,7,85.42,30.53,0.624
2025-03-01,CUST-039,Quarry Academy,Silver,Education,Managed Security,18,18,18,0,100.0,22.7,0.337
2025-03-01,CUST-039,Quarry Academy,Silver,Education,Managed Cloud,8,8,8,1,87.5,13.62,0.37
2025-03-01,CUST-039,Quarry Academy,Silver,Education,MPLS WAN,18,18,18,1,94.44,36.15,0.519
2025-03-01,CUST-039,Quarry Academy,Silver,Education,Business Voice (SIP),72,72,72,6,91.67,27.89,0.492
2025-03-01,CUST-039,Quarry Academy,Silver,Education,SD-WAN,59,59,59,8,86.44,23.36,0.533
2025-03-01,CUST-039,Quarry Academy,Silver,Education,Dedicated Internet,44,44,44,2,95.45,19.57,0.42
2025-03-01,CUST-040,Tundra Fabrication,Gold,Manufacturing,MPLS WAN,5,5,5,0,100.0,19.49,0.352
2025-03-01,CUST-040,Tundra Fabrication,Gold,Manufacturing,Managed Security,9,9,9,1,88.89,30.32,0.481
2025-03-01,CUST-040,Tundra Fabrication,Gold,Manufacturing,Managed Cloud,17,17,17,2,88.24,13.7,0.443
2025-03-01,CUST-040,Tundra Fabrication,Gold,Manufacturing,SD-WAN,24,24,24,5,79.17,34.52,0.723
2025-03-01,CUST-040,Tundra Fabrication,Gold,Manufacturing,Business Voice (SIP),38,38,38,4,89.47,15.88,0.583
2025-03-01,CUST-040,Tundra Fabrication,Gold,Manufacturing,Dedicated Internet,61,61,61,11,81.97,20.17,0.539
2025-04-01,CUST-001,Lakeview Health Network,Silver,Healthcare,Dedicated Internet,43,43,43,6,86.05,20.45,0.634
2025-04-01,CUST-001,Lakeview Health Network,Silver,Healthcare,Business Voice (SIP),14,14,14,1,92.86,31.25,0.568
2025-04-01,CUST-001,Lakeview Health Network,Silver,Healthcare,Managed Security,2,2,2,0,100.0,50.77,0.482
2025-04-01,CUST-001,Lakeview Health Network,Silver,Healthcare,SD-WAN,3,3,3,0,100.0,43.66,0.419
2025-04-01,CUST-001,Lakeview Health Network,Silver,Healthcare,Managed Cloud,8,8,8,1,87.5,24.08,0.466
2025-04-01,CUST-001,Lakeview Health Network,Silver,Healthcare,MPLS WAN,20,20,20,3,85.0,30.14,0.687
2025-04-01,CUST-002,Westgate Care Group,Silver,Healthcare,Dedicated Internet,5,5,5,0,100.0,23.22,0.395
2025-04-01,CUST-002,Westgate Care Group,Silver,Healthcare,Managed Security,4,4,4,0,100.0,11.69,0.315
2025-04-01,CUST-002,Westgate Care Group,Silver,Healthcare,MPLS WAN,3,3,3,1,66.67,105.42,1.126
2025-04-01,CUST-002,Westgate Care Group,Silver,Healthcare,Business Voice (SIP),7,7,7,0,100.0,6.2,0.265
2025-04-01,CUST-002,Westgate Care Group,Silver,Healthcare,SD-WAN,10,10,10,2,80.0,49.42,0.887
2025-04-01,CUST-002,Westgate Care Group,Silver,Healthcare,Managed Cloud,8,8,8,2,75.0,28.24,0.752
2025-04-01,CUST-003,Juniper Polytechnic,Platinum,Education,SD-WAN,103,103,103,22,78.64,19.98,0.836
2025-04-01,CUST-003,Juniper Polytechnic,Platinum,Education,Dedicated Internet,147,147,147,23,84.35,10.73,0.594
2025-04-01,CUST-003,Juniper Polytechnic,Platinum,Education,Managed Cloud,32,32,32,3,90.63,12.05,0.563
2025-04-01,CUST-003,Juniper Polytechnic,Platinum,Education,Managed Security,47,47,47,5,89.36,10.41,0.489
2025-04-01,CUST-003,Juniper Polytechnic,Platinum,Education,MPLS WAN,32,32,32,6,81.25,10.9,0.788
2025-04-01,CUST-003,Juniper Polytechnic,Platinum,Education,Business Voice (SIP),84,84,84,13,84.52,13.0,0.664
2025-04-01,CUST-004,Heritage College,Bronze,Education,Managed Cloud,22,22,22,4,81.82,45.98,0.68
2025-04-01,CUST-004,Heritage College,Bronze,Education,MPLS WAN,10,10,10,3,70.0,60.96,0.861
2025-04-01,CUST-004,Heritage College,Bronze,Education,SD-WAN,30,30,30,11,63.33,75.8,0.847
2025-04-01,CUST-004,Heritage College,Bronze,Education,Managed Security,20,20,20,1,95.0,27.86,0.493
2025-04-01,CUST-004,Heritage College,Bronze,Education,Dedicated Internet,27,27,27,5,81.48,55.96,0.727
2025-04-01,CUST-005,Bluewater Health Network,Silver,Healthcare,Business Voice (SIP),40,40,40,5,87.5,29.83,0.51
2025-04-01,CUST-005,Bluewater Health Network,Silver,Healthcare,Dedicated Internet,8,8,8,0,100.0,36.12,0.453
2025-04-01,CUST-005,Bluewater Health Network,Silver,Healthcare,Managed Security,16,16,16,1,93.75,16.58,0.29
2025-04-01,CUST-005,Bluewater Health Network,Silver,Healthcare,SD-WAN,40,40,40,9,77.5,37.25,0.846
2025-04-01,CUST-006,Northshore Utilities,Silver,Public Sector,Business Voice (SIP),69,69,69,6,91.3,26.22,0.526
2025-04-01,CUST-006,Northshore Utilities,Silver,Public Sector,SD-WAN,18,18,18,3,83.33,40.97,0.661
2025-04-01,CUST-006,Northshore Utilities,Silver,Public Sector,MPLS WAN,8,8,8,2,75.0,19.09,0.784
2025-04-01,CUST-006,Northshore Utilities,Silver,Public Sector,Managed Security,3,3,3,0,100.0,5.35,0.333
2025-04-01,CUST-006,Northshore Utilities,Silver,Public Sector,Dedicated Internet,44,44,44,7,84.09,31.89,0.581
2025-04-01,CUST-007,Ashford Renewables,Bronze,Energy,Managed Security,7,7,7,1,85.71,32.26,0.53
2025-04-01,CUST-007,Ashford Renewables,Bronze,Energy,Managed Cloud,16,16,16,1,93.75,30.94,0.462
2025-04-01,CUST-007,Ashford Renewables,Bronze,Energy,SD-WAN,8,8,8,1,87.5,46.02,0.589
2025-04-01,CUST-007,Ashford Renewables,Bronze,Energy,Dedicated Internet,14,14,14,1,92.86,46.45,0.514
2025-04-01,CUST-007,Ashford Renewables,Bronze,Energy,Business Voice (SIP),6,6,6,1,83.33,18.29,0.523
2025-04-01,CUST-008,Maple College,Gold,Education,Dedicated Internet,57,57,57,9,84.21,13.12,0.488
2025-04-01,CUST-008,Maple College,Gold,Education,Managed Cloud,23,23,23,1,95.65,19.32,0.422
2025-04-01,CUST-008,Maple College,Gold,Education,Business Voice (SIP),20,20,20,1,95.0,13.47,0.364
2025-04-01,CUST-008,Maple College,Gold,Education,Managed Security,5,5,5,0,100.0,23.02,0.402
2025-04-01,CUST-008,Maple College,Gold,Education,MPLS WAN,22,22,22,2,90.91,16.24,0.546
2025-04-01,CUST-008,Maple College,Gold,Education,SD-WAN,57,57,57,4,92.98,17.92,0.534
2025-04-01,CUST-009,Dominion Outfitters,Silver,Retail,Managed Cloud,10,10,10,0,100.0,19.69,0.372
2025-04-01,CUST-009,Dominion Outfitters,Silver,Retail,MPLS WAN,5,5,5,0,100.0,15.78,0.407
2025-04-01,CUST-009,Dominion Outfitters,Silver,Retail,Managed Security,4,4,4,0,100.0,14.23,0.257
2025-04-01,CUST-009,Dominion Outfitters,Silver,Retail,SD-WAN,12,12,12,0,100.0,17.42,0.39
2025-04-01,CUST-009,Dominion Outfitters,Silver,Retail,Business Voice (SIP),32,32,32,5,84.38,31.23,0.589
2025-04-01,CUST-009,Dominion Outfitters,Silver,Retail,Dedicated Internet,13,13,13,2,84.62,27.74,0.5
2025-04-01,CUST-010,Lighthouse Manufacturing,Gold,Manufacturing,Dedicated Internet,30,30,30,3,90.0,19.54,0.645
2025-04-01,CUST-010,Lighthouse Manufacturing,Gold,Manufacturing,SD-WAN,57,57,57,2,96.49,22.01,0.479
2025-04-01,CUST-010,Lighthouse Manufacturing,Gold,Manufacturing,Managed Security,21,21,21,0,100.0,14.1,0.334
2025-04-01,CUST-010,Lighthouse Manufacturing,Gold,Manufacturing,Managed Cloud,16,16,16,1,93.75,14.84,0.399
2025-04-01,CUST-010,Lighthouse Manufacturing,Gold,Manufacturing,MPLS WAN,51,51,51,6,88.24,20.41,0.543
2025-04-01,CUST-010,Lighthouse Manufacturing,Gold,Manufacturing,Business Voice (SIP),41,41,41,6,85.37,15.58,0.629
2025-04-01,CUST-011,Prairie Health Network,Silver,Healthcare,SD-WAN,43,43,43,2,95.35,23.68,0.569
2025-04-01,CUST-011,Prairie Health Network,Silver,Healthcare,Business Voice (SIP),10,10,10,1,90.0,16.88,0.498
2025-04-01,CUST-011,Prairie Health Network,Silver,Healthcare,MPLS WAN,9,9,9,1,88.89,29.18,0.486
2025-04-01,CUST-011,Prairie Health Network,Silver,Healthcare,Managed Cloud,13,13,13,1,92.31,35.74,0.509
2025-04-01,CUST-011,Prairie Health Network,Silver,Healthcare,Managed Security,9,9,9,2,77.78,41.56,0.793
2025-04-01,CUST-011,Prairie Health Network,Silver,Healthcare,Dedicated Internet,40,40,40,7,82.5,16.29,0.711
2025-04-01,CUST-012,Pioneer Freight Lines,Silver,Logistics,Dedicated Internet,24,24,24,2,91.67,44.71,0.679
2025-04-01,CUST-012,Pioneer Freight Lines,Silver,Logistics,SD-WAN,89,89,89,23,74.16,48.07,0.885
2025-04-01,CUST-012,Pioneer Freight Lines,Silver,Logistics,Business Voice (SIP),66,66,66,8,87.88,33.69,0.614
2025-04-01,CUST-012,Pioneer Freight Lines,Silver,Logistics,Managed Security,14,14,14,1,92.86,38.19,0.547
2025-04-01,CUST-012,Pioneer Freight Lines,Silver,Logistics,Managed Cloud,19,19,19,2,89.47,30.15,0.735
2025-04-01,CUST-013,Nordic School Board,Gold,Public Sector,Dedicated Internet,23,23,23,2,91.3,18.88,0.46
2025-04-01,CUST-013,Nordic School Board,Gold,Public Sector,Business Voice (SIP),31,31,31,7,77.42,32.35,0.703
2025-04-01,CUST-013,Nordic School Board,Gold,Public Sector,Managed Security,21,21,21,2,90.48,15.19,0.5
2025-04-01,CUST-013,Nordic School Board,Gold,Public Sector,SD-WAN,49,49,49,9,81.63,21.6,0.607
2025-04-01,CUST-013,Nordic School Board,Gold,Public Sector,MPLS WAN,16,16,16,3,81.25,21.29,0.64
2025-04-01,CUST-013,Nordic School Board,Gold,Public Sector,Managed Cloud,47,47,47,3,93.62,14.63,0.477
2025-04-01,CUST-014,Riverbend Polytechnic,Platinum,Education,MPLS WAN,28,28,28,3,89.29,17.22,0.624
2025-04-01,CUST-014,Riverbend Polytechnic,Platinum,Education,Dedicated Internet,67,67,67,6,91.04,14.53,0.581
2025-04-01,CUST-014,Riverbend Polytechnic,Platinum,Education,Business Voice (SIP),134,134,134,22,83.58,11.11,0.582
2025-04-01,CUST-014,Riverbend Polytechnic,Platinum,Education,SD-WAN,141,141,141,25,82.27,15.17,0.738
2025-04-01,CUST-014,Riverbend Polytechnic,Platinum,Education,Managed Security,22,22,22,2,90.91,9.33,0.436
2025-04-01,CUST-014,Riverbend Polytechnic,Platinum,Education,Managed Cloud,39,39,39,4,89.74,10.69,0.507
2025-04-01,CUST-015,Aurora Pharmacies,Platinum,Healthcare,SD-WAN,131,131,131,16,87.79,10.83,0.567
2025-04-01,CUST-015,Aurora Pharmacies,Platinum,Healthcare,Dedicated Internet,107,107,107,10,90.65,7.62,0.503
2025-04-01,CUST-015,Aurora Pharmacies,Platinum,Healthcare,Managed Security,21,21,21,0,100.0,8.01,0.369
2025-04-01,CUST-015,Aurora Pharmacies,Platinum,Healthcare,Business Voice (SIP),84,84,84,12,85.71,10.04,0.519
2025-04-01,CUST-015,Aurora Pharmacies,Platinum,Healthcare,Managed Cloud,41,41,41,2,95.12,5.96,0.403
2025-04-01,CUST-016,Redwood Learning Trust,Silver,Education,MPLS WAN,7,7,7,0,100.0,30.43,0.327
2025-04-01,CUST-016,Redwood Learning Trust,Silver,Education,Dedicated Internet,36,36,36,0,100.0,18.56,0.364
2025-04-01,CUST-016,Redwood Learning Trust,Silver,Education,Managed Cloud,30,30,30,3,90.0,27.06,0.468
2025-04-01,CUST-016,Redwood Learning Trust,Silver,Education,Business Voice (SIP),17,17,17,1,94.12,22.85,0.384
2025-04-01,CUST-016,Redwood Learning Trust,Silver,Education,SD-WAN,25,25,25,5,80.0,34.57,0.676
2025-04-01,CUST-016,Redwood Learning Trust,Silver,Education,Managed Security,8,8,8,1,87.5,16.69,0.577
2025-04-01,CUST-017,Coastal Energy,Gold,Energy,SD-WAN,52,52,52,9,82.69,25.15,0.758
2025-04-01,CUST-017,Coastal Energy,Gold,Energy,Dedicated Internet,71,71,71,13,81.69,26.34,0.799
2025-04-01,CUST-017,Coastal Energy,Gold,Energy,Managed Security,11,11,11,1,90.91,17.9,0.453
2025-04-01,CUST-017,Coastal Energy,Gold,Energy,Managed Cloud,9,9,9,3,66.67,21.16,0.934
2025-04-01,CUST-017,Coastal Energy,Gold,Energy,MPLS WAN,30,30,30,4,86.67,24.82,0.681
2025-04-01,CUST-017,Coastal Energy,Gold,Energy,Business Voice (SIP),33,33,33,3,90.91,20.87,0.477
2025-04-01,CUST-018,Granite Power Co-op,Gold,Energy,Dedicated Internet,28,28,28,4,85.71,18.11,0.518
2025-04-01,CUST-018,Granite Power Co-op,Gold,Energy,Business Voice (SIP),73,73,73,10,86.3,22.58,0.626
2025-04-01,CUST-018,Granite Power Co-op,Gold,Energy,Managed Cloud,18,18,18,2,88.89,17.81,0.545
2025-04-01,CUST-018,Granite Power Co-op,Gold,Energy,Managed Security,36,36,36,5,86.11,18.08,0.49
2025-04-01,CUST-018,Granite Power Co-op,Gold,Energy,SD-WAN,59,59,59,6,89.83,23.19,0.541
2025-04-01,CUST-018,Granite Power Co-op,Gold,Energy,MPLS WAN,57,57,57,8,85.96,20.19,0.595
2025-04-01,CUST-019,Stonebridge Regional Authority,Gold,Public Sector,Dedicated Internet,43,43,43,8,81.4,27.76,0.659
2025-04-01,CUST-019,Stonebridge Regional Authority,Gold,Public Sector,Managed Security,45,45,45,5,88.89,17.73,0.606
2025-04-01,CUST-019,Stonebridge Regional Authority,Gold,Public Sector,SD-WAN,55,55,55,10,81.82,24.76,0.699
2025-04-01,CUST-019,Stonebridge Regional Authority,Gold,Public Sector,Managed Cloud,10,10,10,0,100.0,13.26,0.319
2025-04-01,CUST-019,Stonebridge Regional Authority,Gold,Public Sector,Business Voice (SIP),64,64,64,4,93.75,27.13,0.538
2025-04-01,CUST-019,Stonebridge Regional Authority,Gold,Public Sector,MPLS WAN,61,61,61,10,83.61,31.32,0.669
2025-04-01,CUST-020,Orchard Distribution,Silver,Logistics,Business Voice (SIP),27,27,27,4,85.19,31.01,0.684
2025-04-01,CUST-020,Orchard Distribution,Silver,Logistics,Managed Security,8,8,8,1,87.5,13.88,0.333
2025-04-01,CUST-020,Orchard Distribution,Silver,Logistics,Dedicated Internet,46,46,46,4,91.3,21.75,0.489
2025-04-01,CUST-020,Orchard Distribution,Silver,Logistics,MPLS WAN,1,1,1,0,100.0,55.26,0.461
2025-04-01,CUST-020,Orchard Distribution,Silver,Logistics,Managed Cloud,3,3,3,0,100.0,62.65,0.682
2025-04-01,CUST-021,Keystone Distribution,Gold,Logistics,Managed Security,34,34,34,2,94.12,19.92,0.579
2025-04-01,CUST-021,Keystone Distribution,Gold,Logistics,Dedicated Internet,66,66,66,3,95.45,16.42,0.467
2025-04-01,CUST-021,Keystone Distribution,Gold,Logistics,Business Voice (SIP),57,57,57,10,82.46,17.47,0.555
2025-04-01,CUST-021,Keystone Distribution,Gold,Logistics,MPLS WAN,13,13,13,0,100.0,15.1,0.367
2025-04-01,CUST-021,Keystone Distribution,Gold,Logistics,SD-WAN,110,110,110,16,85.45,22.7,0.604
2025-04-01,CUST-021,Keystone Distribution,Gold,Logistics,Managed Cloud,28,28,28,6,78.57,22.79,0.616
2025-04-01,CUST-022,Ironwood Health Network,Silver,Healthcare,SD-WAN,33,33,33,5,84.85,28.94,0.581
2025-04-01,CUST-022,Ironwood Health Network,Silver,Healthcare,Business Voice (SIP),10,10,10,3,70.0,38.21,0.614
2025-04-01,CUST-022,Ironwood Health Network,Silver,Healthcare,Managed Cloud,16,16,16,1,93.75,18.14,0.527
2025-04-01,CUST-022,Ironwood Health Network,Silver,Healthcare,MPLS WAN,4,4,4,1,75.0,36.74,0.554
2025-04-01,CUST-022,Ironwood Health Network,Silver,Healthcare,Dedicated Internet,25,25,25,0,100.0,26.8,0.446
2025-04-01,CUST-023,Silverline Learning Trust,Bronze,Education,Managed Cloud,23,23,23,4,82.61,20.35,0.458
2025-04-01,CUST-023,Silverline Learning Trust,Bronze,Education,MPLS WAN,12,12,12,3,75.0,56.72,0.841
2025-04-01,CUST-023,Silverline Learning Trust,Bronze,Education,SD-WAN,41,41,41,13,68.29,38.2,0.772
2025-04-01,CUST-023,Silverline Learning Trust,Bronze,Education,Managed Security,23,23,23,2,91.3,64.0,0.599
2025-04-01,CUST-023,Silverline Learning Trust,Bronze,Education,Dedicated Internet,39,39,39,4,89.74,41.05,0.531
2025-04-01,CUST-023,Silverline Learning Trust,Bronze,Education,Business Voice (SIP),18,18,18,3,83.33,40.05,0.611
2025-04-01,CUST-024,Cascadia Academy,Gold,Education,Managed Security,33,33,33,4,87.88,19.02,0.527
2025-04-01,CUST-024,Cascadia Academy,Gold,Education,Business Voice (SIP),75,75,75,17,77.33,24.92,0.815
2025-04-01,CUST-024,Cascadia Academy,Gold,Education,Dedicated Internet,93,93,93,20,78.49,32.26,0.741
2025-04-01,CUST-024,Cascadia Academy,Gold,Education,SD-WAN,23,23,23,8,65.22,19.22,1.015
2025-04-01,CUST-024,Cascadia Academy,Gold,Education,MPLS WAN,12,12,12,3,75.0,28.82,0.897
2025-04-01,CUST-024,Cascadia Academy,Gold,Education,Managed Cloud,40,40,40,5,87.5,21.16,0.581
2025-04-01,CUST-025,Cedar Marketplaces,Bronze,Retail,SD-WAN,24,24,24,6,75.0,71.45,0.823
2025-04-01,CUST-025,Cedar Marketplaces,Bronze,Retail,MPLS WAN,2,2,2,1,50.0,76.24,0.973
2025-04-01,CUST-026,Frontier Freight Lines,Gold,Logistics,Dedicated Internet,70,70,70,8,88.57,14.56,0.558
2025-04-01,CUST-026,Frontier Freight Lines,Gold,Logistics,MPLS WAN,8,8,8,1,87.5,12.39,0.534
2025-04-01,CUST-026,Frontier Freight Lines,Gold,Logistics,SD-WAN,72,72,72,11,84.72,28.78,0.76
2025-04-01,CUST-026,Frontier Freight Lines,Gold,Logistics,Managed Security,17,17,17,2,88.24,9.08,0.379
2025-04-01,CUST-026,Frontier Freight Lines,Gold,Logistics,Managed Cloud,49,49,49,5,89.8,19.12,0.556
2025-04-01,CUST-026,Frontier Freight Lines,Gold,Logistics,Business Voice (SIP),60,60,60,8,86.67,21.46,0.581
2025-04-01,CUST-027,Trillium Medical Centres,Bronze,Healthcare,Managed Security,18,18,18,2,88.89,37.48,0.572
2025-04-01,CUST-027,Trillium Medical Centres,Bronze,Healthcare,Dedicated Internet,22,22,22,6,72.73,56.45,0.929
2025-04-01,CUST-027,Trillium Medical Centres,Bronze,Healthcare,Managed Cloud,22,22,22,1,95.45,47.83,0.532
2025-04-01,CUST-027,Trillium Medical Centres,Bronze,Healthcare,Business Voice (SIP),13,13,13,4,69.23,41.76,0.819
2025-04-01,CUST-028,Beacon Pipelines,Bronze,Energy,MPLS WAN,4,4,4,1,75.0,44.41,0.764
2025-04-01,CUST-028,Beacon Pipelines,Bronze,Energy,SD-WAN,10,10,10,2,80.0,58.11,0.728
2025-04-01,CUST-028,Beacon Pipelines,Bronze,Energy,Dedicated Internet,34,34,34,14,58.82,72.36,0.937
2025-04-01,CUST-028,Beacon Pipelines,Bronze,Energy,Managed Security,13,13,13,2,84.62,44.54,0.531
2025-04-01,CUST-028,Beacon Pipelines,Bronze,Energy,Managed Cloud,17,17,17,6,64.71,77.52,0.852
2025-04-01,CUST-029,Pinecrest Energy,Bronze,Energy,Business Voice (SIP),7,7,7,0,100.0,18.01,0.196
2025-04-01,CUST-029,Pinecrest Energy,Bronze,Energy,Dedicated Internet,10,10,10,0,100.0,39.53,0.475
2025-04-01,CUST-029,Pinecrest Energy,Bronze,Energy,SD-WAN,8,8,8,2,75.0,79.61,0.668
2025-04-01,CUST-030,Summit Retail Group,Platinum,Retail,Managed Cloud,49,49,49,2,95.92,5.25,0.467
2025-04-01,CUST-030,Summit Retail Group,Platinum,Retail,Dedicated Internet,54,54,54,2,96.3,6.74,0.417
2025-04-01,CUST-030,Summit Retail Group,Platinum,Retail,SD-WAN,149,149,149,15,89.93,9.34,0.534
2025-04-01,CUST-030,Summit Retail Group,Platinum,Retail,Managed Security,45,45,45,2,95.56,8.22,0.361
2025-04-01,CUST-030,Summit Retail Group,Platinum,Retail,Business Voice (SIP),136,136,136,9,93.38,8.95,0.48
2025-04-01,CUST-030,Summit Retail Group,Platinum,Retail,MPLS WAN,34,34,34,4,88.24,9.26,0.757
2025-04-01,CUST-031,Crestview Pipelines,Silver,Energy,Dedicated Internet,13,13,13,1,92.31,34.07,0.479
2025-04-01,CUST-031,Crestview Pipelines,Silver,Energy,Managed Cloud,12,12,12,3,75.0,10.64,0.589
2025-04-01,CUST-031,Crestview Pipelines,Silver,Energy,Business Voice (SIP),11,11,11,0,100.0,13.06,0.42
2025-04-01,CUST-031,Crestview Pipelines,Silver,Energy,Managed Security,5,5,5,0,100.0,25.83,0.342
2025-04-01,CUST-031,Crestview Pipelines,Silver,Energy,SD-WAN,22,22,22,4,81.82,33.67,0.605
2025-04-01,CUST-032,Meridian Distribution,Platinum,Logistics,Dedicated Internet,93,93,93,6,93.55,9.57,0.473
2025-04-01,CUST-032,Meridian Distribution,Platinum,Logistics,MPLS WAN,24,24,24,3,87.5,9.52,0.802
2025-04-01,CUST-032,Meridian Distribution,Platinum,Logistics,SD-WAN,105,105,105,10,90.48,10.49,0.512
2025-04-01,CUST-032,Meridian Distribution,Platinum,Logistics,Managed Security,55,55,55,3,94.55,6.57,0.392
2025-04-01,CUST-032,Meridian Distribution,Platinum,Logistics,Business Voice (SIP),145,145,145,12,91.72,8.47,0.473
2025-04-01,CUST-032,Meridian Distribution,Platinum,Logistics,Managed Cloud,17,17,17,1,94.12,10.71,0.379
2025-04-01,CUST-033,Boreal Retail Group,Gold,Retail,Managed Security,45,45,45,2,95.56,13.54,0.38
2025-04-01,CUST-033,Boreal Retail Group,Gold,Retail,Managed Cloud,34,34,34,0,100.0,16.05,0.316
2025-04-01,CUST-033,Boreal Retail Group,Gold,Retail,MPLS WAN,32,32,32,2,93.75,18.52,0.606
2025-04-01,CUST-033,Boreal Retail Group,Gold,Retail,SD-WAN,71,71,71,10,85.92,18.22,0.573
2025-04-01,CUST-033,Boreal Retail Group,Gold,Retail,Dedicated Internet,34,34,34,2,94.12,17.01,0.59
2025-04-01,CUST-033,Boreal Retail Group,Gold,Retail,Business Voice (SIP),54,54,54,6,88.89,18.07,0.578
2025-04-01,CUST-034,Evergreen Stores Ltd.,Platinum,Retail,MPLS WAN,16,16,16,3,81.25,14.51,0.831
2025-04-01,CUST-034,Evergreen Stores Ltd.,Platinum,Retail,Managed Security,29,29,29,1,96.55,10.53,0.485
2025-04-01,CUST-034,Evergreen Stores Ltd.,Platinum,Retail,SD-WAN,55,55,55,12,78.18,17.2,1.214
2025-04-01,CUST-034,Evergreen Stores Ltd.,Platinum,Retail,Business Voice (SIP),65,65,65,8,87.69,14.04,0.73
2025-04-01,CUST-034,Evergreen Stores Ltd.,Platinum,Retail,Dedicated Internet,65,65,65,12,81.54,14.03,0.693
2025-04-01,CUST-034,Evergreen Stores Ltd.,Platinum,Retail,Managed Cloud,21,21,21,5,76.19,10.87,1.279
2025-04-01,CUST-035,Ridgeline Stores Ltd.,Gold,Retail,Business Voice (SIP),50,50,50,6,88.0,17.56,0.537
2025-04-01,CUST-035,Ridgeline Stores Ltd.,Gold,Retail,Managed Security,3,3,3,0,100.0,10.43,0.341
2025-04-01,CUST-035,Ridgeline Stores Ltd.,Gold,Retail,Dedicated Internet,76,76,76,7,90.79,18.39,0.499
2025-04-01,CUST-035,Ridgeline Stores Ltd.,Gold,Retail,SD-WAN,68,68,68,7,89.71,15.2,0.48
2025-04-01,CUST-035,Ridgeline Stores Ltd.,Gold,Retail,MPLS WAN,28,28,28,2,92.86,22.2,0.637
2025-04-01,CUST-036,Highland College,Platinum,Education,Managed Cloud,27,27,27,1,96.3,10.33,0.409
2025-04-01,CUST-036,Highland College,Platinum,Education,Dedicated Internet,89,89,89,3,96.63,10.59,0.523
2025-04-01,CUST-036,Highland College,Platinum,Education,Managed Security,27,27,27,1,96.3,8.66,0.63
2025-04-01,CUST-036,Highland College,Platinum,Education,Business Voice (SIP),79,79,79,6,92.41,8.34,0.458
2025-04-01,CUST-036,Highland College,Platinum,Education,SD-WAN,58,58,58,10,82.76,12.56,0.795
2025-04-01,CUST-036,Highland College,Platinum,Education,MPLS WAN,35,35,35,5,85.71,6.85,0.579
2025-04-01,CUST-037,Glacier Retail Group,Gold,Retail,Dedicated Internet,104,104,104,16,84.62,21.54,0.663
2025-04-01,CUST-037,Glacier Retail Group,Gold,Retail,Managed Security,11,11,11,3,72.73,29.06,0.583
2025-04-01,CUST-037,Glacier Retail Group,Gold,Retail,SD-WAN,47,47,47,13,72.34,25.1,1.046
2025-04-01,CUST-037,Glacier Retail Group,Gold,Retail,Managed Cloud,34,34,34,5,85.29,20.43,0.604
2025-04-01,CUST-037,Glacier Retail Group,Gold,Retail,MPLS WAN,43,43,43,8,81.4,29.64,0.757
2025-04-01,CUST-037,Glacier Retail Group,Gold,Retail,Business Voice (SIP),58,58,58,13,77.59,27.15,0.812
2025-04-01,CUST-038,Harbour Renewables,Silver,Energy,Business Voice (SIP),13,13,13,4,69.23,29.72,0.955
2025-04-01,CUST-038,Harbour Renewables,Silver,Energy,MPLS WAN,26,26,26,7,73.08,38.25,0.637
2025-04-01,CUST-038,Harbour Renewables,Silver,Energy,Managed Security,11,11,11,1,90.91,24.54,0.439
2025-04-01,CUST-038,Harbour Renewables,Silver,Energy,Managed Cloud,4,4,4,0,100.0,27.71,0.369
2025-04-01,CUST-038,Harbour Renewables,Silver,Energy,SD-WAN,15,15,15,1,93.33,49.08,0.607
2025-04-01,CUST-038,Harbour Renewables,Silver,Energy,Dedicated Internet,40,40,40,9,77.5,28.66,0.654
2025-04-01,CUST-039,Quarry Academy,Silver,Education,MPLS WAN,23,23,23,6,73.91,47.1,0.803
2025-04-01,CUST-039,Quarry Academy,Silver,Education,SD-WAN,63,63,63,8,87.3,25.43,0.587
2025-04-01,CUST-039,Quarry Academy,Silver,Education,Dedicated Internet,75,75,75,7,90.67,21.55,0.453
2025-04-01,CUST-039,Quarry Academy,Silver,Education,Managed Cloud,14,14,14,1,92.86,18.26,0.426
2025-04-01,CUST-039,Quarry Academy,Silver,Education,Managed Security,17,17,17,0,100.0,20.21,0.351
2025-04-01,CUST-039,Quarry Academy,Silver,Education,Business Voice (SIP),62,62,62,7,88.71,25.17,0.592
2025-04-01,CUST-040,Tundra Fabrication,Gold,Manufacturing,SD-WAN,17,17,17,3,82.35,19.02,0.53
2025-04-01,CUST-040,Tundra Fabrication,Gold,Manufacturing,Managed Cloud,17,17,17,0,100.0,7.74,0.273
2025-04-01,CUST-040,Tundra Fabrication,Gold,Manufacturing,Business Voice (SIP),55,55,55,8,85.45,16.81,0.63
2025-04-01,CUST-040,Tundra Fabrication,Gold,Manufacturing,Dedicated Internet,52,52,52,5,90.38,18.96,0.528
2025-04-01,CUST-040,Tundra Fabrication,Gold,Manufacturing,MPLS WAN,3,3,3,0,100.0,42.96,0.433
2025-04-01,CUST-040,Tundra Fabrication,Gold,Manufacturing,Managed Security,12,12,12,1,91.67,11.06,0.522
2025-05-01,CUST-001,Lakeview Health Network,Silver,Healthcare,Managed Security,4,4,4,1,75.0,31.56,0.645
2025-05-01,CUST-001,Lakeview Health Network,Silver,Healthcare,Managed Cloud,5,5,5,0,100.0,6.17,0.292
2025-05-01,CUST-001,Lakeview Health Network,Silver,Healthcare,SD-WAN,3,3,3,0,100.0,12.85,0.188
2025-05-01,CUST-001,Lakeview Health Network,Silver,Healthcare,Business Voice (SIP),26,26,26,4,84.62,41.27,0.576
2025-05-01,CUST-001,Lakeview Health Network,Silver,Healthcare,Dedicated Internet,44,44,44,3,93.18,24.86,0.442
2025-05-01,CUST-001,Lakeview Health Network,Silver,Healthcare,MPLS WAN,16,16,16,0,100.0,23.23,0.449
2025-05-01,CUST-002,Westgate Care Group,Silver,Healthcare,MPLS WAN,1,1,1,0,100.0,38.45,0.534
2025-05-01,CUST-002,Westgate Care Group,Silver,Healthcare,Business Voice (SIP),6,6,6,0,100.0,28.88,0.382
2025-05-01,CUST-002,Westgate Care Group,Silver,Healthcare,Dedicated Internet,8,8,8,1,87.5,19.48,0.431
2025-05-01,CUST-002,Westgate Care Group,Silver,Healthcare,Managed Security,1,1,1,0,100.0,14.69,0.204
2025-05-01,CUST-002,Westgate Care Group,Silver,Healthcare,SD-WAN,8,8,8,2,75.0,55.27,0.673
2025-05-01,CUST-002,Westgate Care Group,Silver,Healthcare,Managed Cloud,13,13,13,1,92.31,22.12,0.422
2025-05-01,CUST-003,Juniper Polytechnic,Platinum,Education,Managed Security,43,43,43,3,93.02,9.9,0.529
2025-05-01,CUST-003,Juniper Polytechnic,Platinum,Education,Business Voice (SIP),92,92,92,24,73.91,11.66,0.893
2025-05-01,CUST-003,Juniper Polytechnic,Platinum,Education,Managed Cloud,44,44,44,3,93.18,7.16,0.511
2025-05-01,CUST-003,Juniper Polytechnic,Platinum,Education,Dedicated Internet,137,137,137,13,90.51,12.01,0.567
2025-05-01,CUST-003,Juniper Polytechnic,Platinum,Education,SD-WAN,117,117,117,22,81.2,21.62,0.812
2025-05-01,CUST-003,Juniper Polytechnic,Platinum,Education,MPLS WAN,33,33,33,7,78.79,13.19,0.745
2025-05-01,CUST-004,Heritage College,Bronze,Education,MPLS WAN,12,12,12,2,83.33,62.47,0.583
2025-05-01,CUST-004,Heritage College,Bronze,Education,SD-WAN,29,29,29,10,65.52,43.59,0.82
2025-05-01,CUST-004,Heritage College,Bronze,Education,Dedicated Internet,33,33,33,7,78.79,61.92,0.813
2025-05-01,CUST-004,Heritage College,Bronze,Education,Managed Security,18,18,18,2,88.89,40.16,0.461
2025-05-01,CUST-004,Heritage College,Bronze,Education,Managed Cloud,16,16,16,2,87.5,36.41,0.518
2025-05-01,CUST-005,Bluewater Health Network,Silver,Healthcare,Business Voice (SIP),38,38,38,5,86.84,28.13,0.66
2025-05-01,CUST-005,Bluewater Health Network,Silver,Healthcare,Managed Security,11,11,11,1,90.91,25.17,0.392
2025-05-01,CUST-005,Bluewater Health Network,Silver,Healthcare,Dedicated Internet,10,10,10,1,90.0,29.8,0.47
2025-05-01,CUST-005,Bluewater Health Network,Silver,Healthcare,SD-WAN,33,33,33,1,96.97,28.17,0.427
2025-05-01,CUST-006,Northshore Utilities,Silver,Public Sector,MPLS WAN,7,7,7,2,71.43,42.85,1.92
2025-05-01,CUST-006,Northshore Utilities,Silver,Public Sector,SD-WAN,28,28,28,7,75.0,28.44,0.647
2025-05-01,CUST-006,Northshore Utilities,Silver,Public Sector,Managed Security,6,6,6,0,100.0,12.45,0.21
2025-05-01,CUST-006,Northshore Utilities,Silver,Public Sector,Business Voice (SIP),55,55,55,5,90.91,31.51,0.521
2025-05-01,CUST-006,Northshore Utilities,Silver,Public Sector,Dedicated Internet,44,44,44,4,90.91,25.49,0.523
2025-05-01,CUST-007,Ashford Renewables,Bronze,Energy,SD-WAN,13,13,13,6,53.85,92.13,0.862
2025-05-01,CUST-007,Ashford Renewables,Bronze,Energy,Managed Security,13,13,13,1,92.31,47.81,0.543
2025-05-01,CUST-007,Ashford Renewables,Bronze,Energy,Managed Cloud,17,17,17,1,94.12,46.9,0.534
2025-05-01,CUST-007,Ashford Renewables,Bronze,Energy,Business Voice (SIP),5,5,5,1,80.0,61.64,0.696
2025-05-01,CUST-007,Ashford Renewables,Bronze,Energy,Dedicated Internet,14,14,14,4,71.43,49.26,0.839
2025-05-01,CUST-008,Maple College,Gold,Education,Dedicated Internet,56,56,56,6,89.29,19.92,0.55
2025-05-01,CUST-008,Maple College,Gold,Education,Business Voice (SIP),22,22,22,2,90.91,23.13,0.516
2025-05-01,CUST-008,Maple College,Gold,Education,Managed Cloud,25,25,25,1,96.0,11.05,0.341
2025-05-01,CUST-008,Maple College,Gold,Education,Managed Security,15,15,15,0,100.0,8.48,0.318
2025-05-01,CUST-008,Maple College,Gold,Education,MPLS WAN,26,26,26,3,88.46,12.47,0.536
2025-05-01,CUST-008,Maple College,Gold,Education,SD-WAN,48,48,48,4,91.67,17.36,0.511
2025-05-01,CUST-009,Dominion Outfitters,Silver,Retail,Managed Security,10,10,10,1,90.0,9.88,0.327
2025-05-01,CUST-009,Dominion Outfitters,Silver,Retail,MPLS WAN,2,2,2,0,100.0,43.9,0.431
2025-05-01,CUST-009,Dominion Outfitters,Silver,Retail,SD-WAN,9,9,9,0,100.0,35.01,0.47
2025-05-01,CUST-009,Dominion Outfitters,Silver,Retail,Managed Cloud,5,5,5,1,80.0,6.49,0.512
2025-05-01,CUST-009,Dominion Outfitters,Silver,Retail,Business Voice (SIP),39,39,39,3,92.31,26.46,0.525
2025-05-01,CUST-009,Dominion Outfitters,Silver,Retail,Dedicated Internet,21,21,21,3,85.71,22.32,0.528
2025-05-01,CUST-010,Lighthouse Manufacturing,Gold,Manufacturing,Managed Cloud,26,26,26,3,88.46,14.1,0.511
2025-05-01,CUST-010,Lighthouse Manufacturing,Gold,Manufacturing,MPLS WAN,45,45,45,4,91.11,22.47,0.554
2025-05-01,CUST-010,Lighthouse Manufacturing,Gold,Manufacturing,Managed Security,11,11,11,1,90.91,13.12,0.731
2025-05-01,CUST-010,Lighthouse Manufacturing,Gold,Manufacturing,Dedicated Internet,24,24,24,4,83.33,27.16,0.603
2025-05-01,CUST-010,Lighthouse Manufacturing,Gold,Manufacturing,SD-WAN,37,37,37,5,86.49,20.55,0.619
2025-05-01,CUST-010,Lighthouse Manufacturing,Gold,Manufacturing,Business Voice (SIP),42,42,42,6,85.71,17.05,0.665
2025-05-01,CUST-011,Prairie Health Network,Silver,Healthcare,SD-WAN,25,25,25,4,84.0,23.88,0.576
2025-05-01,CUST-011,Prairie Health Network,Silver,Healthcare,MPLS WAN,10,10,10,1,90.0,12.27,0.311
2025-05-01,CUST-011,Prairie Health Network,Silver,Healthcare,Managed Cloud,9,9,9,1,88.89,37.39,0.68
2025-05-01,CUST-011,Prairie Health Network,Silver,Healthcare,Dedicated Internet,71,71,71,6,91.55,23.41,0.495
2025-05-01,CUST-011,Prairie Health Network,Silver,Healthcare,Managed Security,4,4,4,0,100.0,5.94,0.343
2025-05-01,CUST-011,Prairie Health Network,Silver,Healthcare,Business Voice (SIP),11,11,11,2,81.82,33.29,0.7
2025-05-01,CUST-012,Pioneer Freight Lines,Silver,Logistics,SD-WAN,75,75,75,27,64.0,45.12,0.96
2025-05-01,CUST-012,Pioneer Freight Lines,Silver,Logistics,Managed Cloud,10,10,10,0,100.0,9.67,0.381
2025-05-01,CUST-012,Pioneer Freight Lines,Silver,Logistics,Dedicated Internet,28,28,28,4,85.71,17.24,0.597
2025-05-01,CUST-012,Pioneer Freight Lines,Silver,Logistics,Managed Security,7,7,7,1,85.71,19.15,0.419
2025-05-01,CUST-012,Pioneer Freight Lines,Silver,Logistics,Business Voice (SIP),68,68,68,15,77.94,35.72,0.72
2025-05-01,CUST-013,Nordic School Board,Gold,Public Sector,MPLS WAN,20,20,20,5,75.0,19.85,0.706
2025-05-01,CUST-013,Nordic School Board,Gold,Public Sector,Managed Security,15,15,15,1,93.33,9.09,0.303
2025-05-01,CUST-013,Nordic School Board,Gold,Public Sector,Dedicated Internet,19,19,19,4,78.95,17.37,0.645
2025-05-01,CUST-013,Nordic School Board,Gold,Public Sector,Managed Cloud,51,51,51,3,94.12,13.14,0.382
2025-05-01,CUST-013,Nordic School Board,Gold,Public Sector,SD-WAN,42,42,42,7,83.33,19.34,0.582
2025-05-01,CUST-013,Nordic School Board,Gold,Public Sector,Business Voice (SIP),24,24,24,3,87.5,10.44,0.447
2025-05-01,CUST-014,Riverbend Polytechnic,Platinum,Education,Dedicated Internet,57,57,57,12,78.95,19.15,1.116
2025-05-01,CUST-014,Riverbend Polytechnic,Platinum,Education,Managed Cloud,57,57,57,5,91.23,8.73,0.452
2025-05-01,CUST-014,Riverbend Polytechnic,Platinum,Education,Managed Security,30,30,30,3,90.0,10.85,0.589
2025-05-01,CUST-014,Riverbend Polytechnic,Platinum,Education,MPLS WAN,37,37,37,11,70.27,27.61,0.969
2025-05-01,CUST-014,Riverbend Polytechnic,Platinum,Education,SD-WAN,140,140,140,38,72.86,16.02,0.825
2025-05-01,CUST-014,Riverbend Polytechnic,Platinum,Education,Business Voice (SIP),115,115,115,11,90.43,12.43,0.697
2025-05-01,CUST-015,Aurora Pharmacies,Platinum,Healthcare,Business Voice (SIP),85,85,85,10,88.24,10.13,0.556
2025-05-01,CUST-015,Aurora Pharmacies,Platinum,Healthcare,Managed Security,23,23,23,3,86.96,8.93,0.456
2025-05-01,CUST-015,Aurora Pharmacies,Platinum,Healthcare,Managed Cloud,32,32,32,6,81.25,11.44,0.7
2025-05-01,CUST-015,Aurora Pharmacies,Platinum,Healthcare,SD-WAN,145,145,145,19,86.9,12.82,0.577
2025-05-01,CUST-015,Aurora Pharmacies,Platinum,Healthcare,Dedicated Internet,112,112,112,7,93.75,8.92,0.495
2025-05-01,CUST-016,Redwood Learning Trust,Silver,Education,Business Voice (SIP),13,13,13,1,92.31,24.45,0.417
2025-05-01,CUST-016,Redwood Learning Trust,Silver,Education,MPLS WAN,6,6,6,0,100.0,26.92,0.322
2025-05-01,CUST-016,Redwood Learning Trust,Silver,Education,Dedicated Internet,28,28,28,2,92.86,17.2,0.459
2025-05-01,CUST-016,Redwood Learning Trust,Silver,Education,Managed Cloud,28,28,28,0,100.0,15.96,0.283
2025-05-01,CUST-016,Redwood Learning Trust,Silver,Education,Managed Security,11,11,11,0,100.0,9.61,0.209
2025-05-01,CUST-016,Redwood Learning Trust,Silver,Education,SD-WAN,32,32,32,1,96.88,17.69,0.362
2025-05-01,CUST-017,Coastal Energy,Gold,Energy,Managed Cloud,10,10,10,0,100.0,11.2,0.379
2025-05-01,CUST-017,Coastal Energy,Gold,Energy,Business Voice (SIP),45,45,45,5,88.89,16.21,0.562
2025-05-01,CUST-017,Coastal Energy,Gold,Energy,Dedicated Internet,58,58,58,9,84.48,31.38,0.679
2025-05-01,CUST-017,Coastal Energy,Gold,Energy,MPLS WAN,23,23,23,4,82.61,19.51,0.596
2025-05-01,CUST-017,Coastal Energy,Gold,Energy,SD-WAN,46,46,46,13,71.74,28.97,0.879
2025-05-01,CUST-017,Coastal Energy,Gold,Energy,Managed Security,17,17,17,0,100.0,14.21,0.262
2025-05-01,CUST-018,Granite Power Co-op,Gold,Energy,MPLS WAN,63,63,63,12,80.95,17.38,0.619
2025-05-01,CUST-018,Granite Power Co-op,Gold,Energy,Dedicated Internet,24,24,24,1,95.83,18.81,0.449
2025-05-01,CUST-018,Granite Power Co-op,Gold,Energy,Managed Cloud,18,18,18,1,94.44,17.6,0.399
2025-05-01,CUST-018,Granite Power Co-op,Gold,Energy,SD-WAN,50,50,50,8,84.0,18.24,0.632
2025-05-01,CUST-018,Granite Power Co-op,Gold,Energy,Managed Security,41,41,41,1,97.56,12.38,0.363
2025-05-01,CUST-018,Granite Power Co-op,Gold,Energy,Business Voice (SIP),66,66,66,8,87.88,19.02,0.488
2025-05-01,CUST-019,Stonebridge Regional Authority,Gold,Public Sector,Business Voice (SIP),64,64,64,8,87.5,24.62,0.58
2025-05-01,CUST-019,Stonebridge Regional Authority,Gold,Public Sector,Managed Cloud,21,21,21,0,100.0,18.35,0.387
2025-05-01,CUST-019,Stonebridge Regional Authority,Gold,Public Sector,SD-WAN,64,64,64,12,81.25,25.68,0.676
2025-05-01,CUST-019,Stonebridge Regional Authority,Gold,Public Sector,MPLS WAN,38,38,38,4,89.47,33.03,0.636
2025-05-01,CUST-019,Stonebridge Regional Authority,Gold,Public Sector,Managed Security,40,40,40,3,92.5,15.11,0.447
2025-05-01,CUST-019,Stonebridge Regional Authority,Gold,Public Sector,Dedicated Internet,43,43,43,3,93.02,18.79,0.53
2025-05-01,CUST-020,Orchard Distribution,Silver,Logistics,Business Voice (SIP),37,37,37,9,75.68,41.82,0.756
2025-05-01,CUST-020,Orchard Distribution,Silver,Logistics,Managed Security,2,2,2,0,100.0,24.59,0.341
2025-05-01,CUST-020,Orchard Distribution,Silver,Logistics,MPLS WAN,6,6,6,2,66.67,50.61,0.893
2025-05-01,CUST-020,Orchard Distribution,Silver,Logistics,Managed Cloud,8,8,8,1,87.5,22.84,0.52
2025-05-01,CUST-020,Orchard Distribution,Silver,Logistics,Dedicated Internet,41,41,41,5,87.8,31.08,0.605
2025-05-01,CUST-021,Keystone Distribution,Gold,Logistics,SD-WAN,107,107,107,13,87.85,20.17,0.579
2025-05-01,CUST-021,Keystone Distribution,Gold,Logistics,Business Voice (SIP),59,59,59,3,94.92,23.01,0.517
2025-05-01,CUST-021,Keystone Distribution,Gold,Logistics,Managed Security,44,44,44,4,90.91,14.6,0.439
2025-05-01,CUST-021,Keystone Distribution,Gold,Logistics,Managed Cloud,38,38,38,4,89.47,23.57,0.543
2025-05-01,CUST-021,Keystone Distribution,Gold,Logistics,Dedicated Internet,79,79,79,7,91.14,14.73,0.432
2025-05-01,CUST-021,Keystone Distribution,Gold,Logistics,MPLS WAN,13,13,13,2,84.62,19.2,0.608
2025-05-01,CUST-022,Ironwood Health Network,Silver,Healthcare,Business Voice (SIP),12,12,12,0,100.0,22.19,0.377
2025-05-01,CUST-022,Ironwood Health Network,Silver,Healthcare,SD-WAN,21,21,21,5,76.19,40.42,0.918
2025-05-01,CUST-022,Ironwood Health Network,Silver,Healthcare,Dedicated Internet,22,22,22,5,77.27,29.45,0.593
2025-05-01,CUST-022,Ironwood Health Network,Silver,Healthcare,Managed Cloud,16,16,16,2,87.5,19.47,0.528
2025-05-01,CUST-022,Ironwood Health Network,Silver,Healthcare,MPLS WAN,6,6,6,0,100.0,19.38,0.296
2025-05-01,CUST-023,Silverline Learning Trust,Bronze,Education,SD-WAN,33,33,33,8,75.76,38.89,0.715
2025-05-01,CUST-023,Silverline Learning Trust,Bronze,Education,Managed Cloud,25,25,25,3,88.0,29.11,0.663
2025-05-01,CUST-023,Silverline Learning Trust,Bronze,Education,Business Voice (SIP),33,33,33,3,90.91,57.84,0.554
2025-05-01,CUST-023,Silverline Learning Trust,Bronze,Education,Managed Security,28,28,28,2,92.86,30.8,0.399
2025-05-01,CUST-023,Silverline Learning Trust,Bronze,Education,MPLS WAN,14,14,14,1,92.86,45.22,0.537
2025-05-01,CUST-023,Silverline Learning Trust,Bronze,Education,Dedicated Internet,53,53,53,7,86.79,39.97,0.591
2025-05-01,CUST-024,Cascadia Academy,Gold,Education,Managed Cloud,50,50,50,4,92.0,20.34,0.527
2025-05-01,CUST-024,Cascadia Academy,Gold,Education,Dedicated Internet,102,102,102,20,80.39,25.98,0.724
2025-05-01,CUST-024,Cascadia Academy,Gold,Education,Business Voice (SIP),72,72,72,17,76.39,34.97,0.726
2025-05-01,CUST-024,Cascadia Academy,Gold,Education,MPLS WAN,10,10,10,5,50.0,26.24,0.957
2025-05-01,CUST-024,Cascadia Academy,Gold,Education,Managed Security,27,27,27,4,85.19,22.35,0.731
2025-05-01,CUST-024,Cascadia Academy,Gold,Education,SD-WAN,30,30,30,3,90.0,27.27,0.695
2025-05-01,CUST-025,Cedar Marketplaces,Bronze,Retail,MPLS WAN,8,8,8,1,87.5,61.6,0.671
2025-05-01,CUST-025,Cedar Marketplaces,Bronze,Retail,SD-WAN,20,20,20,9,55.0,116.24,1.424
2025-05-01,CUST-026,Frontier Freight Lines,Gold,Logistics,Dedicated Internet,100,100,100,12,88.0,18.41,0.681
2025-05-01,CUST-026,Frontier Freight Lines,Gold,Logistics,Managed Cloud,41,41,41,6,85.37,19.1,0.507
2025-05-01,CUST-026,Frontier Freight Lines,Gold,Logistics,Managed Security,23,23,23,1,95.65,13.82,0.396
2025-05-01,CUST-026,Frontier Freight Lines,Gold,Logistics,Business Voice (SIP),59,59,59,8,86.44,18.03,0.557
2025-05-01,CUST-026,Frontier Freight Lines,Gold,Logistics,MPLS WAN,5,5,5,1,80.0,20.38,0.627
2025-05-01,CUST-026,Frontier Freight Lines,Gold,Logistics,SD-WAN,52,52,52,7,86.54,17.63,0.646
2025-05-01,CUST-027,Trillium Medical Centres,Bronze,Healthcare,Managed Security,14,14,14,1,92.86,53.59,0.522
2025-05-01,CUST-027,Trillium Medical Centres,Bronze,Healthcare,Dedicated Internet,32,32,32,9,71.88,68.81,0.816
2025-05-01,CUST-027,Trillium Medical Centres,Bronze,Healthcare,Business Voice (SIP),2,2,2,0,100.0,53.48,0.557
2025-05-01,CUST-027,Trillium Medical Centres,Bronze,Healthcare,Managed Cloud,15,15,15,1,93.33,43.56,0.592
2025-05-01,CUST-028,Beacon Pipelines,Bronze,Energy,Managed Security,14,14,14,2,85.71,24.34,0.616
2025-05-01,CUST-028,Beacon Pipelines,Bronze,Energy,Dedicated Internet,19,19,19,8,57.89,38.19,0.954
2025-05-01,CUST-028,Beacon Pipelines,Bronze,Energy,MPLS WAN,3,3,3,0,100.0,23.32,0.575
2025-05-01,CUST-028,Beacon Pipelines,Bronze,Energy,SD-WAN,22,22,22,11,50.0,120.29,1.475
2025-05-01,CUST-028,Beacon Pipelines,Bronze,Energy,Managed Cloud,22,22,22,3,86.36,74.54,0.725
2025-05-01,CUST-029,Pinecrest Energy,Bronze,Energy,Business Voice (SIP),8,8,8,0,100.0,17.57,0.337
2025-05-01,CUST-029,Pinecrest Energy,Bronze,Energy,SD-WAN,5,5,5,2,60.0,37.33,0.936
2025-05-01,CUST-029,Pinecrest Energy,Bronze,Energy,Dedicated Internet,9,9,9,0,100.0,20.07,0.334
2025-05-01,CUST-030,Summit Retail Group,Platinum,Retail,Dedicated Internet,79,79,79,4,94.94,9.17,0.401
2025-05-01,CUST-030,Summit Retail Group,Platinum,Retail,MPLS WAN,43,43,43,4,90.7,6.98,0.505
2025-05-01,CUST-030,Summit Retail Group,Platinum,Retail,Managed Security,38,38,38,1,97.37,14.41,0.376
2025-05-01,CUST-030,Summit Retail Group,Platinum,Retail,SD-WAN,130,130,130,15,88.46,11.82,0.645
2025-05-01,CUST-030,Summit Retail Group,Platinum,Retail,Managed Cloud,49,49,49,4,91.84,8.09,0.573
2025-05-01,CUST-030,Summit Retail Group,Platinum,Retail,Business Voice (SIP),143,143,143,6,95.8,6.11,0.38
2025-05-01,CUST-031,Crestview Pipelines,Silver,Energy,Dedicated Internet,14,14,14,1,92.86,25.61,0.493
2025-05-01,CUST-031,Crestview Pipelines,Silver,Energy,Managed Cloud,8,8,8,0,100.0,28.13,0.393
2025-05-01,CUST-031,Crestview Pipelines,Silver,Energy,Business Voice (SIP),17,17,17,3,82.35,28.42,0.611
2025-05-01,CUST-031,Crestview Pipelines,Silver,Energy,SD-WAN,20,20,20,5,75.0,44.04,0.67
2025-05-01,CUST-031,Crestview Pipelines,Silver,Energy,Managed Security,6,6,6,0,100.0,18.52,0.335
2025-05-01,CUST-032,Meridian Distribution,Platinum,Logistics,Business Voice (SIP),159,159,159,20,87.42,7.59,0.59
2025-05-01,CUST-032,Meridian Distribution,Platinum,Logistics,Managed Security,60,60,60,3,95.0,7.36,0.379
2025-05-01,CUST-032,Meridian Distribution,Platinum,Logistics,MPLS WAN,16,16,16,6,62.5,12.74,1.131
2025-05-01,CUST-032,Meridian Distribution,Platinum,Logistics,Managed Cloud,11,11,11,1,90.91,6.52,0.799
2025-05-01,CUST-032,Meridian Distribution,Platinum,Logistics,SD-WAN,82,82,82,14,82.93,13.2,0.666
2025-05-01,CUST-032,Meridian Distribution,Platinum,Logistics,Dedicated Internet,102,102,102,7,93.14,8.17,0.492
2025-05-01,CUST-033,Boreal Retail Group,Gold,Retail,Managed Security,38,38,38,3,92.11,11.93,0.367
2025-05-01,CUST-033,Boreal Retail Group,Gold,Retail,MPLS WAN,41,41,41,3,92.68,25.31,0.543
2025-05-01,CUST-033,Boreal Retail Group,Gold,Retail,Dedicated Internet,34,34,34,4,88.24,13.6,0.552
2025-05-01,CUST-033,Boreal Retail Group,Gold,Retail,Business Voice (SIP),60,60,60,6,90.0,21.45,0.521
2025-05-01,CUST-033,Boreal Retail Group,Gold,Retail,Managed Cloud,22,22,22,2,90.91,10.12,0.366
2025-05-01,CUST-033,Boreal Retail Group,Gold,Retail,SD-WAN,84,84,84,10,88.1,20.22,0.558
2025-05-01,CUST-034,Evergreen Stores Ltd.,Platinum,Retail,Managed Security,29,29,29,2,93.1,12.18,0.514
2025-05-01,CUST-034,Evergreen Stores Ltd.,Platinum,Retail,Dedicated Internet,69,69,69,10,85.51,10.62,0.68
2025-05-01,CUST-034,Evergreen Stores Ltd.,Platinum,Retail,MPLS WAN,20,20,20,4,80.0,16.98,0.923
2025-05-01,CUST-034,Evergreen Stores Ltd.,Platinum,Retail,SD-WAN,82,82,82,18,78.05,10.21,0.673
2025-05-01,CUST-034,Evergreen Stores Ltd.,Platinum,Retail,Business Voice (SIP),63,63,63,4,93.65,10.19,0.498
2025-05-01,CUST-034,Evergreen Stores Ltd.,Platinum,Retail,Managed Cloud,22,22,22,0,100.0,13.37,0.428
2025-05-01,CUST-035,Ridgeline Stores Ltd.,Gold,Retail,Dedicated Internet,73,73,73,9,87.67,14.5,0.504
2025-05-01,CUST-035,Ridgeline Stores Ltd.,Gold,Retail,Business Voice (SIP),60,60,60,4,93.33,17.06,0.4
2025-05-01,CUST-035,Ridgeline Stores Ltd.,Gold,Retail,Managed Security,3,3,3,0,100.0,15.08,0.254
2025-05-01,CUST-035,Ridgeline Stores Ltd.,Gold,Retail,SD-WAN,63,63,63,12,80.95,24.77,0.665
2025-05-01,CUST-035,Ridgeline Stores Ltd.,Gold,Retail,MPLS WAN,24,24,24,2,91.67,23.68,0.473
2025-05-01,CUST-036,Highland College,Platinum,Education,Dedicated Internet,86,86,86,13,84.88,10.12,0.637
2025-05-01,CUST-036,Highland College,Platinum,Education,SD-WAN,62,62,62,8,87.1,16.76,0.529
2025-05-01,CUST-036,Highland College,Platinum,Education,MPLS WAN,35,35,35,6,82.86,6.26,0.606
2025-05-01,CUST-036,Highland College,Platinum,Education,Managed Security,28,28,28,1,96.43,9.24,0.323
2025-05-01,CUST-036,Highland College,Platinum,Education,Managed Cloud,46,46,46,4,91.3,11.53,0.749
2025-05-01,CUST-036,Highland College,Platinum,Education,Business Voice (SIP),86,86,86,8,90.7,9.99,0.502
2025-05-01,CUST-037,Glacier Retail Group,Gold,Retail,Business Voice (SIP),48,48,48,12,75.0,23.43,0.767
2025-05-01,CUST-037,Glacier Retail Group,Gold,Retail,SD-WAN,55,55,55,7,87.27,21.92,0.685
2025-05-01,CUST-037,Glacier Retail Group,Gold,Retail,Managed Cloud,28,28,28,4,85.71,19.63,0.8
2025-05-01,CUST-037,Glacier Retail Group,Gold,Retail,Managed Security,12,12,12,1,91.67,19.5,0.549
2025-05-01,CUST-037,Glacier Retail Group,Gold,Retail,Dedicated Internet,99,99,99,19,80.81,22.35,0.814
2025-05-01,CUST-037,Glacier Retail Group,Gold,Retail,MPLS WAN,48,48,48,9,81.25,38.39,0.671
2025-05-01,CUST-038,Harbour Renewables,Silver,Energy,Managed Cloud,4,4,4,0,100.0,38.09,0.387
2025-05-01,CUST-038,Harbour Renewables,Silver,Energy,SD-WAN,23,23,23,4,82.61,41.36,0.716
2025-05-01,CUST-038,Harbour Renewables,Silver,Energy,Business Voice (SIP),18,18,18,4,77.78,35.06,0.98
2025-05-01,CUST-038,Harbour Renewables,Silver,Energy,Managed Security,10,10,10,1,90.0,28.51,0.475
2025-05-01,CUST-038,Harbour Renewables,Silver,Energy,MPLS WAN,37,37,37,6,83.78,39.44,0.704
2025-05-01,CUST-038,Harbour Renewables,Silver,Energy,Dedicated Internet,52,52,52,9,82.69,40.46,0.679
2025-05-01,CUST-039,Quarry Academy,Silver,Education,MPLS WAN,32,32,32,4,87.5,19.35,0.539
2025-05-01,CUST-039,Quarry Academy,Silver,Education,Business Voice (SIP),76,76,76,6,92.11,20.18,0.467
2025-05-01,CUST-039,Quarry Academy,Silver,Education,Managed Cloud,10,10,10,0,100.0,24.35,0.333
2025-05-01,CUST-039,Quarry Academy,Silver,Education,SD-WAN,66,66,66,8,87.88,26.33,0.527
2025-05-01,CUST-039,Quarry Academy,Silver,Education,Managed Security,20,20,20,3,85.0,19.98,0.528
2025-05-01,CUST-039,Quarry Academy,Silver,Education,Dedicated Internet,72,72,72,5,93.06,24.23,0.424
2025-05-01,CUST-040,Tundra Fabrication,Gold,Manufacturing,Managed Security,13,13,13,1,92.31,22.14,0.427
2025-05-01,CUST-040,Tundra Fabrication,Gold,Manufacturing,SD-WAN,19,19,19,5,73.68,26.4,0.728
2025-05-01,CUST-040,Tundra Fabrication,Gold,Manufacturing,Dedicated Internet,61,61,61,7,88.52,18.64,0.687
2025-05-01,CUST-040,Tundra Fabrication,Gold,Manufacturing,Business Voice (SIP),56,56,56,8,85.71,27.34,0.598
2025-05-01,CUST-040,Tundra Fabrication,Gold,Manufacturing,MPLS WAN,8,8,8,2,75.0,36.27,0.794
2025-05-01,CUST-040,Tundra Fabrication,Gold,Manufacturing,Managed Cloud,28,28,28,2,92.86,14.43,0.42
2025-06-01,CUST-001,Lakeview Health Network,Silver,Healthcare,Business Voice (SIP),15,15,15,1,93.33,31.63,0.502
2025-06-01,CUST-001,Lakeview Health Network,Silver,Healthcare,MPLS WAN,17,17,17,3,82.35,21.19,0.694
2025-06-01,CUST-001,Lakeview Health Network,Silver,Healthcare,Managed Cloud,10,10,10,2,80.0,39.67,0.73
2025-06-01,CUST-001,Lakeview Health Network,Silver,Healthcare,Dedicated Internet,31,31,31,4,87.1,17.93,0.472
2025-06-01,CUST-001,Lakeview Health Network,Silver,Healthcare,Managed Security,3,3,3,0,100.0,9.33,0.134
2025-06-01,CUST-001,Lakeview Health Network,Silver,Healthcare,SD-WAN,5,5,5,0,100.0,33.19,0.394
2025-06-01,CUST-002,Westgate Care Group,Silver,Healthcare,Managed Security,3,3,3,0,100.0,51.57,0.524
2025-06-01,CUST-002,Westgate Care Group,Silver,Healthcare,Business Voice (SIP),6,6,6,1,83.33,43.74,0.714
2025-06-01,CUST-002,Westgate Care Group,Silver,Healthcare,SD-WAN,5,5,5,1,80.0,10.03,0.422
2025-06-01,CUST-002,Westgate Care Group,Silver,Healthcare,Dedicated Internet,3,3,3,1,66.67,86.63,0.733
2025-06-01,CUST-002,Westgate Care Group,Silver,Healthcare,MPLS WAN,1,1,1,0,100.0,19.9,0.276
2025-06-01,CUST-002,Westgate Care Group,Silver,Healthcare,Managed Cloud,14,14,14,0,100.0,29.9,0.457
2025-06-01,CUST-003,Juniper Polytechnic,Platinum,Education,Dedicated Internet,137,137,137,21,84.67,13.66,0.742
2025-06-01,CUST-003,Juniper Polytechnic,Platinum,Education,Managed Cloud,139,139,139,71,48.92,11.73,1.536
2025-06-01,CUST-003,Juniper Polytechnic,Platinum,Education,SD-WAN,114,114,114,25,78.07,14.66,0.769
2025-06-01,CUST-003,Juniper Polytechnic,Platinum,Education,Managed Security,38,38,38,8,78.95,9.92,0.594
2025-06-01,CUST-003,Juniper Polytechnic,Platinum,Education,Business Voice (SIP),88,88,88,8,90.91,11.83,0.568
2025-06-01,CUST-003,Juniper Polytechnic,Platinum,Education,MPLS WAN,43,43,43,4,90.7,18.58,0.79
2025-06-01,CUST-004,Heritage College,Bronze,Education,SD-WAN,34,34,34,7,79.41,49.84,0.751
2025-06-01,CUST-004,Heritage College,Bronze,Education,Managed Cloud,20,20,20,7,65.0,47.27,0.758
2025-06-01,CUST-004,Heritage College,Bronze,Education,Managed Security,15,15,15,3,80.0,32.5,0.638
2025-06-01,CUST-004,Heritage College,Bronze,Education,MPLS WAN,8,8,8,1,87.5,23.59,0.409
2025-06-01,CUST-004,Heritage College,Bronze,Education,Dedicated Internet,34,34,34,9,73.53,46.73,0.828
2025-06-01,CUST-005,Bluewater Health Network,Silver,Healthcare,Business Voice (SIP),33,33,33,2,93.94,30.68,0.484
2025-06-01,CUST-005,Bluewater Health Network,Silver,Healthcare,Dedicated Internet,12,12,12,2,83.33,29.18,0.564
2025-06-01,CUST-005,Bluewater Health Network,Silver,Healthcare,SD-WAN,29,29,29,4,86.21,40.26,0.612
2025-06-01,CUST-005,Bluewater Health Network,Silver,Healthcare,Managed Security,12,12,12,2,83.33,23.09,0.424
2025-06-01,CUST-006,Northshore Utilities,Silver,Public Sector,MPLS WAN,5,5,5,0,100.0,51.64,0.559
2025-06-01,CUST-006,Northshore Utilities,Silver,Public Sector,Business Voice (SIP),57,57,57,6,89.47,24.95,0.491
2025-06-01,CUST-006,Northshore Utilities,Silver,Public Sector,Dedicated Internet,35,35,35,3,91.43,23.29,0.522
2025-06-01,CUST-006,Northshore Utilities,Silver,Public Sector,Managed Security,7,7,7,0,100.0,7.63,0.3
2025-06-01,CUST-006,Northshore Utilities,Silver,Public Sector,SD-WAN,26,26,26,3,88.46,27.93,0.604
2025-06-01,CUST-007,Ashford Renewables,Bronze,Energy,Dedicated Internet,21,21,21,6,71.43,56.3,0.8
2025-06-01,CUST-007,Ashford Renewables,Bronze,Energy,Managed Security,9,9,9,1,88.89,22.82,0.396
2025-06-01,CUST-007,Ashford Renewables,Bronze,Energy,Managed Cloud,12,12,12,1,91.67,40.06,0.416
2025-06-01,CUST-007,Ashford Renewables,Bronze,Energy,SD-WAN,9,9,9,4,55.56,51.22,0.86
2025-06-01,CUST-007,Ashford Renewables,Bronze,Energy,Business Voice (SIP),4,4,4,0,100.0,38.22,0.405
2025-06-01,CUST-008,Maple College,Gold,Education,SD-WAN,36,36,36,4,88.89,14.23,0.63
2025-06-01,CUST-008,Maple College,Gold,Education,Managed Security,8,8,8,0,100.0,12.4,0.234
2025-06-01,CUST-008,Maple College,Gold,Education,Dedicated Internet,47,47,47,6,87.23,15.2,0.533
2025-06-01,CUST-008,Maple College,Gold,Education,MPLS WAN,19,19,19,5,73.68,19.5,0.604
2025-06-01,CUST-008,Maple College,Gold,Education,Managed Cloud,26,26,26,3,88.46,11.94,0.543
2025-06-01,CUST-008,Maple College,Gold,Education,Business Voice (SIP),31,31,31,2,93.55,13.41,0.414
2025-06-01,CUST-009,Dominion Outfitters,Silver,Retail,Managed Cloud,4,4,4,0,100.0,31.5,0.309
2025-06-01,CUST-009,Dominion Outfitters,Silver,Retail,SD-WAN,18,18,18,4,77.78,30.49,0.601
2025-06-01,CUST-009,Dominion Outfitters,Silver,Retail,Managed Security,12,12,12,0,100.0,16.18,0.305
2025-06-01,CUST-009,Dominion Outfitters,Silver,Retail,MPLS WAN,3,3,3,1,66.67,28.89,0.732
2025-06-01,CUST-009,Dominion Outfitters,Silver,Retail,Dedicated Internet,10,10,10,1,90.0,21.17,0.539
2025-06-01,CUST-009,Dominion Outfitters,Silver,Retail,Business Voice (SIP),33,33,33,2,93.94,27.08,0.406
2025-06-01,CUST-010,Lighthouse Manufacturing,Gold,Manufacturing,SD-WAN,57,57,57,3,94.74,25.42,0.489
2025-06-01,CUST-010,Lighthouse Manufacturing,Gold,Manufacturing,Managed Security,15,15,15,0,100.0,11.46,0.36
2025-06-01,CUST-010,Lighthouse Manufacturing,Gold,Manufacturing,Managed Cloud,89,89,89,26,70.79,14.73,1.18
2025-06-01,CUST-010,Lighthouse Manufacturing,Gold,Manufacturing,Business Voice (SIP),44,44,44,4,90.91,21.75,0.494
2025-06-01,CUST-010,Lighthouse Manufacturing,Gold,Manufacturing,Dedicated Internet,28,28,28,2,92.86,20.33,0.535
2025-06-01,CUST-010,Lighthouse Manufacturing,Gold,Manufacturing,MPLS WAN,49,49,49,6,87.76,21.22,0.547
2025-06-01,CUST-011,Prairie Health Network,Silver,Healthcare,Dedicated Internet,53,53,53,2,96.23,24.29,0.472
2025-06-01,CUST-011,Prairie Health Network,Silver,Healthcare,Managed Cloud,16,16,16,2,87.5,28.3,0.478
2025-06-01,CUST-011,Prairie Health Network,Silver,Healthcare,SD-WAN,39,39,39,3,92.31,29.54,0.608
2025-06-01,CUST-011,Prairie Health Network,Silver,Healthcare,MPLS WAN,8,8,8,1,87.5,30.64,0.441
2025-06-01,CUST-011,Prairie Health Network,Silver,Healthcare,Business Voice (SIP),8,8,8,2,75.0,27.58,0.728
2025-06-01,CUST-011,Prairie Health Network,Silver,Healthcare,Managed Security,7,7,7,0,100.0,32.73,0.407
2025-06-01,CUST-012,Pioneer Freight Lines,Silver,Logistics,SD-WAN,70,70,70,19,72.86,56.73,0.856
2025-06-01,CUST-012,Pioneer Freight Lines,Silver,Logistics,Managed Cloud,28,28,28,19,32.14,57.08,2.227
2025-06-01,CUST-012,Pioneer Freight Lines,Silver,Logistics,Business Voice (SIP),61,61,61,12,80.33,27.4,0.7
2025-06-01,CUST-012,Pioneer Freight Lines,Silver,Logistics,Managed Security,11,11,11,4,63.64,38.41,0.631
2025-06-01,CUST-012,Pioneer Freight Lines,Silver,Logistics,Dedicated Internet,16,16,16,3,81.25,37.15,0.623
2025-06-01,CUST-013,Nordic School Board,Gold,Public Sector,Managed Security,26,26,26,0,100.0,13.49,0.313
2025-06-01,CUST-013,Nordic School Board,Gold,Public Sector,SD-WAN,39,39,39,5,87.18,29.52,0.559
2025-06-01,CUST-013,Nordic School Board,Gold,Public Sector,Dedicated Internet,26,26,26,2,92.31,23.07,0.495
2025-06-01,CUST-013,Nordic School Board,Gold,Public Sector,Managed Cloud,83,83,83,28,66.27,15.57,0.915
2025-06-01,CUST-013,Nordic School Board,Gold,Public Sector,MPLS WAN,15,15,15,1,93.33,20.03,0.42
2025-06-01,CUST-013,Nordic School Board,Gold,Public Sector,Business Voice (SIP),29,29,29,4,86.21,21.4,0.52
2025-06-01,CUST-014,Riverbend Polytechnic,Platinum,Education,Business Voice (SIP),110,110,110,15,86.36,12.28,0.616
2025-06-01,CUST-014,Riverbend Polytechnic,Platinum,Education,Dedicated Internet,60,60,60,11,81.67,13.35,0.639
2025-06-01,CUST-014,Riverbend Polytechnic,Platinum,Education,MPLS WAN,33,33,33,8,75.76,19.58,0.874
2025-06-01,CUST-014,Riverbend Polytechnic,Platinum,Education,Managed Security,25,25,25,6,76.0,7.73,0.715
2025-06-01,CUST-014,Riverbend Polytechnic,Platinum,Education,SD-WAN,129,129,129,25,80.62,14.38,0.748
2025-06-01,CUST-014,Riverbend Polytechnic,Platinum,Education,Managed Cloud,157,157,157,77,50.96,8.37,1.52
2025-06-01,CUST-015,Aurora Pharmacies,Platinum,Healthcare,Business Voice (SIP),76,76,76,12,84.21,10.68,0.639
2025-06-01,CUST-015,Aurora Pharmacies,Platinum,Healthcare,Managed Security,22,22,22,0,100.0,18.67,0.392
2025-06-01,CUST-015,Aurora Pharmacies,Platinum,Healthcare,SD-WAN,131,131,131,18,86.26,9.49,0.597
2025-06-01,CUST-015,Aurora Pharmacies,Platinum,Healthcare,Managed Cloud,69,69,69,13,81.16,8.05,0.946
2025-06-01,CUST-015,Aurora Pharmacies,Platinum,Healthcare,Dedicated Internet,92,92,92,9,90.22,10.3,0.51
2025-06-01,CUST-016,Redwood Learning Trust,Silver,Education,MPLS WAN,9,9,9,0,100.0,23.7,0.292
2025-06-01,CUST-016,Redwood Learning Trust,Silver,Education,Business Voice (SIP),19,19,19,2,89.47,22.86,0.462
2025-06-01,CUST-016,Redwood Learning Trust,Silver,Education,Dedicated Internet,35,35,35,2,94.29,17.46,0.461
2025-06-01,CUST-016,Redwood Learning Trust,Silver,Education,Managed Cloud,34,34,34,5,85.29,17.92,0.643
2025-06-01,CUST-016,Redwood Learning Trust,Silver,Education,Managed Security,12,12,12,0,100.0,26.64,0.406
2025-06-01,CUST-016,Redwood Learning Trust,Silver,Education,SD-WAN,32,32,32,2,93.75,34.34,0.539
2025-06-01,CUST-017,Coastal Energy,Gold,Energy,SD-WAN,39,39,39,10,74.36,28.34,0.778
2025-06-01,CUST-017,Coastal Energy,Gold,Energy,Business Voice (SIP),43,43,43,6,86.05,18.63,0.728
2025-06-01,CUST-017,Coastal Energy,Gold,Energy,Managed Security,7,7,7,0,100.0,13.32,0.408
2025-06-01,CUST-017,Coastal Energy,Gold,Energy,MPLS WAN,26,26,26,4,84.62,28.08,0.557
2025-06-01,CUST-017,Coastal Energy,Gold,Energy,Dedicated Internet,59,59,59,4,93.22,19.37,0.513
2025-06-01,CUST-017,Coastal Energy,Gold,Energy,Managed Cloud,11,11,11,0,100.0,15.42,0.333
2025-06-01,CUST-018,Granite Power Co-op,Gold,Energy,Managed Security,43,43,43,5,88.37,15.44,0.48
2025-06-01,CUST-018,Granite Power Co-op,Gold,Energy,MPLS WAN,62,62,62,8,87.1,17.34,0.602
2025-06-01,CUST-018,Granite Power Co-op,Gold,Energy,SD-WAN,45,45,45,10,77.78,21.84,0.871
2025-06-01,CUST-018,Granite Power Co-op,Gold,Energy,Business Voice (SIP),61,61,61,8,86.89,19.83,0.591
2025-06-01,CUST-018,Granite Power Co-op,Gold,Energy,Managed Cloud,13,13,13,0,100.0,16.95,0.378
2025-06-01,CUST-018,Granite Power Co-op,Gold,Energy,Dedicated Internet,20,20,20,1,95.0,23.77,0.691
2025-06-01,CUST-019,Stonebridge Regional Authority,Gold,Public Sector,Managed Security,45,45,45,2,95.56,15.89,0.441
2025-06-01,CUST-019,Stonebridge Regional Authority,Gold,Public Sector,Business Voice (SIP),52,52,52,9,82.69,29.16,0.693
2025-06-01,CUST-019,Stonebridge Regional Authority,Gold,Public Sector,MPLS WAN,46,46,46,6,86.96,25.53,0.617
2025-06-01,CUST-019,Stonebridge Regional Authority,Gold,Public Sector,SD-WAN,66,66,66,12,81.82,19.17,0.619
2025-06-01,CUST-019,Stonebridge Regional Authority,Gold,Public Sector,Managed Cloud,65,65,65,26,60.0,16.7,1.22
2025-06-01,CUST-019,Stonebridge Regional Authority,Gold,Public Sector,Dedicated Internet,47,47,47,5,89.36,19.34,0.498
2025-06-01,CUST-020,Orchard Distribution,Silver,Logistics,Dedicated Internet,35,35,35,3,91.43,31.98,0.454
2025-06-01,CUST-020,Orchard Distribution,Silver,Logistics,Business Voice (SIP),17,17,17,4,76.47,27.49,0.668
2025-06-01,CUST-020,Orchard Distribution,Silver,Logistics,Managed Security,7,7,7,1,85.71,49.38,0.542
2025-06-01,CUST-020,Orchard Distribution,Silver,Logistics,MPLS WAN,4,4,4,0,100.0,45.21,0.555
2025-06-01,CUST-020,Orchard Distribution,Silver,Logistics,Managed Cloud,21,21,21,11,47.62,23.55,1.285
2025-06-01,CUST-021,Keystone Distribution,Gold,Logistics,Managed Cloud,30,30,30,3,90.0,20.21,0.597
2025-06-01,CUST-021,Keystone Distribution,Gold,Logistics,MPLS WAN,8,8,8,1,87.5,11.59,0.404
2025-06-01,CUST-021,Keystone Distribution,Gold,Logistics,Business Voice (SIP),54,54,54,8,85.19,19.87,0.714
2025-06-01,CUST-021,Keystone Distribution,Gold,Logistics,SD-WAN,112,112,112,19,83.04,24.36,0.661
2025-06-01,CUST-021,Keystone Distribution,Gold,Logistics,Managed Security,37,37,37,3,91.89,15.68,0.401
2025-06-01,CUST-021,Keystone Distribution,Gold,Logistics,Dedicated Internet,86,86,86,9,89.53,19.18,0.537
2025-06-01,CUST-022,Ironwood Health Network,Silver,Healthcare,Dedicated Internet,23,23,23,1,95.65,32.09,0.491
2025-06-01,CUST-022,Ironwood Health Network,Silver,Healthcare,SD-WAN,22,22,22,1,95.45,42.17,0.557
2025-06-01,CUST-022,Ironwood Health Network,Silver,Healthcare,MPLS WAN,9,9,9,1,88.89,32.89,0.586
2025-06-01,CUST-022,Ironwood Health Network,Silver,Healthcare,Managed Cloud,26,26,26,10,61.54,19.1,0.942
2025-06-01,CUST-022,Ironwood Health Network,Silver,Healthcare,Business Voice (SIP),10,10,10,2,80.0,31.22,0.655
2025-06-01,CUST-023,Silverline Learning Trust,Bronze,Education,Managed Security,24,24,24,4,83.33,36.59,0.56
2025-06-01,CUST-023,Silverline Learning Trust,Bronze,Education,MPLS WAN,9,9,9,1,88.89,35.39,0.708
2025-06-01,CUST-023,Silverline Learning Trust,Bronze,Education,Managed Cloud,106,106,106,55,48.11,41.43,1.505
2025-06-01,CUST-023,Silverline Learning Trust,Bronze,Education,Dedicated Internet,33,33,33,4,87.88,40.17,0.571
2025-06-01,CUST-023,Silverline Learning Trust,Bronze,Education,Business Voice (SIP),19,19,19,4,78.95,48.79,0.939
2025-06-01,CUST-023,Silverline Learning Trust,Bronze,Education,SD-WAN,27,27,27,4,85.19,54.64,0.641
2025-06-01,CUST-024,Cascadia Academy,Gold,Education,Managed Cloud,51,51,51,11,78.43,30.12,0.759
2025-06-01,CUST-024,Cascadia Academy,Gold,Education,Business Voice (SIP),63,63,63,21,66.67,34.42,0.817
2025-06-01,CUST-024,Cascadia Academy,Gold,Education,SD-WAN,31,31,31,7,77.42,28.42,0.902
2025-06-01,CUST-024,Cascadia Academy,Gold,Education,Managed Security,29,29,29,4,86.21,27.18,0.562
2025-06-01,CUST-024,Cascadia Academy,Gold,Education,MPLS WAN,10,10,10,1,90.0,20.42,0.683
2025-06-01,CUST-024,Cascadia Academy,Gold,Education,Dedicated Internet,99,99,99,23,76.77,27.22,0.807
2025-06-01,CUST-025,Cedar Marketplaces,Bronze,Retail,SD-WAN,21,21,21,7,66.67,78.32,0.955
2025-06-01,CUST-025,Cedar Marketplaces,Bronze,Retail,MPLS WAN,5,5,5,0,100.0,42.94,0.557
2025-06-01,CUST-026,Frontier Freight Lines,Gold,Logistics,Managed Cloud,41,41,41,5,87.8,13.95,0.512
2025-06-01,CUST-026,Frontier Freight Lines,Gold,Logistics,MPLS WAN,9,9,9,0,100.0,18.37,0.432
2025-06-01,CUST-026,Frontier Freight Lines,Gold,Logistics,SD-WAN,71,71,71,14,80.28,23.98,0.713
2025-06-01,CUST-026,Frontier Freight Lines,Gold,Logistics,Managed Security,31,31,31,4,87.1,19.17,0.524
2025-06-01,CUST-026,Frontier Freight Lines,Gold,Logistics,Business Voice (SIP),63,63,63,8,87.3,28.23,0.67
2025-06-01,CUST-026,Frontier Freight Lines,Gold,Logistics,Dedicated Internet,90,90,90,15,83.33,21.56,0.644
2025-06-01,CUST-027,Trillium Medical Centres,Bronze,Healthcare,Business Voice (SIP),7,7,7,0,100.0,63.4,0.594
2025-06-01,CUST-027,Trillium Medical Centres,Bronze,Healthcare,Managed Security,15,15,15,1,93.33,43.03,0.528
2025-06-01,CUST-027,Trillium Medical Centres,Bronze,Healthcare,Managed Cloud,22,22,22,8,63.64,62.95,0.753
2025-06-01,CUST-027,Trillium Medical Centres,Bronze,Healthcare,Dedicated Internet,24,24,24,7,70.83,57.68,0.794
2025-06-01,CUST-028,Beacon Pipelines,Bronze,Energy,Dedicated Internet,14,14,14,1,92.86,59.15,0.568
2025-06-01,CUST-028,Beacon Pipelines,Bronze,Energy,MPLS WAN,1,1,1,0,100.0,36.38,0.379
2025-06-01,CUST-028,Beacon Pipelines,Bronze,Energy,Managed Security,9,9,9,1,88.89,61.7,0.739
2025-06-01,CUST-028,Beacon Pipelines,Bronze,Energy,Managed Cloud,59,59,59,34,42.37,46.83,1.603
2025-06-01,CUST-028,Beacon Pipelines,Bronze,Energy,SD-WAN,9,9,9,2,77.78,75.02,0.867
2025-06-01,CUST-029,Pinecrest Energy,Bronze,Energy,SD-WAN,1,1,1,0,100.0,27.65,0.288
2025-06-01,CUST-029,Pinecrest Energy,Bronze,Energy,Dedicated Internet,11,11,11,1,90.91,33.35,0.426
2025-06-01,CUST-029,Pinecrest Energy,Bronze,Energy,Business Voice (SIP),4,4,4,0,100.0,69.9,0.52
2025-06-01,CUST-030,Summit Retail Group,Platinum,Retail,Managed Cloud,66,66,66,12,81.82,5.46,0.605
2025-06-01,CUST-030,Summit Retail Group,Platinum,Retail,Business Voice (SIP),123,123,123,10,91.87,8.91,0.475
2025-06-01,CUST-030,Summit Retail Group,Platinum,Retail,SD-WAN,135,135,135,19,85.93,10.65,0.565
2025-06-01,CUST-030,Summit Retail Group,Platinum,Retail,Managed Security,36,36,36,0,100.0,4.53,0.243
2025-06-01,CUST-030,Summit Retail Group,Platinum,Retail,Dedicated Internet,67,67,67,6,91.04,8.29,0.45
2025-06-01,CUST-030,Summit Retail Group,Platinum,Retail,MPLS WAN,45,45,45,5,88.89,14.64,0.47
2025-06-01,CUST-031,Crestview Pipelines,Silver,Energy,Managed Security,2,2,2,0,100.0,18.48,0.253
2025-06-01,CUST-031,Crestview Pipelines,Silver,Energy,Dedicated Internet,11,11,11,1,90.91,25.02,0.446
2025-06-01,CUST-031,Crestview Pipelines,Silver,Energy,Business Voice (SIP),16,16,16,1,93.75,33.41,0.573
2025-06-01,CUST-031,Crestview Pipelines,Silver,Energy,SD-WAN,15,15,15,0,100.0,25.1,0.393
2025-06-01,CUST-031,Crestview Pipelines,Silver,Energy,Managed Cloud,11,11,11,1,90.91,37.96,0.565
2025-06-01,CUST-032,Meridian Distribution,Platinum,Logistics,Managed Cloud,45,45,45,14,68.89,7.81,1.098
2025-06-01,CUST-032,Meridian Distribution,Platinum,Logistics,Business Voice (SIP),132,132,132,9,93.18,7.91,0.445
2025-06-01,CUST-032,Meridian Distribution,Platinum,Logistics,MPLS WAN,9,9,9,0,100.0,7.01,0.48
2025-06-01,CUST-032,Meridian Distribution,Platinum,Logistics,Managed Security,49,49,49,3,93.88,5.52,0.452
2025-06-01,CUST-032,Meridian Distribution,Platinum,Logistics,SD-WAN,101,101,101,15,85.15,9.28,0.575
2025-06-01,CUST-032,Meridian Distribution,Platinum,Logistics,Dedicated Internet,107,107,107,9,91.59,11.56,0.519
2025-06-01,CUST-033,Boreal Retail Group,Gold,Retail,MPLS WAN,44,44,44,4,90.91,19.61,0.511
2025-06-01,CUST-033,Boreal Retail Group,Gold,Retail,SD-WAN,63,63,63,6,90.48,18.97,0.517
2025-06-01,CUST-033,Boreal Retail Group,Gold,Retail,Managed Security,29,29,29,1,96.55,13.24,0.345
2025-06-01,CUST-033,Boreal Retail Group,Gold,Retail,Managed Cloud,54,54,54,9,83.33,8.65,0.599
2025-06-01,CUST-033,Boreal Retail Group,Gold,Retail,Dedicated Internet,38,38,38,3,92.11,16.85,0.461
2025-06-01,CUST-033,Boreal Retail Group,Gold,Retail,Business Voice (SIP),51,51,51,1,98.04,15.19,0.384
2025-06-01,CUST-034,Evergreen Stores Ltd.,Platinum,Retail,Business Voice (SIP),61,61,61,9,85.25,17.0,0.658
2025-06-01,CUST-034,Evergreen Stores Ltd.,Platinum,Retail,MPLS WAN,16,16,16,4,75.0,13.21,0.946
2025-06-01,CUST-034,Evergreen Stores Ltd.,Platinum,Retail,Managed Cloud,45,45,45,20,55.56,13.22,1.353
2025-06-01,CUST-034,Evergreen Stores Ltd.,Platinum,Retail,Managed Security,24,24,24,2,91.67,12.56,0.463
2025-06-01,CUST-034,Evergreen Stores Ltd.,Platinum,Retail,SD-WAN,77,77,77,14,81.82,16.96,0.724
2025-06-01,CUST-034,Evergreen Stores Ltd.,Platinum,Retail,Dedicated Internet,71,71,71,13,81.69,15.45,0.729
2025-06-01,CUST-035,Ridgeline Stores Ltd.,Gold,Retail,Dedicated Internet,67,67,67,4,94.03,12.78,0.409
2025-06-01,CUST-035,Ridgeline Stores Ltd.,Gold,Retail,MPLS WAN,24,24,24,1,95.83,19.03,0.484
2025-06-01,CUST-035,Ridgeline Stores Ltd.,Gold,Retail,Managed Security,4,4,4,0,100.0,8.47,0.274
2025-06-01,CUST-035,Ridgeline Stores Ltd.,Gold,Retail,SD-WAN,58,58,58,11,81.03,18.68,0.792
2025-06-01,CUST-035,Ridgeline Stores Ltd.,Gold,Retail,Business Voice (SIP),62,62,62,6,90.32,18.18,0.572
2025-06-01,CUST-036,Highland College,Platinum,Education,Managed Security,24,24,24,1,95.83,7.68,0.38
2025-06-01,CUST-036,Highland College,Platinum,Education,Business Voice (SIP),85,85,85,3,96.47,7.85,0.392
2025-06-01,CUST-036,Highland College,Platinum,Education,MPLS WAN,39,39,39,3,92.31,8.19,0.494
2025-06-01,CUST-036,Highland College,Platinum,Education,Managed Cloud,106,106,106,40,62.26,8.97,1.191
2025-06-01,CUST-036,Highland College,Platinum,Education,SD-WAN,67,67,67,4,94.03,9.19,0.471
2025-06-01,CUST-036,Highland College,Platinum,Education,Dedicated Internet,89,89,89,7,92.13,9.34,0.502
2025-06-01,CUST-037,Glacier Retail Group,Gold,Retail,MPLS WAN,54,54,54,10,81.48,21.93,0.658
2025-06-01,CUST-037,Glacier Retail Group,Gold,Retail,Business Voice (SIP),37,37,37,10,72.97,25.63,0.772
2025-06-01,CUST-037,Glacier Retail Group,Gold,Retail,SD-WAN,45,45,45,11,75.56,22.07,0.646
2025-06-01,CUST-037,Glacier Retail Group,Gold,Retail,Dedicated Internet,82,82,82,15,81.71,30.0,0.778
2025-06-01,CUST-037,Glacier Retail Group,Gold,Retail,Managed Security,14,14,14,1,92.86,17.96,0.443
2025-06-01,CUST-037,Glacier Retail Group,Gold,Retail,Managed Cloud,25,25,25,5,80.0,23.88,0.582
2025-06-01,CUST-038,Harbour Renewables,Silver,Energy,Dedicated Internet,50,50,50,13,74.0,26.98,0.734
2025-06-01,CUST-038,Harbour Renewables,Silver,Energy,MPLS WAN,25,25,25,6,76.0,43.15,0.75
2025-06-01,CUST-038,Harbour Renewables,Silver,Energy,Managed Cloud,19,19,19,11,42.11,31.27,1.585
2025-06-01,CUST-038,Harbour Renewables,Silver,Energy,SD-WAN,17,17,17,6,64.71,45.25,0.754
2025-06-01,CUST-038,Harbour Renewables,Silver,Energy,Business Voice (SIP),21,21,21,5,76.19,26.69,0.834
2025-06-01,CUST-038,Harbour Renewables,Silver,Energy,Managed Security,9,9,9,1,88.89,25.76,0.804
2025-06-01,CUST-039,Quarry Academy,Silver,Education,Business Voice (SIP),61,61,61,6,90.16,21.57,0.57
2025-06-01,CUST-039,Quarry Academy,Silver,Education,Dedicated Internet,72,72,72,6,91.67,27.13,0.423
2025-06-01,CUST-039,Quarry Academy,Silver,Education,Managed Security,18,18,18,0,100.0,20.97,0.413
2025-06-01,CUST-039,Quarry Academy,Silver,Education,Managed Cloud,27,27,27,7,74.07,26.92,1.057
2025-06-01,CUST-039,Quarry Academy,Silver,Education,MPLS WAN,19,19,19,2,89.47,27.33,0.471
2025-06-01,CUST-039,Quarry Academy,Silver,Education,SD-WAN,61,61,61,7,88.52,26.82,0.556
2025-06-01,CUST-040,Tundra Fabrication,Gold,Manufacturing,Managed Security,11,11,11,0,100.0,8.11,0.29
2025-06-01,CUST-040,Tundra Fabrication,Gold,Manufacturing,SD-WAN,25,25,25,1,96.0,21.68,0.589
2025-06-01,CUST-040,Tundra Fabrication,Gold,Manufacturing,Business Voice (SIP),60,60,60,9,85.0,17.23,0.571
2025-06-01,CUST-040,Tundra Fabrication,Gold,Manufacturing,Managed Cloud,67,67,67,28,58.21,14.58,1.4
2025-06-01,CUST-040,Tundra Fabrication,Gold,Manufacturing,Dedicated Internet,85,85,85,8,90.59,22.1,0.487
2025-06-01,CUST-040,Tundra Fabrication,Gold,Manufacturing,MPLS WAN,2,2,2,2,0.0,32.25,1.068
2025-07-01,CUST-001,Lakeview Health Network,Silver,Healthcare,Managed Cloud,8,8,8,1,87.5,40.05,0.629
2025-07-01,CUST-001,Lakeview Health Network,Silver,Healthcare,MPLS WAN,13,13,13,3,76.92,53.87,0.787
2025-07-01,CUST-001,Lakeview Health Network,Silver,Healthcare,Business Voice (SIP),16,16,16,2,87.5,24.37,0.57
2025-07-01,CUST-001,Lakeview Health Network,Silver,Healthcare,SD-WAN,6,6,6,2,66.67,55.5,0.899
2025-07-01,CUST-001,Lakeview Health Network,Silver,Healthcare,Managed Security,2,2,2,1,50.0,94.48,0.861
2025-07-01,CUST-001,Lakeview Health Network,Silver,Healthcare,Dedicated Internet,29,29,29,2,93.1,23.29,0.496
2025-07-01,CUST-002,Westgate Care Group,Silver,Healthcare,SD-WAN,5,5,5,3,40.0,48.6,1.158
2025-07-01,CUST-002,Westgate Care Group,Silver,Healthcare,Business Voice (SIP),2,2,2,0,100.0,72.48,0.726
2025-07-01,CUST-002,Westgate Care Group,Silver,Healthcare,Dedicated Internet,9,9,9,1,88.89,14.52,0.439
2025-07-01,CUST-002,Westgate Care Group,Silver,Healthcare,Managed Cloud,9,9,9,2,77.78,30.07,0.638
2025-07-01,CUST-002,Westgate Care Group,Silver,Healthcare,Managed Security,1,1,1,0,100.0,15.87,0.22
2025-07-01,CUST-002,Westgate Care Group,Silver,Healthcare,MPLS WAN,3,3,3,0,100.0,12.43,0.219
2025-07-01,CUST-003,Juniper Polytechnic,Platinum,Education,Managed Security,59,59,59,8,86.44,9.24,0.557
2025-07-01,CUST-003,Juniper Polytechnic,Platinum,Education,SD-WAN,121,121,121,29,76.03,15.06,0.826
2025-07-01,CUST-003,Juniper Polytechnic,Platinum,Education,Business Voice (SIP),63,63,63,10,84.13,12.42,0.814
2025-07-01,CUST-003,Juniper Polytechnic,Platinum,Education,Managed Cloud,38,38,38,4,89.47,9.14,0.782
2025-07-01,CUST-003,Juniper Polytechnic,Platinum,Education,Dedicated Internet,168,168,168,25,85.12,14.31,0.672
2025-07-01,CUST-003,Juniper Polytechnic,Platinum,Education,MPLS WAN,29,29,29,4,86.21,13.55,0.692
2025-07-01,CUST-004,Heritage College,Bronze,Education,SD-WAN,28,28,28,8,71.43,99.92,0.922
2025-07-01,CUST-004,Heritage College,Bronze,Education,Managed Security,14,14,14,3,78.57,66.61,0.686
2025-07-01,CUST-004,Heritage College,Bronze,Education,Dedicated Internet,24,24,24,5,79.17,55.18,0.73
2025-07-01,CUST-004,Heritage College,Bronze,Education,MPLS WAN,5,5,5,2,60.0,32.43,1.73
2025-07-01,CUST-004,Heritage College,Bronze,Education,Managed Cloud,17,17,17,0,100.0,31.31,0.456
2025-07-01,CUST-005,Bluewater Health Network,Silver,Healthcare,Managed Security,15,15,15,0,100.0,15.41,0.228
2025-07-01,CUST-005,Bluewater Health Network,Silver,Healthcare,Dedicated Internet,9,9,9,0,100.0,11.11,0.259
2025-07-01,CUST-005,Bluewater Health Network,Silver,Healthcare,SD-WAN,11,11,11,3,72.73,73.67,0.721
2025-07-01,CUST-005,Bluewater Health Network,Silver,Healthcare,Business Voice (SIP),40,40,40,3,92.5,31.88,0.495
2025-07-01,CUST-006,Northshore Utilities,Silver,Public Sector,Managed Security,6,6,6,1,83.33,22.27,0.461
2025-07-01,CUST-006,Northshore Utilities,Silver,Public Sector,Business Voice (SIP),54,54,54,7,87.04,30.62,0.486
2025-07-01,CUST-006,Northshore Utilities,Silver,Public Sector,SD-WAN,30,30,30,5,83.33,31.48,0.618
2025-07-01,CUST-006,Northshore Utilities,Silver,Public Sector,Dedicated Internet,25,25,25,2,92.0,36.65,0.518
2025-07-01,CUST-006,Northshore Utilities,Silver,Public Sector,MPLS WAN,5,5,5,1,80.0,21.45,0.612
2025-07-01,CUST-007,Ashford Renewables,Bronze,Energy,Business Voice (SIP),1,1,1,1,0.0,14.09,1.174
2025-07-01,CUST-007,Ashford Renewables,Bronze,Energy,Dedicated Internet,13,13,13,2,84.62,44.34,0.973
2025-07-01,CUST-007,Ashford Renewables,Bronze,Energy,Managed Cloud,8,8,8,0,100.0,34.65,0.361
2025-07-01,CUST-007,Ashford Renewables,Bronze,Energy,SD-WAN,16,16,16,7,56.25,58.99,1.012
2025-07-01,CUST-007,Ashford Renewables,Bronze,Energy,Managed Security,17,17,17,2,88.24,40.96,0.535
2025-07-01,CUST-008,Maple College,Gold,Education,Managed Security,7,7,7,1,85.71,28.54,0.882
2025-07-01,CUST-008,Maple College,Gold,Education,SD-WAN,35,35,35,3,91.43,21.28,0.508
2025-07-01,CUST-008,Maple College,Gold,Education,MPLS WAN,18,18,18,2,88.89,18.73,0.655
2025-07-01,CUST-008,Maple College,Gold,Education,Managed Cloud,16,16,16,1,93.75,21.86,0.401
2025-07-01,CUST-008,Maple College,Gold,Education,Dedicated Internet,50,50,50,4,92.0,15.01,0.416
2025-07-01,CUST-008,Maple College,Gold,Education,Business Voice (SIP),20,20,20,0,100.0,8.3,0.284
2025-07-01,CUST-009,Dominion Outfitters,Silver,Retail,SD-WAN,20,20,20,4,80.0,26.08,0.625
2025-07-01,CUST-009,Dominion Outfitters,Silver,Retail,Managed Security,2,2,2,0,100.0,39.11,0.543
2025-07-01,CUST-009,Dominion Outfitters,Silver,Retail,Business Voice (SIP),28,28,28,3,89.29,29.3,0.439
2025-07-01,CUST-009,Dominion Outfitters,Silver,Retail,MPLS WAN,5,5,5,0,100.0,30.77,0.433
2025-07-01,CUST-009,Dominion Outfitters,Silver,Retail,Dedicated Internet,13,13,13,3,76.92,35.03,0.657
2025-07-01,CUST-009,Dominion Outfitters,Silver,Retail,Managed Cloud,5,5,5,0,100.0,11.62,0.346
2025-07-01,CUST-010,Lighthouse Manufacturing,Gold,Manufacturing,SD-WAN,56,56,56,7,87.5,22.28,0.532
2025-07-01,CUST-010,Lighthouse Manufacturing,Gold,Manufacturing,MPLS WAN,45,45,45,4,91.11,19.03,0.478
2025-07-01,CUST-010,Lighthouse Manufacturing,Gold,Manufacturing,Dedicated Internet,35,35,35,8,77.14,21.03,0.703
2025-07-01,CUST-010,Lighthouse Manufacturing,Gold,Manufacturing,Managed Cloud,30,30,30,3,90.0,16.37,0.682
2025-07-01,CUST-010,Lighthouse Manufacturing,Gold,Manufacturing,Managed Security,17,17,17,1,94.12,11.99,0.371
2025-07-01,CUST-010,Lighthouse Manufacturing,Gold,Manufacturing,Business Voice (SIP),47,47,47,4,91.49,20.24,0.575
2025-07-01,CUST-011,Prairie Health Network,Silver,Healthcare,Dedicated Internet,25,25,25,2,92.0,31.27,0.595
2025-07-01,CUST-011,Prairie Health Network,Silver,Healthcare,Managed Security,6,6,6,0,100.0,34.2,0.352
2025-07-01,CUST-011,Prairie Health Network,Silver,Healthcare,Managed Cloud,13,13,13,1,92.31,7.97,0.338
2025-07-01,CUST-011,Prairie Health Network,Silver,Healthcare,SD-WAN,27,27,27,5,81.48,41.35,0.67
2025-07-01,CUST-011,Prairie Health Network,Silver,Healthcare,MPLS WAN,6,6,6,1,83.33,23.43,0.648
2025-07-01,CUST-011,Prairie Health Network,Silver,Healthcare,Business Voice (SIP),12,12,12,2,83.33,15.87,0.54
2025-07-01,CUST-012,Pioneer Freight Lines,Silver,Logistics,Business Voice (SIP),69,69,69,10,85.51,33.86,0.709
2025-07-01,CUST-012,Pioneer Freight Lines,Silver,Logistics,SD-WAN,78,78,78,26,66.67,54.42,0.867
2025-07-01,CUST-012,Pioneer Freight Lines,Silver,Logistics,Dedicated Internet,32,32,32,5,84.38,32.49,0.613
2025-07-01,CUST-012,Pioneer Freight Lines,Silver,Logistics,Managed Cloud,6,6,6,1,83.33,48.34,0.783
2025-07-01,CUST-012,Pioneer Freight Lines,Silver,Logistics,Managed Security,10,10,10,4,60.0,72.98,1.073
2025-07-01,CUST-013,Nordic School Board,Gold,Public Sector,SD-WAN,54,54,54,12,77.78,25.43,0.803
2025-07-01,CUST-013,Nordic School Board,Gold,Public Sector,Managed Cloud,39,39,39,2,94.87,18.4,0.4
2025-07-01,CUST-013,Nordic School Board,Gold,Public Sector,Business Voice (SIP),20,20,20,3,85.0,19.56,0.559
2025-07-01,CUST-013,Nordic School Board,Gold,Public Sector,Dedicated Internet,23,23,23,1,95.65,21.62,0.453
2025-07-01,CUST-013,Nordic School Board,Gold,Public Sector,Managed Security,22,22,22,4,81.82,15.02,0.468
2025-07-01,CUST-013,Nordic School Board,Gold,Public Sector,MPLS WAN,16,16,16,3,81.25,25.52,0.619
2025-07-01,CUST-014,Riverbend Polytechnic,Platinum,Education,SD-WAN,135,135,135,23,82.96,14.06,0.692
2025-07-01,CUST-014,Riverbend Polytechnic,Platinum,Education,Dedicated Internet,67,67,67,9,86.57,8.76,0.545
2025-07-01,CUST-014,Riverbend Polytechnic,Platinum,Education,Managed Cloud,37,37,37,6,83.78,8.62,0.71
2025-07-01,CUST-014,Riverbend Polytechnic,Platinum,Education,Business Voice (SIP),110,110,110,19,82.73,10.92,0.657
2025-07-01,CUST-014,Riverbend Polytechnic,Platinum,Education,Managed Security,26,26,26,3,88.46,13.8,0.451
2025-07-01,CUST-014,Riverbend Polytechnic,Platinum,Education,MPLS WAN,35,35,35,6,82.86,25.74,0.748
2025-07-01,CUST-015,Aurora Pharmacies,Platinum,Healthcare,SD-WAN,123,123,123,14,88.62,9.78,0.544
2025-07-01,CUST-015,Aurora Pharmacies,Platinum,Healthcare,Managed Security,35,35,35,0,100.0,5.22,0.321
2025-07-01,CUST-015,Aurora Pharmacies,Platinum,Healthcare,Managed Cloud,44,44,44,4,90.91,7.31,0.44
2025-07-01,CUST-015,Aurora Pharmacies,Platinum,Healthcare,Dedicated Internet,109,109,109,13,88.07,9.9,0.534
2025-07-01,CUST-015,Aurora Pharmacies,Platinum,Healthcare,Business Voice (SIP),69,69,69,7,89.86,9.69,0.705
2025-07-01,CUST-016,Redwood Learning Trust,Silver,Education,MPLS WAN,6,6,6,1,83.33,20.48,0.403
2025-07-01,CUST-016,Redwood Learning Trust,Silver,Education,SD-WAN,31,31,31,5,83.87,24.25,0.505
2025-07-01,CUST-016,Redwood Learning Trust,Silver,Education,Managed Security,11,11,11,0,100.0,5.99,0.222
2025-07-01,CUST-016,Redwood Learning Trust,Silver,Education,Dedicated Internet,37,37,37,2,94.59,16.29,0.377
2025-07-01,CUST-016,Redwood Learning Trust,Silver,Education,Business Voice (SIP),14,14,14,2,85.71,34.11,0.501
2025-07-01,CUST-016,Redwood Learning Trust,Silver,Education,Managed Cloud,23,23,23,1,95.65,28.62,0.433
2025-07-01,CUST-017,Coastal Energy,Gold,Energy,Business Voice (SIP),51,51,51,7,86.27,25.89,0.691
2025-07-01,CUST-017,Coastal Energy,Gold,Energy,MPLS WAN,22,22,22,7,68.18,32.78,0.842
2025-07-01,CUST-017,Coastal Energy,Gold,Energy,SD-WAN,42,42,42,3,92.86,18.61,0.478
2025-07-01,CUST-017,Coastal Energy,Gold,Energy,Managed Security,7,7,7,0,100.0,21.15,0.528
2025-07-01,CUST-017,Coastal Energy,Gold,Energy,Managed Cloud,18,18,18,2,88.89,9.56,0.331
2025-07-01,CUST-017,Coastal Energy,Gold,Energy,Dedicated Internet,60,60,60,6,90.0,20.8,0.647
2025-07-01,CUST-018,Granite Power Co-op,Gold,Energy,Managed Cloud,16,16,16,3,81.25,21.05,0.884
2025-07-01,CUST-018,Granite Power Co-op,Gold,Energy,MPLS WAN,68,68,68,4,94.12,17.05,0.528
2025-07-01,CUST-018,Granite Power Co-op,Gold,Energy,Managed Security,39,39,39,2,94.87,14.16,0.387
2025-07-01,CUST-018,Granite Power Co-op,Gold,Energy,Business Voice (SIP),60,60,60,2,96.67,14.74,0.437
2025-07-01,CUST-018,Granite Power Co-op,Gold,Energy,SD-WAN,52,52,52,4,92.31,23.65,0.572
2025-07-01,CUST-018,Granite Power Co-op,Gold,Energy,Dedicated Internet,29,29,29,4,86.21,24.56,0.716
2025-07-01,CUST-019,Stonebridge Regional Authority,Gold,Public Sector,Dedicated Internet,42,42,42,5,88.1,20.37,0.532
2025-07-01,CUST-019,Stonebridge Regional Authority,Gold,Public Sector,MPLS WAN,51,51,51,8,84.31,24.05,0.615
2025-07-01,CUST-019,Stonebridge Regional Authority,Gold,Public Sector,SD-WAN,64,64,64,19,70.31,28.48,0.812
2025-07-01,CUST-019,Stonebridge Regional Authority,Gold,Public Sector,Business Voice (SIP),65,65,65,6,90.77,19.56,0.521
2025-07-01,CUST-019,Stonebridge Regional Authority,Gold,Public Sector,Managed Security,34,34,34,3,91.18,14.21,0.418
2025-07-01,CUST-019,Stonebridge Regional Authority,Gold,Public Sector,Managed Cloud,16,16,16,3,81.25,19.34,0.662
2025-07-01,CUST-020,Orchard Distribution,Silver,Logistics,Dedicated Internet,29,29,29,2,93.1,28.37,0.506
2025-07-01,CUST-020,Orchard Distribution,Silver,Logistics,Managed Cloud,6,6,6,1,83.33,79.75,0.694
2025-07-01,CUST-020,Orchard Distribution,Silver,Logistics,Business Voice (SIP),23,23,23,3,86.96,34.87,0.558
2025-07-01,CUST-020,Orchard Distribution,Silver,Logistics,MPLS WAN,2,2,2,0,100.0,38.44,0.477
2025-07-01,CUST-020,Orchard Distribution,Silver,Logistics,Managed Security,5,5,5,0,100.0,16.97,0.17
2025-07-01,CUST-021,Keystone Distribution,Gold,Logistics,SD-WAN,82,82,82,13,84.15,12.72,0.668
2025-07-01,CUST-021,Keystone Distribution,Gold,Logistics,Managed Security,28,28,28,5,82.14,19.13,0.54
2025-07-01,CUST-021,Keystone Distribution,Gold,Logistics,MPLS WAN,11,11,11,2,81.82,16.84,0.555
2025-07-01,CUST-021,Keystone Distribution,Gold,Logistics,Dedicated Internet,67,67,67,14,79.1,20.72,0.639
2025-07-01,CUST-021,Keystone Distribution,Gold,Logistics,Business Voice (SIP),55,55,55,9,83.64,14.19,0.568
2025-07-01,CUST-021,Keystone Distribution,Gold,Logistics,Managed Cloud,32,32,32,2,93.75,12.76,0.495
2025-07-01,CUST-022,Ironwood Health Network,Silver,Healthcare,Dedicated Internet,23,23,23,4,82.61,30.05,0.605
2025-07-01,CUST-022,Ironwood Health Network,Silver,Healthcare,SD-WAN,43,43,43,4,90.7,37.95,0.647
2025-07-01,CUST-022,Ironwood Health Network,Silver,Healthcare,MPLS WAN,7,7,7,0,100.0,21.9,0.544
2025-07-01,CUST-022,Ironwood Health Network,Silver,Healthcare,Business Voice (SIP),14,14,14,4,71.43,40.34,0.774
2025-07-01,CUST-022,Ironwood Health Network,Silver,Healthcare,Managed Cloud,5,5,5,0,100.0,44.25,0.467
2025-07-01,CUST-023,Silverline Learning Trust,Bronze,Education,SD-WAN,32,32,32,6,81.25,56.15,0.83
2025-07-01,CUST-023,Silverline Learning Trust,Bronze,Education,MPLS WAN,16,16,16,4,75.0,36.07,0.53
2025-07-01,CUST-023,Silverline Learning Trust,Bronze,Education,Managed Cloud,27,27,27,2,92.59,33.98,0.595
2025-07-01,CUST-023,Silverline Learning Trust,Bronze,Education,Managed Security,27,27,27,5,81.48,60.87,0.688
2025-07-01,CUST-023,Silverline Learning Trust,Bronze,Education,Dedicated Internet,40,40,40,6,85.0,36.59,0.661
2025-07-01,CUST-023,Silverline Learning Trust,Bronze,Education,Business Voice (SIP),22,22,22,5,77.27,40.64,0.645
2025-07-01,CUST-024,Cascadia Academy,Gold,Education,MPLS WAN,8,8,8,2,75.0,52.12,0.822
2025-07-01,CUST-024,Cascadia Academy,Gold,Education,Managed Security,35,35,35,1,97.14,16.66,0.459
2025-07-01,CUST-024,Cascadia Academy,Gold,Education,SD-WAN,28,28,28,8,71.43,29.35,0.963
2025-07-01,CUST-024,Cascadia Academy,Gold,Education,Managed Cloud,53,53,53,7,86.79,19.12,0.552
2025-07-01,CUST-024,Cascadia Academy,Gold,Education,Dedicated Internet,94,94,94,21,77.66,24.39,0.925
2025-07-01,CUST-024,Cascadia Academy,Gold,Education,Business Voice (SIP),74,74,74,16,78.38,23.54,0.757
2025-07-01,CUST-025,Cedar Marketplaces,Bronze,Retail,MPLS WAN,8,8,8,4,50.0,112.58,1.125
2025-07-01,CUST-025,Cedar Marketplaces,Bronze,Retail,SD-WAN,8,8,8,5,37.5,135.93,1.163
2025-07-01,CUST-026,Frontier Freight Lines,Gold,Logistics,SD-WAN,60,60,60,12,80.0,26.97,0.718
2025-07-01,CUST-026,Frontier Freight Lines,Gold,Logistics,Business Voice (SIP),63,63,63,5,92.06,19.33,0.557
2025-07-01,CUST-026,Frontier Freight Lines,Gold,Logistics,Managed Security,22,22,22,1,95.45,16.9,0.367
2025-07-01,CUST-026,Frontier Freight Lines,Gold,Logistics,Managed Cloud,38,38,38,9,76.32,29.04,0.855
2025-07-01,CUST-026,Frontier Freight Lines,Gold,Logistics,MPLS WAN,9,9,9,0,100.0,27.72,0.352
2025-07-01,CUST-026,Frontier Freight Lines,Gold,Logistics,Dedicated Internet,75,75,75,7,90.67,20.95,0.547
2025-07-01,CUST-027,Trillium Medical Centres,Bronze,Healthcare,Business Voice (SIP),10,10,10,3,70.0,82.99,0.685
2025-07-01,CUST-027,Trillium Medical Centres,Bronze,Healthcare,Managed Security,18,18,18,2,88.89,61.38,0.571
2025-07-01,CUST-027,Trillium Medical Centres,Bronze,Healthcare,Managed Cloud,19,19,19,4,78.95,22.43,0.546
2025-07-01,CUST-027,Trillium Medical Centres,Bronze,Healthcare,Dedicated Internet,19,19,19,5,73.68,56.86,0.742
2025-07-01,CUST-028,Beacon Pipelines,Bronze,Energy,Managed Security,10,10,10,3,70.0,45.51,0.727
2025-07-01,CUST-028,Beacon Pipelines,Bronze,Energy,Managed Cloud,19,19,19,7,63.16,57.93,0.89
2025-07-01,CUST-028,Beacon Pipelines,Bronze,Energy,Dedicated Internet,30,30,30,8,73.33,86.96,0.846
2025-07-01,CUST-028,Beacon Pipelines,Bronze,Energy,MPLS WAN,6,6,6,3,50.0,44.87,1.143
2025-07-01,CUST-028,Beacon Pipelines,Bronze,Energy,SD-WAN,11,11,11,4,63.64,59.55,0.966
2025-07-01,CUST-029,Pinecrest Energy,Bronze,Energy,Dedicated Internet,11,11,11,0,100.0,33.72,0.465
2025-07-01,CUST-029,Pinecrest Energy,Bronze,Energy,SD-WAN,4,4,4,3,25.0,113.39,0.977
2025-07-01,CUST-029,Pinecrest Energy,Bronze,Energy,Business Voice (SIP),3,3,3,1,66.67,53.09,0.647
2025-07-01,CUST-030,Summit Retail Group,Platinum,Retail,Business Voice (SIP),138,138,138,6,95.65,8.4,0.377
2025-07-01,CUST-030,Summit Retail Group,Platinum,Retail,Managed Cloud,38,38,38,3,92.11,9.06,0.55
2025-07-01,CUST-030,Summit Retail Group,Platinum,Retail,Managed Security,49,49,49,1,97.96,6.35,0.3
2025-07-01,CUST-030,Summit Retail Group,Platinum,Retail,MPLS WAN,40,40,40,3,92.5,7.99,0.419
2025-07-01,CUST-030,Summit Retail Group,Platinum,Retail,SD-WAN,117,117,117,12,89.74,12.06,0.526
2025-07-01,CUST-030,Summit Retail Group,Platinum,Retail,Dedicated Internet,58,58,58,3,94.83,5.96,0.423
2025-07-01,CUST-031,Crestview Pipelines,Silver,Energy,Business Voice (SIP),23,23,23,0,100.0,30.43,0.397
2025-07-01,CUST-031,Crestview Pipelines,Silver,Energy,SD-WAN,29,29,29,4,86.21,18.88,0.559
2025-07-01,CUST-031,Crestview Pipelines,Silver,Energy,Managed Cloud,5,5,5,0,100.0,28.49,0.242
2025-07-01,CUST-031,Crestview Pipelines,Silver,Energy,Managed Security,3,3,3,0,100.0,11.72,0.289
2025-07-01,CUST-031,Crestview Pipelines,Silver,Energy,Dedicated Internet,15,15,15,4,73.33,68.22,0.821
2025-07-01,CUST-032,Meridian Distribution,Platinum,Logistics,Business Voice (SIP),149,149,149,11,92.62,11.97,0.515
2025-07-01,CUST-032,Meridian Distribution,Platinum,Logistics,SD-WAN,113,113,113,12,89.38,12.96,0.596
2025-07-01,CUST-032,Meridian Distribution,Platinum,Logistics,Managed Security,70,70,70,2,97.14,9.19,0.35
2025-07-01,CUST-032,Meridian Distribution,Platinum,Logistics,Dedicated Internet,112,112,112,14,87.5,10.25,0.523
2025-07-01,CUST-032,Meridian Distribution,Platinum,Logistics,MPLS WAN,10,10,10,2,80.0,14.47,0.762
2025-07-01,CUST-032,Meridian Distribution,Platinum,Logistics,Managed Cloud,8,8,8,0,100.0,6.97,0.36
2025-07-01,CUST-033,Boreal Retail Group,Gold,Retail,Business Voice (SIP),66,66,66,5,92.42,17.72,0.392
2025-07-01,CUST-033,Boreal Retail Group,Gold,Retail,Managed Security,33,33,33,2,93.94,8.7,0.333
2025-07-01,CUST-033,Boreal Retail Group,Gold,Retail,Managed Cloud,26,26,26,1,96.15,9.62,0.34
2025-07-01,CUST-033,Boreal Retail Group,Gold,Retail,MPLS WAN,25,25,25,2,92.0,15.71,0.507
2025-07-01,CUST-033,Boreal Retail Group,Gold,Retail,Dedicated Internet,32,32,32,2,93.75,23.09,0.469
2025-07-01,CUST-033,Boreal Retail Group,Gold,Retail,SD-WAN,70,70,70,5,92.86,23.25,0.488
2025-07-01,CUST-034,Evergreen Stores Ltd.,Platinum,Retail,Managed Security,30,30,30,3,90.0,7.27,0.581
2025-07-01,CUST-034,Evergreen Stores Ltd.,Platinum,Retail,MPLS WAN,16,16,16,4,75.0,28.55,0.767
2025-07-01,CUST-034,Evergreen Stores Ltd.,Platinum,Retail,Managed Cloud,15,15,15,2,86.67,8.42,0.946
2025-07-01,CUST-034,Evergreen Stores Ltd.,Platinum,Retail,SD-WAN,74,74,74,18,75.68,13.28,0.831
2025-07-01,CUST-034,Evergreen Stores Ltd.,Platinum,Retail,Dedicated Internet,69,69,69,12,82.61,13.49,0.65
2025-07-01,CUST-034,Evergreen Stores Ltd.,Platinum,Retail,Business Voice (SIP),76,76,76,7,90.79,12.41,0.557
2025-07-01,CUST-035,Ridgeline Stores Ltd.,Gold,Retail,SD-WAN,62,62,62,5,91.94,19.39,0.461
2025-07-01,CUST-035,Ridgeline Stores Ltd.,Gold,Retail,Managed Security,3,3,3,0,100.0,17.5,0.348
2025-07-01,CUST-035,Ridgeline Stores Ltd.,Gold,Retail,Dedicated Internet,65,65,65,6,90.77,15.6,0.473
2025-07-01,CUST-035,Ridgeline Stores Ltd.,Gold,Retail,MPLS WAN,33,33,33,3,90.91,10.51,0.664
2025-07-01,CUST-035,Ridgeline Stores Ltd.,Gold,Retail,Business Voice (SIP),48,48,48,6,87.5,16.06,0.461
2025-07-01,CUST-036,Highland College,Platinum,Education,Managed Cloud,44,44,44,4,90.91,6.64,0.475
2025-07-01,CUST-036,Highland College,Platinum,Education,Managed Security,29,29,29,1,96.55,8.7,0.339
2025-07-01,CUST-036,Highland College,Platinum,Education,SD-WAN,70,70,70,9,87.14,18.22,0.621
2025-07-01,CUST-036,Highland College,Platinum,Education,MPLS WAN,31,31,31,4,87.1,8.39,0.523
2025-07-01,CUST-036,Highland College,Platinum,Education,Business Voice (SIP),83,83,83,12,85.54,12.09,0.541
2025-07-01,CUST-036,Highland College,Platinum,Education,Dedicated Internet,73,73,73,9,87.67,10.34,0.582
2025-07-01,CUST-037,Glacier Retail Group,Gold,Retail,Business Voice (SIP),55,55,55,11,80.0,20.07,0.615
2025-07-01,CUST-037,Glacier Retail Group,Gold,Retail,Dedicated Internet,77,77,77,16,79.22,18.28,0.694
2025-07-01,CUST-037,Glacier Retail Group,Gold,Retail,MPLS WAN,44,44,44,7,84.09,23.37,0.646
2025-07-01,CUST-037,Glacier Retail Group,Gold,Retail,Managed Cloud,17,17,17,2,88.24,11.84,0.576
2025-07-01,CUST-037,Glacier Retail Group,Gold,Retail,SD-WAN,49,49,49,14,71.43,31.87,0.801
2025-07-01,CUST-037,Glacier Retail Group,Gold,Retail,Managed Security,9,9,9,0,100.0,23.84,0.506
2025-07-01,CUST-038,Harbour Renewables,Silver,Energy,SD-WAN,20,20,20,3,85.0,30.87,0.556
2025-07-01,CUST-038,Harbour Renewables,Silver,Energy,Managed Security,13,13,13,0,100.0,32.99,0.377
2025-07-01,CUST-038,Harbour Renewables,Silver,Energy,Business Voice (SIP),16,16,16,3,81.25,38.37,0.755
2025-07-01,CUST-038,Harbour Renewables,Silver,Energy,Managed Cloud,1,1,1,0,100.0,64.71,0.899
2025-07-01,CUST-038,Harbour Renewables,Silver,Energy,Dedicated Internet,31,31,31,3,90.32,26.78,0.544
2025-07-01,CUST-038,Harbour Renewables,Silver,Energy,MPLS WAN,29,29,29,6,79.31,43.51,0.726
2025-07-01,CUST-039,Quarry Academy,Silver,Education,MPLS WAN,19,19,19,3,84.21,16.11,0.515
2025-07-01,CUST-039,Quarry Academy,Silver,Education,Business Voice (SIP),69,69,69,10,85.51,24.2,0.507
2025-07-01,CUST-039,Quarry Academy,Silver,Education,Managed Cloud,20,20,20,0,100.0,19.75,0.327
2025-07-01,CUST-039,Quarry Academy,Silver,Education,Dedicated Internet,54,54,54,2,96.3,20.86,0.393
2025-07-01,CUST-039,Quarry Academy,Silver,Education,Managed Security,23,23,23,0,100.0,20.1,0.294
2025-07-01,CUST-039,Quarry Academy,Silver,Education,SD-WAN,55,55,55,5,90.91,28.61,0.497
2025-07-01,CUST-040,Tundra Fabrication,Gold,Manufacturing,Managed Cloud,17,17,17,1,94.12,16.35,0.421
2025-07-01,CUST-040,Tundra Fabrication,Gold,Manufacturing,Managed Security,13,13,13,0,100.0,9.76,0.396
2025-07-01,CUST-040,Tundra Fabrication,Gold,Manufacturing,MPLS WAN,4,4,4,1,75.0,24.84,0.835
2025-07-01,CUST-040,Tundra Fabrication,Gold,Manufacturing,Dedicated Internet,60,60,60,5,91.67,22.21,0.651
2025-07-01,CUST-040,Tundra Fabrication,Gold,Manufacturing,Business Voice (SIP),50,50,50,5,90.0,21.82,0.494
2025-07-01,CUST-040,Tundra Fabrication,Gold,Manufacturing,SD-WAN,25,25,25,3,88.0,26.56,0.58
2025-08-01,CUST-001,Lakeview Health Network,Silver,Healthcare,Managed Cloud,5,5,5,1,80.0,28.89,0.46
2025-08-01,CUST-001,Lakeview Health Network,Silver,Healthcare,Managed Security,1,1,1,0,100.0,10.48,0.146
2025-08-01,CUST-001,Lakeview Health Network,Silver,Healthcare,MPLS WAN,27,27,27,0,100.0,27.99,0.4
2025-08-01,CUST-001,Lakeview Health Network,Silver,Healthcare,Dedicated Internet,34,34,34,3,91.18,25.05,0.487
2025-08-01,CUST-001,Lakeview Health Network,Silver,Healthcare,SD-WAN,5,5,5,1,80.0,58.7,0.669
2025-08-01,CUST-001,Lakeview Health Network,Silver,Healthcare,Business Voice (SIP),15,15,15,2,86.67,45.88,0.683
2025-08-01,CUST-002,Westgate Care Group,Silver,Healthcare,Managed Security,1,1,1,0,100.0,25.69,0.357
2025-08-01,CUST-002,Westgate Care Group,Silver,Healthcare,Managed Cloud,10,10,10,2,80.0,64.81,0.759
2025-08-01,CUST-002,Westgate Care Group,Silver,Healthcare,Dedicated Internet,2,2,2,0,100.0,28.98,0.681
2025-08-01,CUST-002,Westgate Care Group,Silver,Healthcare,MPLS WAN,4,4,4,0,100.0,23.81,0.437
2025-08-01,CUST-002,Westgate Care Group,Silver,Healthcare,SD-WAN,7,7,7,1,85.71,43.55,0.707
2025-08-01,CUST-002,Westgate Care Group,Silver,Healthcare,Business Voice (SIP),2,2,2,1,50.0,62.44,0.867
2025-08-01,CUST-003,Juniper Polytechnic,Platinum,Education,Dedicated Internet,148,148,148,27,81.76,14.1,0.709
2025-08-01,CUST-003,Juniper Polytechnic,Platinum,Education,Managed Cloud,36,36,36,4,88.89,10.05,0.57
2025-08-01,CUST-003,Juniper Polytechnic,Platinum,Education,Managed Security,54,54,54,4,92.59,7.25,0.591
2025-08-01,CUST-003,Juniper Polytechnic,Platinum,Education,Business Voice (SIP),69,69,69,10,85.51,14.89,0.667
2025-08-01,CUST-003,Juniper Polytechnic,Platinum,Education,MPLS WAN,33,33,33,8,75.76,18.9,0.865
2025-08-01,CUST-003,Juniper Polytechnic,Platinum,Education,SD-WAN,124,124,124,17,86.29,12.52,0.727
2025-08-01,CUST-004,Heritage College,Bronze,Education,Managed Security,12,12,12,0,100.0,24.41,0.373
2025-08-01,CUST-004,Heritage College,Bronze,Education,SD-WAN,33,33,33,8,75.76,75.87,0.888
2025-08-01,CUST-004,Heritage College,Bronze,Education,MPLS WAN,4,4,4,0,100.0,87.86,0.65
2025-08-01,CUST-004,Heritage College,Bronze,Education,Managed Cloud,9,9,9,1,88.89,66.39,0.766
2025-08-01,CUST-004,Heritage College,Bronze,Education,Dedicated Internet,25,25,25,6,76.0,56.1,0.773
2025-08-01,CUST-005,Bluewater Health Network,Silver,Healthcare,Dedicated Internet,2,2,2,0,100.0,31.86,0.335
2025-08-01,CUST-005,Bluewater Health Network,Silver,Healthcare,Business Voice (SIP),42,42,42,2,95.24,16.98,0.451
2025-08-01,CUST-005,Bluewater Health Network,Silver,Healthcare,SD-WAN,50,50,50,14,72.0,30.44,0.708
2025-08-01,CUST-005,Bluewater Health Network,Silver,Healthcare,Managed Security,15,15,15,2,86.67,26.57,0.451
2025-08-01,CUST-006,Northshore Utilities,Silver,Public Sector,Business Voice (SIP),54,54,54,7,87.04,21.44,0.59
2025-08-01,CUST-006,Northshore Utilities,Silver,Public Sector,Dedicated Internet,33,33,33,6,81.82,35.65,0.687
2025-08-01,CUST-006,Northshore Utilities,Silver,Public Sector,MPLS WAN,3,3,3,1,66.67,67.88,1.002
2025-08-01,CUST-006,Northshore Utilities,Silver,Public Sector,SD-WAN,21,21,21,1,95.24,33.1,0.552
2025-08-01,CUST-006,Northshore Utilities,Silver,Public Sector,Managed Security,7,7,7,1,85.71,12.15,0.677
2025-08-01,CUST-007,Ashford Renewables,Bronze,Energy,Managed Security,12,12,12,2,83.33,40.79,0.549
2025-08-01,CUST-007,Ashford Renewables,Bronze,Energy,Business Voice (SIP),3,3,3,1,66.67,63.28,0.606
2025-08-01,CUST-007,Ashford Renewables,Bronze,Energy,SD-WAN,11,11,11,4,63.64,65.4,0.908
2025-08-01,CUST-007,Ashford Renewables,Bronze,Energy,Dedicated Internet,14,14,14,1,92.86,61.98,0.742
2025-08-01,CUST-007,Ashford Renewables,Bronze,Energy,Managed Cloud,8,8,8,0,100.0,28.6,0.453
2025-08-01,CUST-008,Maple College,Gold,Education,Business Voice (SIP),30,30,30,3,90.0,17.23,0.477
2025-08-01,CUST-008,Maple College,Gold,Education,Dedicated Internet,42,42,42,5,88.1,12.71,0.625
2025-08-01,CUST-008,Maple College,Gold,Education,Managed Security,5,5,5,0,100.0,13.33,0.25
2025-08-01,CUST-008,Maple College,Gold,Education,SD-WAN,40,40,40,6,85.0,19.93,0.573
2025-08-01,CUST-008,Maple College,Gold,Education,Managed Cloud,19,19,19,1,94.74,7.9,0.377
2025-08-01,CUST-008,Maple College,Gold,Education,MPLS WAN,31,31,31,4,87.1,22.24,0.507
2025-08-01,CUST-009,Dominion Outfitters,Silver,Retail,SD-WAN,13,13,13,1,92.31,30.2,0.42
2025-08-01,CUST-009,Dominion Outfitters,Silver,Retail,MPLS WAN,5,5,5,0,100.0,13.75,0.459
2025-08-01,CUST-009,Dominion Outfitters,Silver,Retail,Business Voice (SIP),32,32,32,3,90.63,37.78,0.574
2025-08-01,CUST-009,Dominion Outfitters,Silver,Retail,Dedicated Internet,6,6,6,1,83.33,31.03,0.593
2025-08-01,CUST-009,Dominion Outfitters,Silver,Retail,Managed Cloud,11,11,11,0,100.0,36.48,0.502
2025-08-01,CUST-009,Dominion Outfitters,Silver,Retail,Managed Security,6,6,6,1,83.33,12.29,0.599
2025-08-01,CUST-010,Lighthouse Manufacturing,Gold,Manufacturing,SD-WAN,63,63,63,7,88.89,15.97,0.562
2025-08-01,CUST-010,Lighthouse Manufacturing,Gold,Manufacturing,Managed Cloud,29,29,29,0,100.0,11.51,0.296
2025-08-01,CUST-010,Lighthouse Manufacturing,Gold,Manufacturing,MPLS WAN,40,40,40,11,72.5,19.5,0.732
2025-08-01,CUST-010,Lighthouse Manufacturing,Gold,Manufacturing,Managed Security,11,11,11,1,90.91,11.77,0.308
2025-08-01,CUST-010,Lighthouse Manufacturing,Gold,Manufacturing,Business Voice (SIP),49,49,49,5,89.8,17.69,0.784
2025-08-01,CUST-010,Lighthouse Manufacturing,Gold,Manufacturing,Dedicated Internet,21,21,21,2,90.48,16.63,0.494
2025-08-01,CUST-011,Prairie Health Network,Silver,Healthcare,SD-WAN,28,28,28,5,82.14,23.25,0.909
2025-08-01,CUST-011,Prairie Health Network,Silver,Healthcare,Business Voice (SIP),10,10,10,0,100.0,43.43,0.528
2025-08-01,CUST-011,Prairie Health Network,Silver,Healthcare,Managed Security,7,7,7,0,100.0,20.51,0.485
2025-08-01,CUST-011,Prairie Health Network,Silver,Healthcare,MPLS WAN,12,12,12,1,91.67,32.77,0.526
2025-08-01,CUST-011,Prairie Health Network,Silver,Healthcare,Dedicated Internet,39,39,39,5,87.18,24.06,0.553
2025-08-01,CUST-011,Prairie Health Network,Silver,Healthcare,Managed Cloud,10,10,10,1,90.0,12.11,0.386
2025-08-01,CUST-012,Pioneer Freight Lines,Silver,Logistics,Business Voice (SIP),48,48,48,11,77.08,35.01,0.754
2025-08-01,CUST-012,Pioneer Freight Lines,Silver,Logistics,Dedicated Internet,22,22,22,5,77.27,49.92,0.792
2025-08-01,CUST-012,Pioneer Freight Lines,Silver,Logistics,Managed Cloud,7,7,7,1,85.71,25.05,0.565
2025-08-01,CUST-012,Pioneer Freight Lines,Silver,Logistics,SD-WAN,87,87,87,22,74.71,41.94,0.816
2025-08-01,CUST-012,Pioneer Freight Lines,Silver,Logistics,Managed Security,5,5,5,0,100.0,6.35,0.254
2025-08-01,CUST-013,Nordic School Board,Gold,Public Sector,Managed Cloud,53,53,53,4,92.45,20.18,0.466
2025-08-01,CUST-013,Nordic School Board,Gold,Public Sector,Business Voice (SIP),25,25,25,2,92.0,21.76,0.809
2025-08-01,CUST-013,Nordic School Board,Gold,Public Sector,SD-WAN,43,43,43,9,79.07,21.83,0.701
2025-08-01,CUST-013,Nordic School Board,Gold,Public Sector,Managed Security,27,27,27,1,96.3,14.65,0.369
2025-08-01,CUST-013,Nordic School Board,Gold,Public Sector,MPLS WAN,25,25,25,9,64.0,35.4,1.187
2025-08-01,CUST-013,Nordic School Board,Gold,Public Sector,Dedicated Internet,17,17,17,2,88.24,12.68,0.391
2025-08-01,CUST-014,Riverbend Polytechnic,Platinum,Education,Managed Security,22,22,22,5,77.27,11.67,0.552
2025-08-01,CUST-014,Riverbend Polytechnic,Platinum,Education,Business Voice (SIP),100,100,100,8,92.0,12.68,0.569
2025-08-01,CUST-014,Riverbend Polytechnic,Platinum,Education,MPLS WAN,39,39,39,9,76.92,8.69,0.675
2025-08-01,CUST-014,Riverbend Polytechnic,Platinum,Education,SD-WAN,140,140,140,38,72.86,20.11,0.943
2025-08-01,CUST-014,Riverbend Polytechnic,Platinum,Education,Dedicated Internet,65,65,65,7,89.23,11.58,0.561
2025-08-01,CUST-014,Riverbend Polytechnic,Platinum,Education,Managed Cloud,37,37,37,7,81.08,12.77,0.502
2025-08-01,CUST-015,Aurora Pharmacies,Platinum,Healthcare,Business Voice (SIP),79,79,79,14,82.28,15.9,0.689
2025-08-01,CUST-015,Aurora Pharmacies,Platinum,Healthcare,Managed Cloud,53,53,53,1,98.11,7.6,0.354
2025-08-01,CUST-015,Aurora Pharmacies,Platinum,Healthcare,SD-WAN,97,97,97,11,88.66,10.46,0.622
2025-08-01,CUST-015,Aurora Pharmacies,Platinum,Healthcare,Dedicated Internet,96,96,96,5,94.79,9.07,0.465
2025-08-01,CUST-015,Aurora Pharmacies,Platinum,Healthcare,Managed Security,22,22,22,0,100.0,7.11,0.33
2025-08-01,CUST-016,Redwood Learning Trust,Silver,Education,Business Voice (SIP),9,9,9,0,100.0,15.72,0.37
2025-08-01,CUST-016,Redwood Learning Trust,Silver,Education,SD-WAN,27,27,27,1,96.3,22.1,0.448
2025-08-01,CUST-016,Redwood Learning Trust,Silver,Education,MPLS WAN,6,6,6,0,100.0,43.81,0.434
2025-08-01,CUST-016,Redwood Learning Trust,Silver,Education,Managed Security,5,5,5,0,100.0,22.94,0.264
2025-08-01,CUST-016,Redwood Learning Trust,Silver,Education,Dedicated Internet,32,32,32,5,84.38,33.69,0.519
2025-08-01,CUST-016,Redwood Learning Trust,Silver,Education,Managed Cloud,22,22,22,0,100.0,15.07,0.291
2025-08-01,CUST-017,Coastal Energy,Gold,Energy,MPLS WAN,21,21,21,3,85.71,19.15,0.591
2025-08-01,CUST-017,Coastal Energy,Gold,Energy,SD-WAN,41,41,41,11,73.17,42.37,0.785
2025-08-01,CUST-017,Coastal Energy,Gold,Energy,Managed Security,10,10,10,1,90.0,15.54,0.914
2025-08-01,CUST-017,Coastal Energy,Gold,Energy,Managed Cloud,12,12,12,2,83.33,19.86,0.568
2025-08-01,CUST-017,Coastal Energy,Gold,Energy,Dedicated Internet,55,55,55,8,85.45,19.53,0.651
2025-08-01,CUST-017,Coastal Energy,Gold,Energy,Business Voice (SIP),40,40,40,5,87.5,16.99,0.477
2025-08-01,CUST-018,Granite Power Co-op,Gold,Energy,MPLS WAN,70,70,70,5,92.86,15.63,0.467
2025-08-01,CUST-018,Granite Power Co-op,Gold,Energy,Managed Security,40,40,40,3,92.5,13.69,0.432
2025-08-01,CUST-018,Granite Power Co-op,Gold,Energy,Business Voice (SIP),70,70,70,8,88.57,22.38,0.692
2025-08-01,CUST-018,Granite Power Co-op,Gold,Energy,SD-WAN,52,52,52,9,82.69,25.61,0.621
2025-08-01,CUST-018,Granite Power Co-op,Gold,Energy,Managed Cloud,12,12,12,1,91.67,17.0,0.446
2025-08-01,CUST-018,Granite Power Co-op,Gold,Energy,Dedicated Internet,20,20,20,2,90.0,20.9,0.552
2025-08-01,CUST-019,Stonebridge Regional Authority,Gold,Public Sector,Managed Cloud,16,16,16,0,100.0,8.82,0.362
2025-08-01,CUST-019,Stonebridge Regional Authority,Gold,Public Sector,MPLS WAN,38,38,38,4,89.47,17.79,0.673
2025-08-01,CUST-019,Stonebridge Regional Authority,Gold,Public Sector,SD-WAN,68,68,68,13,80.88,24.71,0.688
2025-08-01,CUST-019,Stonebridge Regional Authority,Gold,Public Sector,Dedicated Internet,36,36,36,4,88.89,22.79,0.58
2025-08-01,CUST-019,Stonebridge Regional Authority,Gold,Public Sector,Managed Security,38,38,38,3,92.11,16.62,0.54
2025-08-01,CUST-019,Stonebridge Regional Authority,Gold,Public Sector,Business Voice (SIP),57,57,57,10,82.46,15.41,0.637
2025-08-01,CUST-020,Orchard Distribution,Silver,Logistics,MPLS WAN,4,4,4,1,75.0,55.65,1.001
2025-08-01,CUST-020,Orchard Distribution,Silver,Logistics,Business Voice (SIP),21,21,21,3,85.71,34.3,0.73
2025-08-01,CUST-020,Orchard Distribution,Silver,Logistics,Managed Cloud,2,2,2,1,50.0,72.03,0.652
2025-08-01,CUST-020,Orchard Distribution,Silver,Logistics,Managed Security,7,7,7,1,85.71,14.78,0.482
2025-08-01,CUST-020,Orchard Distribution,Silver,Logistics,Dedicated Internet,29,29,29,4,86.21,30.04,0.584
2025-08-01,CUST-021,Keystone Distribution,Gold,Logistics,Managed Security,40,40,40,1,97.5,12.66,0.412
2025-08-01,CUST-021,Keystone Distribution,Gold,Logistics,Business Voice (SIP),60,60,60,7,88.33,19.84,0.543
2025-08-01,CUST-021,Keystone Distribution,Gold,Logistics,Managed Cloud,37,37,37,1,97.3,10.47,0.419
2025-08-01,CUST-021,Keystone Distribution,Gold,Logistics,MPLS WAN,11,11,11,0,100.0,9.37,0.34
2025-08-01,CUST-021,Keystone Distribution,Gold,Logistics,SD-WAN,104,104,104,16,84.62,21.8,0.63
2025-08-01,CUST-021,Keystone Distribution,Gold,Logistics,Dedicated Internet,59,59,59,7,88.14,14.9,0.553
2025-08-01,CUST-022,Ironwood Health Network,Silver,Healthcare,MPLS WAN,8,8,8,1,87.5,35.05,0.488
2025-08-01,CUST-022,Ironwood Health Network,Silver,Healthcare,Business Voice (SIP),10,10,10,1,90.0,23.79,0.703
2025-08-01,CUST-022,Ironwood Health Network,Silver,Healthcare,Managed Cloud,14,14,14,2,85.71,36.18,0.616
2025-08-01,CUST-022,Ironwood Health Network,Silver,Healthcare,SD-WAN,28,28,28,4,85.71,27.19,0.514
2025-08-01,CUST-022,Ironwood Health Network,Silver,Healthcare,Dedicated Internet,22,22,22,3,86.36,29.45,0.511
2025-08-01,CUST-023,Silverline Learning Trust,Bronze,Education,Managed Security,18,18,18,2,88.89,45.69,0.558
2025-08-01,CUST-023,Silverline Learning Trust,Bronze,Education,Dedicated Internet,41,41,41,10,75.61,67.95,0.773
2025-08-01,CUST-023,Silverline Learning Trust,Bronze,Education,MPLS WAN,22,22,22,2,90.91,41.04,0.548
2025-08-01,CUST-023,Silverline Learning Trust,Bronze,Education,SD-WAN,26,26,26,4,84.62,46.22,0.71
2025-08-01,CUST-023,Silverline Learning Trust,Bronze,Education,Managed Cloud,28,28,28,2,92.86,41.93,0.503
2025-08-01,CUST-023,Silverline Learning Trust,Bronze,Education,Business Voice (SIP),31,31,31,4,87.1,40.37,0.557
2025-08-01,CUST-024,Cascadia Academy,Gold,Education,SD-WAN,19,19,19,2,89.47,39.22,0.651
2025-08-01,CUST-024,Cascadia Academy,Gold,Education,Managed Cloud,46,46,46,6,86.96,19.3,0.646
2025-08-01,CUST-024,Cascadia Academy,Gold,Education,MPLS WAN,11,11,11,2,81.82,37.03,0.691
2025-08-01,CUST-024,Cascadia Academy,Gold,Education,Dedicated Internet,82,82,82,19,76.83,30.59,0.764
2025-08-01,CUST-024,Cascadia Academy,Gold,Education,Managed Security,30,30,30,2,93.33,26.71,0.619
2025-08-01,CUST-024,Cascadia Academy,Gold,Education,Business Voice (SIP),71,71,71,11,84.51,29.5,0.718
2025-08-01,CUST-025,Cedar Marketplaces,Bronze,Retail,SD-WAN,14,14,14,1,92.86,57.51,0.667
2025-08-01,CUST-025,Cedar Marketplaces,Bronze,Retail,MPLS WAN,5,5,5,1,80.0,133.84,1.049
2025-08-01,CUST-026,Frontier Freight Lines,Gold,Logistics,SD-WAN,56,56,56,8,85.71,20.05,0.6
2025-08-01,CUST-026,Frontier Freight Lines,Gold,Logistics,Business Voice (SIP),60,60,60,6,90.0,17.82,0.464
2025-08-01,CUST-026,Frontier Freight Lines,Gold,Logistics,Managed Security,22,22,22,2,90.91,19.18,0.446
2025-08-01,CUST-026,Frontier Freight Lines,Gold,Logistics,Dedicated Internet,58,58,58,6,89.66,20.51,0.536
2025-08-01,CUST-026,Frontier Freight Lines,Gold,Logistics,MPLS WAN,7,7,7,1,85.71,16.31,0.494
2025-08-01,CUST-026,Frontier Freight Lines,Gold,Logistics,Managed Cloud,37,37,37,6,83.78,22.92,0.664
2025-08-01,CUST-027,Trillium Medical Centres,Bronze,Healthcare,Managed Cloud,13,13,13,2,84.62,49.33,0.603
2025-08-01,CUST-027,Trillium Medical Centres,Bronze,Healthcare,Business Voice (SIP),7,7,7,2,71.43,61.97,0.989
2025-08-01,CUST-027,Trillium Medical Centres,Bronze,Healthcare,Managed Security,13,13,13,1,92.31,30.8,0.531
2025-08-01,CUST-027,Trillium Medical Centres,Bronze,Healthcare,Dedicated Internet,25,25,25,5,80.0,73.75,0.861
2025-08-01,CUST-028,Beacon Pipelines,Bronze,Energy,Managed Cloud,13,13,13,3,76.92,53.22,0.66
2025-08-01,CUST-028,Beacon Pipelines,Bronze,Energy,SD-WAN,6,6,6,4,33.33,87.25,1.126
2025-08-01,CUST-028,Beacon Pipelines,Bronze,Energy,MPLS WAN,4,4,4,3,25.0,149.07,1.209
2025-08-01,CUST-028,Beacon Pipelines,Bronze,Energy,Dedicated Internet,20,20,20,8,60.0,105.81,0.963
2025-08-01,CUST-028,Beacon Pipelines,Bronze,Energy,Managed Security,14,14,14,4,71.43,59.02,0.725
2025-08-01,CUST-029,Pinecrest Energy,Bronze,Energy,Business Voice (SIP),2,2,2,0,100.0,51.98,0.434
2025-08-01,CUST-029,Pinecrest Energy,Bronze,Energy,Dedicated Internet,9,9,9,0,100.0,44.4,0.385
2025-08-01,CUST-029,Pinecrest Energy,Bronze,Energy,SD-WAN,7,7,7,0,100.0,40.58,0.444
2025-08-01,CUST-030,Summit Retail Group,Platinum,Retail,MPLS WAN,48,48,48,3,93.75,10.52,0.455
2025-08-01,CUST-030,Summit Retail Group,Platinum,Retail,Business Voice (SIP),124,124,124,11,91.13,8.95,0.522
2025-08-01,CUST-030,Summit Retail Group,Platinum,Retail,Managed Cloud,35,35,35,3,91.43,11.46,0.449
2025-08-01,CUST-030,Summit Retail Group,Platinum,Retail,Dedicated Internet,58,58,58,8,86.21,8.01,0.627
2025-08-01,CUST-030,Summit Retail Group,Platinum,Retail,SD-WAN,126,126,126,18,85.71,12.05,0.608
2025-08-01,CUST-030,Summit Retail Group,Platinum,Retail,Managed Security,43,43,43,4,90.7,4.81,0.444
2025-08-01,CUST-031,Crestview Pipelines,Silver,Energy,SD-WAN,27,27,27,7,74.07,41.61,0.723
2025-08-01,CUST-031,Crestview Pipelines,Silver,Energy,Business Voice (SIP),11,11,11,0,100.0,47.23,0.51
2025-08-01,CUST-031,Crestview Pipelines,Silver,Energy,Managed Security,1,1,1,0,100.0,23.41,0.325
2025-08-01,CUST-031,Crestview Pipelines,Silver,Energy,Managed Cloud,7,7,7,2,71.43,34.22,0.594
2025-08-01,CUST-031,Crestview Pipelines,Silver,Energy,Dedicated Internet,20,20,20,0,100.0,25.53,0.52
2025-08-01,CUST-032,Meridian Distribution,Platinum,Logistics,Managed Cloud,15,15,15,2,86.67,5.55,0.441
2025-08-01,CUST-032,Meridian Distribution,Platinum,Logistics,MPLS WAN,8,8,8,1,87.5,8.0,0.515
2025-08-01,CUST-032,Meridian Distribution,Platinum,Logistics,SD-WAN,94,94,94,15,84.04,12.21,0.797
2025-08-01,CUST-032,Meridian Distribution,Platinum,Logistics,Dedicated Internet,102,102,102,12,88.24,9.99,0.507
2025-08-01,CUST-032,Meridian Distribution,Platinum,Logistics,Managed Security,56,56,56,4,92.86,9.5,0.417
2025-08-01,CUST-032,Meridian Distribution,Platinum,Logistics,Business Voice (SIP),127,127,127,14,88.98,9.03,0.539
2025-08-01,CUST-033,Boreal Retail Group,Gold,Retail,Business Voice (SIP),59,59,59,14,76.27,23.92,0.811
2025-08-01,CUST-033,Boreal Retail Group,Gold,Retail,MPLS WAN,22,22,22,2,90.91,18.4,0.541
2025-08-01,CUST-033,Boreal Retail Group,Gold,Retail,Dedicated Internet,36,36,36,4,88.89,12.37,0.433
2025-08-01,CUST-033,Boreal Retail Group,Gold,Retail,Managed Cloud,22,22,22,1,95.45,11.17,0.366
2025-08-01,CUST-033,Boreal Retail Group,Gold,Retail,SD-WAN,61,61,61,10,83.61,18.86,0.641
2025-08-01,CUST-033,Boreal Retail Group,Gold,Retail,Managed Security,35,35,35,0,100.0,16.87,0.286
2025-08-01,CUST-034,Evergreen Stores Ltd.,Platinum,Retail,Business Voice (SIP),60,60,60,12,80.0,12.89,0.63
2025-08-01,CUST-034,Evergreen Stores Ltd.,Platinum,Retail,Managed Cloud,21,21,21,1,95.24,6.84,0.484
2025-08-01,CUST-034,Evergreen Stores Ltd.,Platinum,Retail,Dedicated Internet,64,64,64,11,82.81,13.16,0.794
2025-08-01,CUST-034,Evergreen Stores Ltd.,Platinum,Retail,SD-WAN,74,74,74,13,82.43,10.87,0.7
2025-08-01,CUST-034,Evergreen Stores Ltd.,Platinum,Retail,MPLS WAN,21,21,21,5,76.19,16.74,0.792
2025-08-01,CUST-034,Evergreen Stores Ltd.,Platinum,Retail,Managed Security,42,42,42,1,97.62,6.5,0.431
2025-08-01,CUST-035,Ridgeline Stores Ltd.,Gold,Retail,Managed Security,1,1,1,0,100.0,2.23,0.371
2025-08-01,CUST-035,Ridgeline Stores Ltd.,Gold,Retail,SD-WAN,52,52,52,6,88.46,19.32,0.585
2025-08-01,CUST-035,Ridgeline Stores Ltd.,Gold,Retail,MPLS WAN,21,21,21,3,85.71,23.43,1.095
2025-08-01,CUST-035,Ridgeline Stores Ltd.,Gold,Retail,Business Voice (SIP),51,51,51,3,94.12,11.34,0.38
2025-08-01,CUST-035,Ridgeline Stores Ltd.,Gold,Retail,Dedicated Internet,64,64,64,5,92.19,18.62,0.467
2025-08-01,CUST-036,Highland College,Platinum,Education,SD-WAN,71,71,71,13,81.69,12.86,0.672
2025-08-01,CUST-036,Highland College,Platinum,Education,MPLS WAN,39,39,39,3,92.31,11.38,0.554
2025-08-01,CUST-036,Highland College,Platinum,Education,Dedicated Internet,98,98,98,10,89.8,8.65,0.447
2025-08-01,CUST-036,Highland College,Platinum,Education,Managed Cloud,40,40,40,1,97.5,7.54,0.363
2025-08-01,CUST-036,Highland College,Platinum,Education,Managed Security,28,28,28,1,96.43,5.46,0.407
2025-08-01,CUST-036,Highland College,Platinum,Education,Business Voice (SIP),69,69,69,6,91.3,7.99,0.47
2025-08-01,CUST-037,Glacier Retail Group,Gold,Retail,Managed Cloud,18,18,18,3,83.33,21.87,0.652
2025-08-01,CUST-037,Glacier Retail Group,Gold,Retail,Dedicated Internet,97,97,97,17,82.47,24.4,0.63
2025-08-01,CUST-037,Glacier Retail Group,Gold,Retail,Managed Security,8,8,8,0,100.0,16.42,0.459
2025-08-01,CUST-037,Glacier Retail Group,Gold,Retail,MPLS WAN,40,40,40,14,65.0,38.3,0.936
2025-08-01,CUST-037,Glacier Retail Group,Gold,Retail,Business Voice (SIP),42,42,42,9,78.57,43.25,0.751
2025-08-01,CUST-037,Glacier Retail Group,Gold,Retail,SD-WAN,55,55,55,13,76.36,22.19,0.81
2025-08-01,CUST-038,Harbour Renewables,Silver,Energy,Managed Cloud,4,4,4,0,100.0,24.48,0.344
2025-08-01,CUST-038,Harbour Renewables,Silver,Energy,Dedicated Internet,46,46,46,5,89.13,32.94,0.594
2025-08-01,CUST-038,Harbour Renewables,Silver,Energy,Business Voice (SIP),21,21,21,2,90.48,18.62,0.534
2025-08-01,CUST-038,Harbour Renewables,Silver,Energy,Managed Security,8,8,8,1,87.5,33.75,0.454
2025-08-01,CUST-038,Harbour Renewables,Silver,Energy,MPLS WAN,29,29,29,4,86.21,31.59,0.637
2025-08-01,CUST-038,Harbour Renewables,Silver,Energy,SD-WAN,16,16,16,1,93.75,29.87,0.556
2025-08-01,CUST-039,Quarry Academy,Silver,Education,Managed Cloud,10,10,10,0,100.0,17.19,0.399
2025-08-01,CUST-039,Quarry Academy,Silver,Education,Dedicated Internet,49,49,49,4,91.84,23.41,0.432
2025-08-01,CUST-039,Quarry Academy,Silver,Education,SD-WAN,62,62,62,11,82.26,36.88,0.577
2025-08-01,CUST-039,Quarry Academy,Silver,Education,Business Voice (SIP),68,68,68,9,86.76,31.75,0.534
2025-08-01,CUST-039,Quarry Academy,Silver,Education,MPLS WAN,35,35,35,4,88.57,36.9,0.658
2025-08-01,CUST-039,Quarry Academy,Silver,Education,Managed Security,13,13,13,0,100.0,15.62,0.335
2025-08-01,CUST-040,Tundra Fabrication,Gold,Manufacturing,Business Voice (SIP),53,53,53,5,90.57,14.16,0.522
2025-08-01,CUST-040,Tundra Fabrication,Gold,Manufacturing,MPLS WAN,3,3,3,0,100.0,24.55,0.411
2025-08-01,CUST-040,Tundra Fabrication,Gold,Manufacturing,Managed Security,9,9,9,0,100.0,15.63,0.317
2025-08-01,CUST-040,Tundra Fabrication,Gold,Manufacturing,Dedicated Internet,60,60,60,7,88.33,22.62,0.564
2025-08-01,CUST-040,Tundra Fabrication,Gold,Manufacturing,SD-WAN,17,17,17,4,76.47,20.12,0.769
2025-08-01,CUST-040,Tundra Fabrication,Gold,Manufacturing,Managed Cloud,17,17,17,2,88.24,10.6,0.497
2025-09-01,CUST-001,Lakeview Health Network,Silver,Healthcare,Business Voice (SIP),24,24,24,4,83.33,39.35,0.795
2025-09-01,CUST-001,Lakeview Health Network,Silver,Healthcare,SD-WAN,2,2,2,0,100.0,24.58,0.253
2025-09-01,CUST-001,Lakeview Health Network,Silver,Healthcare,Dedicated Internet,31,31,31,2,93.55,21.57,0.419
2025-09-01,CUST-001,Lakeview Health Network,Silver,Healthcare,MPLS WAN,20,20,20,2,90.0,37.23,0.554
2025-09-01,CUST-001,Lakeview Health Network,Silver,Healthcare,Managed Security,1,1,1,0,100.0,20.08,0.837
2025-09-01,CUST-001,Lakeview Health Network,Silver,Healthcare,Managed Cloud,7,7,7,0,100.0,11.59,0.202
2025-09-01,CUST-002,Westgate Care Group,Silver,Healthcare,Business Voice (SIP),8,8,8,2,75.0,21.17,0.678
2025-09-01,CUST-002,Westgate Care Group,Silver,Healthcare,SD-WAN,10,10,10,2,80.0,37.52,0.747
2025-09-01,CUST-002,Westgate Care Group,Silver,Healthcare,Dedicated Internet,6,6,6,0,100.0,17.8,0.416
2025-09-01,CUST-002,Westgate Care Group,Silver,Healthcare,Managed Security,2,2,2,0,100.0,12.19,0.508
2025-09-01,CUST-002,Westgate Care Group,Silver,Healthcare,MPLS WAN,2,2,2,0,100.0,25.55,0.355
2025-09-01,CUST-002,Westgate Care Group,Silver,Healthcare,Managed Cloud,10,10,10,3,70.0,39.08,0.796
2025-09-01,CUST-003,Juniper Polytechnic,Platinum,Education,SD-WAN,120,120,120,28,76.67,17.16,0.775
2025-09-01,CUST-003,Juniper Polytechnic,Platinum,Education,Managed Security,48,48,48,4,91.67,9.91,0.635
2025-09-01,CUST-003,Juniper Polytechnic,Platinum,Education,Dedicated Internet,151,151,151,29,80.79,12.78,0.676
2025-09-01,CUST-003,Juniper Polytechnic,Platinum,Education,Business Voice (SIP),78,78,78,16,79.49,12.66,0.72
2025-09-01,CUST-003,Juniper Polytechnic,Platinum,Education,Managed Cloud,39,39,39,8,79.49,11.43,0.61
2025-09-01,CUST-003,Juniper Polytechnic,Platinum,Education,MPLS WAN,32,32,32,7,78.13,16.16,0.664
2025-09-01,CUST-004,Heritage College,Bronze,Education,MPLS WAN,2,2,2,0,100.0,40.63,0.283
2025-09-01,CUST-004,Heritage College,Bronze,Education,Managed Security,17,17,17,1,94.12,26.92,0.413
2025-09-01,CUST-004,Heritage College,Bronze,Education,Dedicated Internet,27,27,27,4,85.19,72.96,0.666
2025-09-01,CUST-004,Heritage College,Bronze,Education,SD-WAN,27,27,27,9,66.67,57.11,0.824
2025-09-01,CUST-004,Heritage College,Bronze,Education,Managed Cloud,15,15,15,3,80.0,67.44,0.798
2025-09-01,CUST-005,Bluewater Health Network,Silver,Healthcare,Managed Security,18,18,18,2,88.89,27.28,0.452
2025-09-01,CUST-005,Bluewater Health Network,Silver,Healthcare,Business Voice (SIP),32,32,32,5,84.38,19.97,0.506
2025-09-01,CUST-005,Bluewater Health Network,Silver,Healthcare,Dedicated Internet,9,9,9,0,100.0,14.0,0.347
2025-09-01,CUST-005,Bluewater Health Network,Silver,Healthcare,SD-WAN,29,29,29,2,93.1,34.7,0.56
2025-09-01,CUST-006,Northshore Utilities,Silver,Public Sector,Dedicated Internet,31,31,31,2,93.55,19.25,0.478
2025-09-01,CUST-006,Northshore Utilities,Silver,Public Sector,Managed Security,3,3,3,0,100.0,17.3,0.235
2025-09-01,CUST-006,Northshore Utilities,Silver,Public Sector,MPLS WAN,3,3,3,1,66.67,71.78,1.132
2025-09-01,CUST-006,Northshore Utilities,Silver,Public Sector,SD-WAN,37,37,37,5,86.49,24.04,0.542
2025-09-01,CUST-006,Northshore Utilities,Silver,Public Sector,Business Voice (SIP),68,68,68,5,92.65,28.2,0.517
2025-09-01,CUST-007,Ashford Renewables,Bronze,Energy,Dedicated Internet,11,11,11,4,63.64,83.2,1.047
2025-09-01,CUST-007,Ashford Renewables,Bronze,Energy,SD-WAN,9,9,9,3,66.67,46.59,0.893
2025-09-01,CUST-007,Ashford Renewables,Bronze,Energy,Managed Cloud,11,11,11,1,90.91,55.07,0.597
2025-09-01,CUST-007,Ashford Renewables,Bronze,Energy,Business Voice (SIP),6,6,6,1,83.33,20.06,0.439
2025-09-01,CUST-007,Ashford Renewables,Bronze,Energy,Managed Security,7,7,7,2,71.43,31.72,0.643
2025-09-01,CUST-008,Maple College,Gold,Education,Managed Cloud,23,23,23,2,91.3,14.31,0.383
2025-09-01,CUST-008,Maple College,Gold,Education,MPLS WAN,27,27,27,5,81.48,28.78,0.776
2025-09-01,CUST-008,Maple College,Gold,Education,SD-WAN,67,67,67,9,86.57,19.9,0.58
2025-09-01,CUST-008,Maple College,Gold,Education,Business Voice (SIP),28,28,28,0,100.0,11.7,0.307
2025-09-01,CUST-008,Maple College,Gold,Education,Dedicated Internet,50,50,50,2,96.0,14.3,0.414
2025-09-01,CUST-008,Maple College,Gold,Education,Managed Security,7,7,7,1,85.71,15.5,0.517
2025-09-01,CUST-009,Dominion Outfitters,Silver,Retail,SD-WAN,15,15,15,1,93.33,35.47,0.539
2025-09-01,CUST-009,Dominion Outfitters,Silver,Retail,MPLS WAN,1,1,1,0,100.0,28.39,0.394
2025-09-01,CUST-009,Dominion Outfitters,Silver,Retail,Managed Security,7,7,7,0,100.0,13.33,0.338
2025-09-01,CUST-009,Dominion Outfitters,Silver,Retail,Managed Cloud,7,7,7,0,100.0,16.59,0.288
2025-09-01,CUST-009,Dominion Outfitters,Silver,Retail,Dedicated Internet,9,9,9,0,100.0,41.11,0.387
2025-09-01,CUST-009,Dominion Outfitters,Silver,Retail,Business Voice (SIP),45,45,45,5,88.89,29.56,0.524
2025-09-01,CUST-010,Lighthouse Manufacturing,Gold,Manufacturing,Managed Cloud,19,19,19,1,94.74,16.18,0.486
2025-09-01,CUST-010,Lighthouse Manufacturing,Gold,Manufacturing,Business Voice (SIP),46,46,46,5,89.13,20.23,0.537
2025-09-01,CUST-010,Lighthouse Manufacturing,Gold,Manufacturing,SD-WAN,59,59,59,9,84.75,27.2,0.642
2025-09-01,CUST-010,Lighthouse Manufacturing,Gold,Manufacturing,Dedicated Internet,27,27,27,1,96.3,14.9,0.422
2025-09-01,CUST-010,Lighthouse Manufacturing,Gold,Manufacturing,MPLS WAN,59,59,59,14,76.27,23.43,0.702
2025-09-01,CUST-010,Lighthouse Manufacturing,Gold,Manufacturing,Managed Security,11,11,11,0,100.0,7.37,0.261
2025-09-01,CUST-011,Prairie Health Network,Silver,Healthcare,Business Voice (SIP),12,12,12,3,75.0,37.16,0.752
2025-09-01,CUST-011,Prairie Health Network,Silver,Healthcare,Dedicated Internet,39,39,39,3,92.31,32.02,0.503
2025-09-01,CUST-011,Prairie Health Network,Silver,Healthcare,Managed Cloud,16,16,16,2,87.5,26.8,0.488
2025-09-01,CUST-011,Prairie Health Network,Silver,Healthcare,Managed Security,7,7,7,0,100.0,9.07,0.22
2025-09-01,CUST-011,Prairie Health Network,Silver,Healthcare,SD-WAN,42,42,42,8,80.95,30.29,0.566
2025-09-01,CUST-011,Prairie Health Network,Silver,Healthcare,MPLS WAN,13,13,13,0,100.0,22.43,0.419
2025-09-01,CUST-012,Pioneer Freight Lines,Silver,Logistics,Business Voice (SIP),76,76,76,12,84.21,35.99,0.71
2025-09-01,CUST-012,Pioneer Freight Lines,Silver,Logistics,Dedicated Internet,19,19,19,1,94.74,23.5,0.534
2025-09-01,CUST-012,Pioneer Freight Lines,Silver,Logistics,Managed Security,8,8,8,1,87.5,22.87,0.459
2025-09-01,CUST-012,Pioneer Freight Lines,Silver,Logistics,Managed Cloud,13,13,13,2,84.62,53.32,0.588
2025-09-01,CUST-012,Pioneer Freight Lines,Silver,Logistics,SD-WAN,90,90,90,25,72.22,45.65,0.896
2025-09-01,CUST-013,Nordic School Board,Gold,Public Sector,Business Voice (SIP),24,24,24,1,95.83,17.9,0.418
2025-09-01,CUST-013,Nordic School Board,Gold,Public Sector,SD-WAN,41,41,41,5,87.8,18.22,0.594
2025-09-01,CUST-013,Nordic School Board,Gold,Public Sector,MPLS WAN,22,22,22,6,72.73,46.38,0.738
2025-09-01,CUST-013,Nordic School Board,Gold,Public Sector,Managed Security,22,22,22,2,90.91,16.02,0.445
2025-09-01,CUST-013,Nordic School Board,Gold,Public Sector,Managed Cloud,45,45,45,3,93.33,17.84,0.419
2025-09-01,CUST-013,Nordic School Board,Gold,Public Sector,Dedicated Internet,22,22,22,2,90.91,18.31,0.565
2025-09-01,CUST-014,Riverbend Polytechnic,Platinum,Education,Business Voice (SIP),119,119,119,16,86.55,12.33,0.678
2025-09-01,CUST-014,Riverbend Polytechnic,Platinum,Education,Managed Cloud,45,45,45,5,88.89,7.67,0.53
2025-09-01,CUST-014,Riverbend Polytechnic,Platinum,Education,Dedicated Internet,87,87,87,13,85.06,10.68,0.789
2025-09-01,CUST-014,Riverbend Polytechnic,Platinum,Education,SD-WAN,158,158,158,29,81.65,14.17,0.856
2025-09-01,CUST-014,Riverbend Polytechnic,Platinum,Education,Managed Security,17,17,17,5,70.59,12.24,1.479
2025-09-01,CUST-014,Riverbend Polytechnic,Platinum,Education,MPLS WAN,29,29,29,12,58.62,25.58,0.965
2025-09-01,CUST-015,Aurora Pharmacies,Platinum,Healthcare,SD-WAN,126,126,126,24,80.95,13.25,0.692
2025-09-01,CUST-015,Aurora Pharmacies,Platinum,Healthcare,Managed Cloud,45,45,45,3,93.33,10.83,0.445
2025-09-01,CUST-015,Aurora Pharmacies,Platinum,Healthcare,Dedicated Internet,122,122,122,15,87.7,10.1,0.519
2025-09-01,CUST-015,Aurora Pharmacies,Platinum,Healthcare,Business Voice (SIP),68,68,68,9,86.76,12.76,0.677
2025-09-01,CUST-015,Aurora Pharmacies,Platinum,Healthcare,Managed Security,29,29,29,5,82.76,7.57,0.567
2025-09-01,CUST-016,Redwood Learning Trust,Silver,Education,MPLS WAN,5,5,5,0,100.0,15.39,0.302
2025-09-01,CUST-016,Redwood Learning Trust,Silver,Education,Dedicated Internet,38,38,38,3,92.11,20.6,0.442
2025-09-01,CUST-016,Redwood Learning Trust,Silver,Education,Managed Cloud,39,39,39,1,97.44,15.54,0.461
2025-09-01,CUST-016,Redwood Learning Trust,Silver,Education,Business Voice (SIP),15,15,15,1,93.33,32.13,0.615
2025-09-01,CUST-016,Redwood Learning Trust,Silver,Education,Managed Security,14,14,14,0,100.0,13.54,0.264
2025-09-01,CUST-016,Redwood Learning Trust,Silver,Education,SD-WAN,27,27,27,1,96.3,28.31,0.425
2025-09-01,CUST-017,Coastal Energy,Gold,Energy,Business Voice (SIP),47,47,47,2,95.74,20.68,0.454
2025-09-01,CUST-017,Coastal Energy,Gold,Energy,SD-WAN,50,50,50,12,76.0,23.08,0.652
2025-09-01,CUST-017,Coastal Energy,Gold,Energy,MPLS WAN,18,18,18,2,88.89,13.62,0.508
2025-09-01,CUST-017,Coastal Energy,Gold,Energy,Managed Security,10,10,10,1,90.0,24.93,0.462
2025-09-01,CUST-017,Coastal Energy,Gold,Energy,Managed Cloud,23,23,23,5,78.26,21.98,0.611
2025-09-01,CUST-017,Coastal Energy,Gold,Energy,Dedicated Internet,62,62,62,6,90.32,14.49,0.513
2025-09-01,CUST-018,Granite Power Co-op,Gold,Energy,MPLS WAN,54,54,54,7,87.04,15.72,0.505
2025-09-01,CUST-018,Granite Power Co-op,Gold,Energy,Managed Security,36,36,36,4,88.89,19.3,0.469
2025-09-01,CUST-018,Granite Power Co-op,Gold,Energy,Managed Cloud,22,22,22,3,86.36,14.73,0.622
2025-09-01,CUST-018,Granite Power Co-op,Gold,Energy,Dedicated Internet,31,31,31,3,90.32,19.87,0.546
2025-09-01,CUST-018,Granite Power Co-op,Gold,Energy,SD-WAN,56,56,56,11,80.36,21.28,0.637
2025-09-01,CUST-018,Granite Power Co-op,Gold,Energy,Business Voice (SIP),68,68,68,7,89.71,22.82,0.548
2025-09-01,CUST-019,Stonebridge Regional Authority,Gold,Public Sector,Dedicated Internet,47,47,47,8,82.98,23.27,0.588
2025-09-01,CUST-019,Stonebridge Regional Authority,Gold,Public Sector,Business Voice (SIP),56,56,56,9,83.93,24.6,0.629
2025-09-01,CUST-019,Stonebridge Regional Authority,Gold,Public Sector,Managed Security,40,40,40,4,90.0,20.68,0.616
2025-09-01,CUST-019,Stonebridge Regional Authority,Gold,Public Sector,Managed Cloud,20,20,20,2,90.0,10.3,0.533
2025-09-01,CUST-019,Stonebridge Regional Authority,Gold,Public Sector,MPLS WAN,59,59,59,5,91.53,22.23,0.598
2025-09-01,CUST-019,Stonebridge Regional Authority,Gold,Public Sector,SD-WAN,76,76,76,16,78.95,22.17,0.849
2025-09-01,CUST-020,Orchard Distribution,Silver,Logistics,Managed Cloud,6,6,6,0,100.0,36.83,0.357
2025-09-01,CUST-020,Orchard Distribution,Silver,Logistics,Business Voice (SIP),30,30,30,4,86.67,27.72,0.532
2025-09-01,CUST-020,Orchard Distribution,Silver,Logistics,MPLS WAN,2,2,2,0,100.0,28.93,0.346
2025-09-01,CUST-020,Orchard Distribution,Silver,Logistics,Managed Security,9,9,9,1,88.89,28.1,0.512
2025-09-01,CUST-020,Orchard Distribution,Silver,Logistics,Dedicated Internet,28,28,28,2,92.86,30.5,0.556
2025-09-01,CUST-021,Keystone Distribution,Gold,Logistics,MPLS WAN,24,24,24,3,87.5,15.24,0.712
2025-09-01,CUST-021,Keystone Distribution,Gold,Logistics,Business Voice (SIP),58,58,58,14,75.86,24.81,0.864
2025-09-01,CUST-021,Keystone Distribution,Gold,Logistics,Dedicated Internet,64,64,64,8,87.5,18.6,0.579
2025-09-01,CUST-021,Keystone Distribution,Gold,Logistics,SD-WAN,76,76,76,10,86.84,17.31,0.594
2025-09-01,CUST-021,Keystone Distribution,Gold,Logistics,Managed Cloud,41,41,41,4,90.24,18.74,0.449
2025-09-01,CUST-021,Keystone Distribution,Gold,Logistics,Managed Security,43,43,43,1,97.67,11.64,0.522
2025-09-01,CUST-022,Ironwood Health Network,Silver,Healthcare,SD-WAN,29,29,29,2,93.1,35.12,0.619
2025-09-01,CUST-022,Ironwood Health Network,Silver,Healthcare,MPLS WAN,12,12,12,1,91.67,27.49,0.456
2025-09-01,CUST-022,Ironwood Health Network,Silver,Healthcare,Managed Cloud,20,20,20,2,90.0,27.88,0.53
2025-09-01,CUST-022,Ironwood Health Network,Silver,Healthcare,Business Voice (SIP),12,12,12,0,100.0,24.43,0.454
2025-09-01,CUST-022,Ironwood Health Network,Silver,Healthcare,Dedicated Internet,31,31,31,6,80.65,21.11,0.588
2025-09-01,CUST-023,Silverline Learning Trust,Bronze,Education,Dedicated Internet,55,55,55,7,87.27,35.37,0.541
2025-09-01,CUST-023,Silverline Learning Trust,Bronze,Education,MPLS WAN,22,22,22,5,77.27,57.33,0.789
2025-09-01,CUST-023,Silverline Learning Trust,Bronze,Education,Managed Cloud,45,45,45,3,93.33,29.84,0.435
2025-09-01,CUST-023,Silverline Learning Trust,Bronze,Education,SD-WAN,21,21,21,6,71.43,48.16,0.932
2025-09-01,CUST-023,Silverline Learning Trust,Bronze,Education,Business Voice (SIP),22,22,22,4,81.82,54.89,0.588
2025-09-01,CUST-023,Silverline Learning Trust,Bronze,Education,Managed Security,19,19,19,1,94.74,28.95,0.437
2025-09-01,CUST-024,Cascadia Academy,Gold,Education,Business Voice (SIP),83,83,83,17,79.52,28.53,0.723
2025-09-01,CUST-024,Cascadia Academy,Gold,Education,SD-WAN,28,28,28,10,64.29,29.15,0.799
2025-09-01,CUST-024,Cascadia Academy,Gold,Education,Dedicated Internet,93,93,93,17,81.72,24.97,0.731
2025-09-01,CUST-024,Cascadia Academy,Gold,Education,MPLS WAN,13,13,13,1,92.31,24.81,0.457
2025-09-01,CUST-024,Cascadia Academy,Gold,Education,Managed Cloud,51,51,51,6,88.24,21.91,0.799
2025-09-01,CUST-024,Cascadia Academy,Gold,Education,Managed Security,39,39,39,7,82.05,18.81,0.697
2025-09-01,CUST-025,Cedar Marketplaces,Bronze,Retail,MPLS WAN,4,4,4,0,100.0,63.74,0.608
2025-09-01,CUST-025,Cedar Marketplaces,Bronze,Retail,SD-WAN,22,22,22,10,54.55,106.6,1.026
2025-09-01,CUST-026,Frontier Freight Lines,Gold,Logistics,Dedicated Internet,98,98,98,11,88.78,21.77,0.582
2025-09-01,CUST-026,Frontier Freight Lines,Gold,Logistics,Managed Cloud,44,44,44,3,93.18,14.19,0.432
2025-09-01,CUST-026,Frontier Freight Lines,Gold,Logistics,Business Voice (SIP),62,62,62,3,95.16,20.37,0.469
2025-09-01,CUST-026,Frontier Freight Lines,Gold,Logistics,MPLS WAN,4,4,4,0,100.0,14.08,0.516
2025-09-01,CUST-026,Frontier Freight Lines,Gold,Logistics,SD-WAN,61,61,61,15,75.41,24.42,0.91
2025-09-01,CUST-026,Frontier Freight Lines,Gold,Logistics,Managed Security,16,16,16,0,100.0,7.12,0.312
2025-09-01,CUST-027,Trillium Medical Centres,Bronze,Healthcare,Business Voice (SIP),12,12,12,3,75.0,76.34,1.031
2025-09-01,CUST-027,Trillium Medical Centres,Bronze,Healthcare,Managed Security,22,22,22,2,90.91,27.58,0.563
2025-09-01,CUST-027,Trillium Medical Centres,Bronze,Healthcare,Managed Cloud,16,16,16,2,87.5,93.19,0.685
2025-09-01,CUST-027,Trillium Medical Centres,Bronze,Healthcare,Dedicated Internet,26,26,26,8,69.23,52.66,0.961
2025-09-01,CUST-028,Beacon Pipelines,Bronze,Energy,Dedicated Internet,21,21,21,4,80.95,65.81,0.741
2025-09-01,CUST-028,Beacon Pipelines,Bronze,Energy,MPLS WAN,7,7,7,2,71.43,80.72,0.797
2025-09-01,CUST-028,Beacon Pipelines,Bronze,Energy,SD-WAN,14,14,14,6,57.14,72.01,1.321
2025-09-01,CUST-028,Beacon Pipelines,Bronze,Energy,Managed Security,10,10,10,4,60.0,78.48,0.848
2025-09-01,CUST-028,Beacon Pipelines,Bronze,Energy,Managed Cloud,20,20,20,7,65.0,68.23,0.86
2025-09-01,CUST-029,Pinecrest Energy,Bronze,Energy,Business Voice (SIP),3,3,3,0,100.0,50.03,0.654
2025-09-01,CUST-029,Pinecrest Energy,Bronze,Energy,Dedicated Internet,10,10,10,2,80.0,34.87,0.668
2025-09-01,CUST-029,Pinecrest Energy,Bronze,Energy,SD-WAN,4,4,4,3,25.0,265.94,1.738
2025-09-01,CUST-030,Summit Retail Group,Platinum,Retail,Dedicated Internet,65,65,65,4,93.85,6.9,0.447
2025-09-01,CUST-030,Summit Retail Group,Platinum,Retail,Managed Security,47,47,47,3,93.62,10.47,0.4
2025-09-01,CUST-030,Summit Retail Group,Platinum,Retail,Business Voice (SIP),124,124,124,9,92.74,10.33,0.443
2025-09-01,CUST-030,Summit Retail Group,Platinum,Retail,Managed Cloud,39,39,39,0,100.0,4.64,0.33
2025-09-01,CUST-030,Summit Retail Group,Platinum,Retail,SD-WAN,154,154,154,19,87.66,13.89,0.682
2025-09-01,CUST-030,Summit Retail Group,Platinum,Retail,MPLS WAN,628,628,628,220,64.97,5.56,1.185
2025-09-01,CUST-031,Crestview Pipelines,Silver,Energy,Managed Security,4,4,4,0,100.0,30.4,0.491
2025-09-01,CUST-031,Crestview Pipelines,Silver,Energy,Dedicated Internet,16,16,16,3,81.25,28.8,0.701
2025-09-01,CUST-031,Crestview Pipelines,Silver,Energy,Business Voice (SIP),14,14,14,2,85.71,26.2,0.54
2025-09-01,CUST-031,Crestview Pipelines,Silver,Energy,Managed Cloud,7,7,7,1,85.71,31.33,0.658
2025-09-01,CUST-031,Crestview Pipelines,Silver,Energy,SD-WAN,24,24,24,6,75.0,44.49,0.656
2025-09-01,CUST-032,Meridian Distribution,Platinum,Logistics,MPLS WAN,16,16,16,1,93.75,13.77,0.543
2025-09-01,CUST-032,Meridian Distribution,Platinum,Logistics,Managed Security,56,56,56,4,92.86,6.12,0.394
2025-09-01,CUST-032,Meridian Distribution,Platinum,Logistics,SD-WAN,125,125,125,19,84.8,10.34,0.65
2025-09-01,CUST-032,Meridian Distribution,Platinum,Logistics,Dedicated Internet,101,101,101,8,92.08,9.98,0.431
2025-09-01,CUST-032,Meridian Distribution,Platinum,Logistics,Managed Cloud,15,15,15,5,66.67,8.13,0.668
2025-09-01,CUST-032,Meridian Distribution,Platinum,Logistics,Business Voice (SIP),150,150,150,12,92.0,9.01,0.461
2025-09-01,CUST-033,Boreal Retail Group,Gold,Retail,MPLS WAN,36,36,36,4,88.89,25.42,0.638
2025-09-01,CUST-033,Boreal Retail Group,Gold,Retail,Business Voice (SIP),64,64,64,6,90.63,14.38,0.455
2025-09-01,CUST-033,Boreal Retail Group,Gold,Retail,Dedicated Internet,29,29,29,2,93.1,20.23,0.468
2025-09-01,CUST-033,Boreal Retail Group,Gold,Retail,SD-WAN,59,59,59,3,94.92,19.08,0.597
2025-09-01,CUST-033,Boreal Retail Group,Gold,Retail,Managed Cloud,17,17,17,2,88.24,13.24,0.664
2025-09-01,CUST-033,Boreal Retail Group,Gold,Retail,Managed Security,43,43,43,2,95.35,9.41,0.282
2025-09-01,CUST-034,Evergreen Stores Ltd.,Platinum,Retail,Business Voice (SIP),58,58,58,11,81.03,12.98,0.793
2025-09-01,CUST-034,Evergreen Stores Ltd.,Platinum,Retail,MPLS WAN,18,18,18,3,83.33,8.85,0.553
2025-09-01,CUST-034,Evergreen Stores Ltd.,Platinum,Retail,Managed Security,26,26,26,2,92.31,11.36,0.514
2025-09-01,CUST-034,Evergreen Stores Ltd.,Platinum,Retail,Dedicated Internet,74,74,74,16,78.38,14.72,0.735
2025-09-01,CUST-034,Evergreen Stores Ltd.,Platinum,Retail,SD-WAN,74,74,74,16,78.38,16.03,0.751
2025-09-01,CUST-034,Evergreen Stores Ltd.,Platinum,Retail,Managed Cloud,14,14,14,1,92.86,7.16,0.442
2025-09-01,CUST-035,Ridgeline Stores Ltd.,Gold,Retail,Managed Security,4,4,4,0,100.0,7.35,0.16
2025-09-01,CUST-035,Ridgeline Stores Ltd.,Gold,Retail,Business Voice (SIP),53,53,53,9,83.02,14.28,0.543
2025-09-01,CUST-035,Ridgeline Stores Ltd.,Gold,Retail,MPLS WAN,26,26,26,2,92.31,23.92,0.521
2025-09-01,CUST-035,Ridgeline Stores Ltd.,Gold,Retail,SD-WAN,62,62,62,6,90.32,20.85,0.521
2025-09-01,CUST-035,Ridgeline Stores Ltd.,Gold,Retail,Dedicated Internet,81,81,81,5,93.83,13.81,0.387
2025-09-01,CUST-036,Highland College,Platinum,Education,MPLS WAN,42,42,42,3,92.86,12.93,0.54
2025-09-01,CUST-036,Highland College,Platinum,Education,Managed Security,30,30,30,2,93.33,6.06,0.369
2025-09-01,CUST-036,Highland College,Platinum,Education,Dedicated Internet,101,101,101,8,92.08,8.48,0.513
2025-09-01,CUST-036,Highland College,Platinum,Education,SD-WAN,97,97,97,15,84.54,10.03,0.587
2025-09-01,CUST-036,Highland College,Platinum,Education,Business Voice (SIP),113,113,113,8,92.92,11.16,0.494
2025-09-01,CUST-036,Highland College,Platinum,Education,Managed Cloud,50,50,50,4,92.0,12.24,0.467
2025-09-01,CUST-037,Glacier Retail Group,Gold,Retail,SD-WAN,55,55,55,9,83.64,25.72,0.902
2025-09-01,CUST-037,Glacier Retail Group,Gold,Retail,Managed Security,9,9,9,0,100.0,12.94,0.441
2025-09-01,CUST-037,Glacier Retail Group,Gold,Retail,Managed Cloud,36,36,36,4,88.89,19.72,0.651
2025-09-01,CUST-037,Glacier Retail Group,Gold,Retail,MPLS WAN,50,50,50,14,72.0,21.63,0.748
2025-09-01,CUST-037,Glacier Retail Group,Gold,Retail,Dedicated Internet,98,98,98,24,75.51,30.0,0.758
2025-09-01,CUST-037,Glacier Retail Group,Gold,Retail,Business Voice (SIP),63,63,63,10,84.13,31.37,0.753
2025-09-01,CUST-038,Harbour Renewables,Silver,Energy,Managed Cloud,6,6,6,1,83.33,28.41,0.5
2025-09-01,CUST-038,Harbour Renewables,Silver,Energy,SD-WAN,28,28,28,3,89.29,46.1,0.637
2025-09-01,CUST-038,Harbour Renewables,Silver,Energy,Managed Security,9,9,9,2,77.78,30.05,0.483
2025-09-01,CUST-038,Harbour Renewables,Silver,Energy,MPLS WAN,31,31,31,5,83.87,29.9,0.704
2025-09-01,CUST-038,Harbour Renewables,Silver,Energy,Dedicated Internet,61,61,61,5,91.8,35.65,0.592
2025-09-01,CUST-038,Harbour Renewables,Silver,Energy,Business Voice (SIP),22,22,22,2,90.91,21.73,0.569
2025-09-01,CUST-039,Quarry Academy,Silver,Education,Dedicated Internet,64,64,64,8,87.5,27.82,0.451
2025-09-01,CUST-039,Quarry Academy,Silver,Education,Business Voice (SIP),59,59,59,1,98.31,28.48,0.447
2025-09-01,CUST-039,Quarry Academy,Silver,Education,Managed Cloud,8,8,8,1,87.5,28.65,0.38
2025-09-01,CUST-039,Quarry Academy,Silver,Education,Managed Security,14,14,14,2,85.71,28.94,0.602
2025-09-01,CUST-039,Quarry Academy,Silver,Education,SD-WAN,59,59,59,4,93.22,24.66,0.446
2025-09-01,CUST-039,Quarry Academy,Silver,Education,MPLS WAN,22,22,22,2,90.91,28.82,0.507
2025-09-01,CUST-040,Tundra Fabrication,Gold,Manufacturing,Managed Cloud,18,18,18,2,88.89,17.62,0.586
2025-09-01,CUST-040,Tundra Fabrication,Gold,Manufacturing,Business Voice (SIP),57,57,57,7,87.72,19.8,0.546
2025-09-01,CUST-040,Tundra Fabrication,Gold,Manufacturing,Managed Security,17,17,17,2,88.24,4.73,0.418
2025-09-01,CUST-040,Tundra Fabrication,Gold,Manufacturing,Dedicated Internet,67,67,67,9,86.57,19.14,0.57
2025-09-01,CUST-040,Tundra Fabrication,Gold,Manufacturing,MPLS WAN,2,2,2,0,100.0,37.03,0.771
2025-09-01,CUST-040,Tundra Fabrication,Gold,Manufacturing,SD-WAN,25,25,25,4,84.0,21.22,0.453
2025-10-01,CUST-001,Lakeview Health Network,Silver,Healthcare,Managed Security,4,4,4,0,100.0,19.77,0.319
2025-10-01,CUST-001,Lakeview Health Network,Silver,Healthcare,Managed Cloud,8,8,8,0,100.0,11.14,0.318
2025-10-01,CUST-001,Lakeview Health Network,Silver,Healthcare,Business Voice (SIP),13,13,13,1,92.31,30.27,0.594
2025-10-01,CUST-001,Lakeview Health Network,Silver,Healthcare,Dedicated Internet,31,31,31,2,93.55,16.4,0.403
2025-10-01,CUST-001,Lakeview Health Network,Silver,Healthcare,MPLS WAN,14,14,14,0,100.0,19.82,0.362
2025-10-01,CUST-001,Lakeview Health Network,Silver,Healthcare,SD-WAN,5,5,5,0,100.0,26.03,0.38
2025-10-01,CUST-002,Westgate Care Group,Silver,Healthcare,Dedicated Internet,6,6,6,2,66.67,31.99,0.764
2025-10-01,CUST-002,Westgate Care Group,Silver,Healthcare,Managed Cloud,21,21,21,1,95.24,24.3,0.513
2025-10-01,CUST-002,Westgate Care Group,Silver,Healthcare,MPLS WAN,3,3,3,0,100.0,27.26,0.345
2025-10-01,CUST-002,Westgate Care Group,Silver,Healthcare,SD-WAN,7,7,7,0,100.0,44.83,0.651
2025-10-01,CUST-002,Westgate Care Group,Silver,Healthcare,Business Voice (SIP),6,6,6,0,100.0,36.36,0.53
2025-10-01,CUST-002,Westgate Care Group,Silver,Healthcare,Managed Security,1,1,1,0,100.0,6.46,0.09
2025-10-01,CUST-003,Juniper Polytechnic,Platinum,Education,MPLS WAN,42,42,42,10,76.19,8.7,1.054
2025-10-01,CUST-003,Juniper Polytechnic,Platinum,Education,Managed Security,50,50,50,7,86.0,8.43,0.645
2025-10-01,CUST-003,Juniper Polytechnic,Platinum,Education,Managed Cloud,43,43,43,10,76.74,15.03,0.777
2025-10-01,CUST-003,Juniper Polytechnic,Platinum,Education,Dedicated Internet,147,147,147,23,84.35,14.89,0.629
2025-10-01,CUST-003,Juniper Polytechnic,Platinum,Education,SD-WAN,123,123,123,35,71.54,14.6,0.831
2025-10-01,CUST-003,Juniper Polytechnic,Platinum,Education,Business Voice (SIP),86,86,86,19,77.91,15.84,0.892
2025-10-01,CUST-004,Heritage College,Bronze,Education,Managed Security,6,6,6,0,100.0,43.86,0.557
2025-10-01,CUST-004,Heritage College,Bronze,Education,Managed Cloud,13,13,13,2,84.62,39.17,0.717
2025-10-01,CUST-004,Heritage College,Bronze,Education,Dedicated Internet,28,28,28,9,67.86,70.52,0.869
2025-10-01,CUST-004,Heritage College,Bronze,Education,SD-WAN,36,36,36,9,75.0,53.77,0.817
2025-10-01,CUST-004,Heritage College,Bronze,Education,MPLS WAN,7,7,7,1,85.71,24.16,0.523
2025-10-01,CUST-005,Bluewater Health Network,Silver,Healthcare,SD-WAN,23,23,23,2,91.3,18.92,0.596
2025-10-01,CUST-005,Bluewater Health Network,Silver,Healthcare,Business Voice (SIP),24,24,24,6,75.0,36.4,0.636
2025-10-01,CUST-005,Bluewater Health Network,Silver,Healthcare,Dedicated Internet,7,7,7,0,100.0,24.61,0.36
2025-10-01,CUST-005,Bluewater Health Network,Silver,Healthcare,Managed Security,21,21,21,0,100.0,15.66,0.329
2025-10-01,CUST-006,Northshore Utilities,Silver,Public Sector,MPLS WAN,6,6,6,1,83.33,37.42,0.54
2025-10-01,CUST-006,Northshore Utilities,Silver,Public Sector,Dedicated Internet,37,37,37,5,86.49,28.92,0.544
2025-10-01,CUST-006,Northshore Utilities,Silver,Public Sector,Managed Security,6,6,6,0,100.0,14.12,0.196
2025-10-01,CUST-006,Northshore Utilities,Silver,Public Sector,SD-WAN,37,37,37,8,78.38,42.44,0.794
2025-10-01,CUST-006,Northshore Utilities,Silver,Public Sector,Business Voice (SIP),54,54,54,5,90.74,21.82,0.497
2025-10-01,CUST-007,Ashford Renewables,Bronze,Energy,SD-WAN,19,19,19,4,78.95,58.97,0.69
2025-10-01,CUST-007,Ashford Renewables,Bronze,Energy,Managed Security,17,17,17,3,82.35,38.95,0.64
2025-10-01,CUST-007,Ashford Renewables,Bronze,Energy,Business Voice (SIP),8,8,8,1,87.5,72.91,0.608
2025-10-01,CUST-007,Ashford Renewables,Bronze,Energy,Dedicated Internet,11,11,11,1,90.91,31.15,0.446
2025-10-01,CUST-007,Ashford Renewables,Bronze,Energy,Managed Cloud,12,12,12,2,83.33,79.68,0.664
2025-10-01,CUST-008,Maple College,Gold,Education,Managed Cloud,26,26,26,1,96.15,22.13,0.387
2025-10-01,CUST-008,Maple College,Gold,Education,SD-WAN,53,53,53,6,88.68,13.32,0.559
2025-10-01,CUST-008,Maple College,Gold,Education,Business Voice (SIP),28,28,28,3,89.29,17.42,0.501
2025-10-01,CUST-008,Maple College,Gold,Education,Managed Security,9,9,9,0,100.0,4.83,0.34
2025-10-01,CUST-008,Maple College,Gold,Education,Dedicated Internet,57,57,57,2,96.49,20.37,0.484
2025-10-01,CUST-008,Maple College,Gold,Education,MPLS WAN,28,28,28,6,78.57,23.61,0.687
2025-10-01,CUST-009,Dominion Outfitters,Silver,Retail,Managed Security,10,10,10,0,100.0,27.25,0.355
2025-10-01,CUST-009,Dominion Outfitters,Silver,Retail,Dedicated Internet,14,14,14,1,92.86,23.16,0.433
2025-10-01,CUST-009,Dominion Outfitters,Silver,Retail,Managed Cloud,8,8,8,0,100.0,26.46,0.343
2025-10-01,CUST-009,Dominion Outfitters,Silver,Retail,MPLS WAN,4,4,4,0,100.0,23.5,0.366
2025-10-01,CUST-009,Dominion Outfitters,Silver,Retail,Business Voice (SIP),40,40,40,4,90.0,35.3,0.508
2025-10-01,CUST-009,Dominion Outfitters,Silver,Retail,SD-WAN,13,13,13,2,84.62,18.17,0.559
2025-10-01,CUST-010,Lighthouse Manufacturing,Gold,Manufacturing,Dedicated Internet,35,35,35,3,91.43,18.71,0.464
2025-10-01,CUST-010,Lighthouse Manufacturing,Gold,Manufacturing,MPLS WAN,51,51,51,3,94.12,20.79,0.44
2025-10-01,CUST-010,Lighthouse Manufacturing,Gold,Manufacturing,Managed Cloud,25,25,25,2,92.0,16.98,0.401
2025-10-01,CUST-010,Lighthouse Manufacturing,Gold,Manufacturing,Managed Security,11,11,11,1,90.91,14.66,0.662
2025-10-01,CUST-010,Lighthouse Manufacturing,Gold,Manufacturing,Business Voice (SIP),45,45,45,7,84.44,19.61,0.525
2025-10-01,CUST-010,Lighthouse Manufacturing,Gold,Manufacturing,SD-WAN,78,78,78,15,80.77,20.8,0.593
2025-10-01,CUST-011,Prairie Health Network,Silver,Healthcare,MPLS WAN,11,11,11,2,81.82,40.57,0.792
2025-10-01,CUST-011,Prairie Health Network,Silver,Healthcare,Business Voice (SIP),15,15,15,0,100.0,18.86,0.389
2025-10-01,CUST-011,Prairie Health Network,Silver,Healthcare,Managed Security,9,9,9,0,100.0,17.13,0.283
2025-10-01,CUST-011,Prairie Health Network,Silver,Healthcare,Dedicated Internet,59,59,59,10,83.05,36.06,0.599
2025-10-01,CUST-011,Prairie Health Network,Silver,Healthcare,SD-WAN,50,50,50,8,84.0,36.12,0.621
2025-10-01,CUST-011,Prairie Health Network,Silver,Healthcare,Managed Cloud,13,13,13,0,100.0,22.56,0.348
2025-10-01,CUST-012,Pioneer Freight Lines,Silver,Logistics,Managed Cloud,11,11,11,0,100.0,38.71,0.438
2025-10-01,CUST-012,Pioneer Freight Lines,Silver,Logistics,Business Voice (SIP),72,72,72,14,80.56,31.6,0.667
2025-10-01,CUST-012,Pioneer Freight Lines,Silver,Logistics,SD-WAN,105,105,105,31,70.48,45.29,0.88
2025-10-01,CUST-012,Pioneer Freight Lines,Silver,Logistics,Managed Security,12,12,12,2,83.33,21.5,0.46
2025-10-01,CUST-012,Pioneer Freight Lines,Silver,Logistics,Dedicated Internet,31,31,31,8,74.19,50.54,0.871
2025-10-01,CUST-013,Nordic School Board,Gold,Public Sector,Managed Security,26,26,26,4,84.62,17.06,0.802
2025-10-01,CUST-013,Nordic School Board,Gold,Public Sector,MPLS WAN,19,19,19,1,94.74,22.7,0.807
2025-10-01,CUST-013,Nordic School Board,Gold,Public Sector,Business Voice (SIP),29,29,29,4,86.21,23.57,0.597
2025-10-01,CUST-013,Nordic School Board,Gold,Public Sector,Dedicated Internet,33,33,33,1,96.97,16.24,0.42
2025-10-01,CUST-013,Nordic School Board,Gold,Public Sector,Managed Cloud,49,49,49,4,91.84,13.68,0.459
2025-10-01,CUST-013,Nordic School Board,Gold,Public Sector,SD-WAN,52,52,52,11,78.85,25.6,0.759
2025-10-01,CUST-014,Riverbend Polytechnic,Platinum,Education,Dedicated Internet,65,65,65,10,84.62,11.57,0.684
2025-10-01,CUST-014,Riverbend Polytechnic,Platinum,Education,Business Voice (SIP),119,119,119,16,86.55,15.97,0.592
2025-10-01,CUST-014,Riverbend Polytechnic,Platinum,Education,Managed Cloud,51,51,51,3,94.12,7.36,0.478
2025-10-01,CUST-014,Riverbend Polytechnic,Platinum,Education,Managed Security,24,24,24,3,87.5,12.94,0.5
2025-10-01,CUST-014,Riverbend Polytechnic,Platinum,Education,MPLS WAN,34,34,34,4,88.24,12.71,0.662
2025-10-01,CUST-014,Riverbend Polytechnic,Platinum,Education,SD-WAN,156,156,156,33,78.85,12.71,0.698
2025-10-01,CUST-015,Aurora Pharmacies,Platinum,Healthcare,Dedicated Internet,114,114,114,9,92.11,11.08,0.582
2025-10-01,CUST-015,Aurora Pharmacies,Platinum,Healthcare,SD-WAN,132,132,132,21,84.09,9.96,0.609
2025-10-01,CUST-015,Aurora Pharmacies,Platinum,Healthcare,Managed Security,25,25,25,5,80.0,11.68,0.665
2025-10-01,CUST-015,Aurora Pharmacies,Platinum,Healthcare,Managed Cloud,54,54,54,3,94.44,9.08,0.405
2025-10-01,CUST-015,Aurora Pharmacies,Platinum,Healthcare,Business Voice (SIP),99,99,99,7,92.93,9.88,0.487
2025-10-01,CUST-016,Redwood Learning Trust,Silver,Education,Dedicated Internet,43,43,43,2,95.35,21.02,0.371
2025-10-01,CUST-016,Redwood Learning Trust,Silver,Education,Managed Security,6,6,6,0,100.0,12.11,0.224
2025-10-01,CUST-016,Redwood Learning Trust,Silver,Education,Business Voice (SIP),14,14,14,1,92.86,36.39,0.5
2025-10-01,CUST-016,Redwood Learning Trust,Silver,Education,MPLS WAN,5,5,5,1,80.0,27.68,0.572
2025-10-01,CUST-016,Redwood Learning Trust,Silver,Education,Managed Cloud,26,26,26,0,100.0,17.59,0.344
2025-10-01,CUST-016,Redwood Learning Trust,Silver,Education,SD-WAN,53,53,53,4,92.45,28.4,0.464
2025-10-01,CUST-017,Coastal Energy,Gold,Energy,MPLS WAN,22,22,22,4,81.82,33.21,0.629
2025-10-01,CUST-017,Coastal Energy,Gold,Energy,Business Voice (SIP),60,60,60,8,86.67,27.94,0.575
2025-10-01,CUST-017,Coastal Energy,Gold,Energy,Managed Cloud,13,13,13,0,100.0,10.13,0.311
2025-10-01,CUST-017,Coastal Energy,Gold,Energy,Dedicated Internet,63,63,63,10,84.13,19.27,0.65
2025-10-01,CUST-017,Coastal Energy,Gold,Energy,SD-WAN,47,47,47,6,87.23,25.64,0.591
2025-10-01,CUST-017,Coastal Energy,Gold,Energy,Managed Security,14,14,14,1,92.86,15.08,0.696
2025-10-01,CUST-018,Granite Power Co-op,Gold,Energy,SD-WAN,57,57,57,12,78.95,27.12,0.701
2025-10-01,CUST-018,Granite Power Co-op,Gold,Energy,Managed Security,42,42,42,1,97.62,11.78,0.423
2025-10-01,CUST-018,Granite Power Co-op,Gold,Energy,Dedicated Internet,28,28,28,3,89.29,18.31,0.487
2025-10-01,CUST-018,Granite Power Co-op,Gold,Energy,Business Voice (SIP),66,66,66,7,89.39,22.17,0.638
2025-10-01,CUST-018,Granite Power Co-op,Gold,Energy,MPLS WAN,70,70,70,3,95.71,15.66,0.43
2025-10-01,CUST-018,Granite Power Co-op,Gold,Energy,Managed Cloud,15,15,15,1,93.33,7.8,0.533
2025-10-01,CUST-019,Stonebridge Regional Authority,Gold,Public Sector,SD-WAN,70,70,70,12,82.86,25.52,0.703
2025-10-01,CUST-019,Stonebridge Regional Authority,Gold,Public Sector,Business Voice (SIP),55,55,55,7,87.27,22.38,0.709
2025-10-01,CUST-019,Stonebridge Regional Authority,Gold,Public Sector,Managed Security,50,50,50,5,90.0,19.21,0.464
2025-10-01,CUST-019,Stonebridge Regional Authority,Gold,Public Sector,Managed Cloud,19,19,19,1,94.74,11.78,0.338
2025-10-01,CUST-019,Stonebridge Regional Authority,Gold,Public Sector,Dedicated Internet,45,45,45,10,77.78,25.17,0.733
2025-10-01,CUST-019,Stonebridge Regional Authority,Gold,Public Sector,MPLS WAN,58,58,58,11,81.03,21.59,0.804
2025-10-01,CUST-020,Orchard Distribution,Silver,Logistics,Managed Cloud,7,7,7,1,85.71,36.27,0.47
2025-10-01,CUST-020,Orchard Distribution,Silver,Logistics,Business Voice (SIP),32,32,32,6,81.25,30.07,0.652
2025-10-01,CUST-020,Orchard Distribution,Silver,Logistics,Dedicated Internet,35,35,35,6,82.86,35.42,0.67
2025-10-01,CUST-020,Orchard Distribution,Silver,Logistics,Managed Security,14,14,14,3,78.57,33.87,0.686
2025-10-01,CUST-020,Orchard Distribution,Silver,Logistics,MPLS WAN,2,2,2,0,100.0,57.49,0.558
2025-10-01,CUST-021,Keystone Distribution,Gold,Logistics,MPLS WAN,15,15,15,2,86.67,25.08,1.216
2025-10-01,CUST-021,Keystone Distribution,Gold,Logistics,Dedicated Internet,79,79,79,5,93.67,21.22,0.507
2025-10-01,CUST-021,Keystone Distribution,Gold,Logistics,Business Voice (SIP),54,54,54,8,85.19,26.23,0.703
2025-10-01,CUST-021,Keystone Distribution,Gold,Logistics,SD-WAN,103,103,103,16,84.47,23.77,0.596
2025-10-01,CUST-021,Keystone Distribution,Gold,Logistics,Managed Security,40,40,40,4,90.0,13.68,0.416
2025-10-01,CUST-021,Keystone Distribution,Gold,Logistics,Managed Cloud,36,36,36,1,97.22,13.29,0.383
2025-10-01,CUST-022,Ironwood Health Network,Silver,Healthcare,SD-WAN,27,27,27,4,85.19,36.07,0.613
2025-10-01,CUST-022,Ironwood Health Network,Silver,Healthcare,Dedicated Internet,28,28,28,7,75.0,43.3,0.682
2025-10-01,CUST-022,Ironwood Health Network,Silver,Healthcare,Business Voice (SIP),11,11,11,1,90.91,25.49,0.459
2025-10-01,CUST-022,Ironwood Health Network,Silver,Healthcare,MPLS WAN,13,13,13,1,92.31,11.78,0.48
2025-10-01,CUST-022,Ironwood Health Network,Silver,Healthcare,Managed Cloud,16,16,16,0,100.0,21.85,0.414
2025-10-01,CUST-023,Silverline Learning Trust,Bronze,Education,SD-WAN,36,36,36,8,77.78,48.96,0.67
2025-10-01,CUST-023,Silverline Learning Trust,Bronze,Education,Business Voice (SIP),30,30,30,8,73.33,56.01,0.971
2025-10-01,CUST-023,Silverline Learning Trust,Bronze,Education,Dedicated Internet,47,47,47,9,80.85,41.36,0.592
2025-10-01,CUST-023,Silverline Learning Trust,Bronze,Education,Managed Cloud,37,37,37,5,86.49,37.99,0.509
2025-10-01,CUST-023,Silverline Learning Trust,Bronze,Education,MPLS WAN,18,18,18,4,77.78,74.19,0.64
2025-10-01,CUST-023,Silverline Learning Trust,Bronze,Education,Managed Security,24,24,24,2,91.67,34.27,0.435
2025-10-01,CUST-024,Cascadia Academy,Gold,Education,SD-WAN,22,22,22,4,81.82,23.41,0.665
2025-10-01,CUST-024,Cascadia Academy,Gold,Education,Managed Security,44,44,44,5,88.64,18.06,0.564
2025-10-01,CUST-024,Cascadia Academy,Gold,Education,Managed Cloud,44,44,44,6,86.36,22.44,0.615
2025-10-01,CUST-024,Cascadia Academy,Gold,Education,Business Voice (SIP),93,93,93,23,75.27,29.45,0.81
2025-10-01,CUST-024,Cascadia Academy,Gold,Education,MPLS WAN,13,13,13,5,61.54,45.35,0.939
2025-10-01,CUST-024,Cascadia Academy,Gold,Education,Dedicated Internet,85,85,85,16,81.18,21.2,0.672
2025-10-01,CUST-025,Cedar Marketplaces,Bronze,Retail,MPLS WAN,7,7,7,2,71.43,39.11,0.819
2025-10-01,CUST-025,Cedar Marketplaces,Bronze,Retail,SD-WAN,20,20,20,11,45.0,95.49,1.349
2025-10-01,CUST-026,Frontier Freight Lines,Gold,Logistics,Managed Cloud,53,53,53,9,83.02,18.23,0.723
2025-10-01,CUST-026,Frontier Freight Lines,Gold,Logistics,MPLS WAN,11,11,11,4,63.64,21.56,1.188
2025-10-01,CUST-026,Frontier Freight Lines,Gold,Logistics,Dedicated Internet,87,87,87,18,79.31,26.07,0.666
2025-10-01,CUST-026,Frontier Freight Lines,Gold,Logistics,SD-WAN,71,71,71,13,81.69,29.3,0.715
2025-10-01,CUST-026,Frontier Freight Lines,Gold,Logistics,Managed Security,29,29,29,3,89.66,15.41,0.455
2025-10-01,CUST-026,Frontier Freight Lines,Gold,Logistics,Business Voice (SIP),78,78,78,8,89.74,25.13,0.538
2025-10-01,CUST-027,Trillium Medical Centres,Bronze,Healthcare,Dedicated Internet,23,23,23,6,73.91,80.41,0.962
2025-10-01,CUST-027,Trillium Medical Centres,Bronze,Healthcare,Managed Security,11,11,11,0,100.0,41.09,0.483
2025-10-01,CUST-027,Trillium Medical Centres,Bronze,Healthcare,Managed Cloud,17,17,17,5,70.59,45.4,0.714
2025-10-01,CUST-027,Trillium Medical Centres,Bronze,Healthcare,Business Voice (SIP),10,10,10,3,70.0,53.73,1.068
2025-10-01,CUST-028,Beacon Pipelines,Bronze,Energy,Managed Security,8,8,8,2,75.0,61.5,0.63
2025-10-01,CUST-028,Beacon Pipelines,Bronze,Energy,MPLS WAN,5,5,5,2,60.0,86.49,0.953
2025-10-01,CUST-028,Beacon Pipelines,Bronze,Energy,Managed Cloud,15,15,15,1,93.33,66.04,0.615
2025-10-01,CUST-028,Beacon Pipelines,Bronze,Energy,Dedicated Internet,24,24,24,7,70.83,51.54,0.759
2025-10-01,CUST-028,Beacon Pipelines,Bronze,Energy,SD-WAN,16,16,16,7,56.25,66.81,1.039
2025-10-01,CUST-029,Pinecrest Energy,Bronze,Energy,Business Voice (SIP),4,4,4,0,100.0,67.29,0.498
2025-10-01,CUST-029,Pinecrest Energy,Bronze,Energy,Dedicated Internet,17,17,17,2,88.24,46.15,0.527
2025-10-01,CUST-029,Pinecrest Energy,Bronze,Energy,SD-WAN,15,15,15,1,93.33,46.74,0.505
2025-10-01,CUST-030,Summit Retail Group,Platinum,Retail,Managed Cloud,55,55,55,3,94.55,6.21,0.291
2025-10-01,CUST-030,Summit Retail Group,Platinum,Retail,Managed Security,51,51,51,4,92.16,5.23,0.462
2025-10-01,CUST-030,Summit Retail Group,Platinum,Retail,Business Voice (SIP),150,150,150,7,95.33,10.17,0.441
2025-10-01,CUST-030,Summit Retail Group,Platinum,Retail,SD-WAN,129,129,129,23,82.17,9.79,0.776
2025-10-01,CUST-030,Summit Retail Group,Platinum,Retail,MPLS WAN,50,50,50,6,88.0,10.91,0.964
2025-10-01,CUST-030,Summit Retail Group,Platinum,Retail,Dedicated Internet,77,77,77,5,93.51,6.46,0.399
2025-10-01,CUST-031,Crestview Pipelines,Silver,Energy,Business Voice (SIP),15,15,15,1,93.33,46.33,0.543
2025-10-01,CUST-031,Crestview Pipelines,Silver,Energy,Managed Cloud,11,11,11,0,100.0,16.55,0.318
2025-10-01,CUST-031,Crestview Pipelines,Silver,Energy,Managed Security,4,4,4,1,75.0,56.46,0.639
2025-10-01,CUST-031,Crestview Pipelines,Silver,Energy,SD-WAN,31,31,31,2,93.55,25.73,0.461
2025-10-01,CUST-031,Crestview Pipelines,Silver,Energy,Dedicated Internet,18,18,18,2,88.89,41.35,0.767
2025-10-01,CUST-032,Meridian Distribution,Platinum,Logistics,Business Voice (SIP),170,170,170,14,91.76,8.27,0.522
2025-10-01,CUST-032,Meridian Distribution,Platinum,Logistics,Managed Cloud,14,14,14,1,92.86,5.15,0.424
2025-10-01,CUST-032,Meridian Distribution,Platinum,Logistics,Managed Security,57,57,57,4,92.98,7.28,0.454
2025-10-01,CUST-032,Meridian Distribution,Platinum,Logistics,SD-WAN,98,98,98,12,87.76,14.58,0.68
2025-10-01,CUST-032,Meridian Distribution,Platinum,Logistics,MPLS WAN,11,11,11,3,72.73,14.92,1.454
2025-10-01,CUST-032,Meridian Distribution,Platinum,Logistics,Dedicated Internet,115,115,115,14,87.83,11.72,0.712
2025-10-01,CUST-033,Boreal Retail Group,Gold,Retail,MPLS WAN,33,33,33,2,93.94,15.84,0.447
2025-10-01,CUST-033,Boreal Retail Group,Gold,Retail,Dedicated Internet,35,35,35,2,94.29,22.84,0.4
2025-10-01,CUST-033,Boreal Retail Group,Gold,Retail,Business Voice (SIP),45,45,45,1,97.78,9.49,0.339
2025-10-01,CUST-033,Boreal Retail Group,Gold,Retail,Managed Cloud,30,30,30,2,93.33,11.16,0.352
2025-10-01,CUST-033,Boreal Retail Group,Gold,Retail,Managed Security,35,35,35,1,97.14,8.81,0.278
2025-10-01,CUST-033,Boreal Retail Group,Gold,Retail,SD-WAN,80,80,80,11,86.25,18.25,0.499
2025-10-01,CUST-034,Evergreen Stores Ltd.,Platinum,Retail,SD-WAN,71,71,71,21,70.42,14.37,0.919
2025-10-01,CUST-034,Evergreen Stores Ltd.,Platinum,Retail,MPLS WAN,14,14,14,3,78.57,15.48,0.598
2025-10-01,CUST-034,Evergreen Stores Ltd.,Platinum,Retail,Managed Cloud,7,7,7,1,85.71,2.58,0.362
2025-10-01,CUST-034,Evergreen Stores Ltd.,Platinum,Retail,Business Voice (SIP),76,76,76,11,85.53,14.0,0.581
2025-10-01,CUST-034,Evergreen Stores Ltd.,Platinum,Retail,Managed Security,31,31,31,2,93.55,7.95,0.419
2025-10-01,CUST-034,Evergreen Stores Ltd.,Platinum,Retail,Dedicated Internet,65,65,65,11,83.08,13.85,0.693
2025-10-01,CUST-035,Ridgeline Stores Ltd.,Gold,Retail,SD-WAN,78,78,78,17,78.21,20.5,0.768
2025-10-01,CUST-035,Ridgeline Stores Ltd.,Gold,Retail,Managed Security,3,3,3,0,100.0,13.1,0.203
2025-10-01,CUST-035,Ridgeline Stores Ltd.,Gold,Retail,Business Voice (SIP),53,53,53,1,98.11,15.81,0.419
2025-10-01,CUST-035,Ridgeline Stores Ltd.,Gold,Retail,Dedicated Internet,79,79,79,3,96.2,15.4,0.401
2025-10-01,CUST-035,Ridgeline Stores Ltd.,Gold,Retail,MPLS WAN,38,38,38,1,97.37,17.49,0.415
2025-10-01,CUST-036,Highland College,Platinum,Education,MPLS WAN,37,37,37,6,83.78,14.79,0.702
2025-10-01,CUST-036,Highland College,Platinum,Education,Managed Cloud,37,37,37,2,94.59,7.24,0.59
2025-10-01,CUST-036,Highland College,Platinum,Education,SD-WAN,75,75,75,8,89.33,10.99,0.611
2025-10-01,CUST-036,Highland College,Platinum,Education,Managed Security,25,25,25,2,92.0,5.13,0.783
2025-10-01,CUST-036,Highland College,Platinum,Education,Business Voice (SIP),105,105,105,12,88.57,12.03,0.543
2025-10-01,CUST-036,Highland College,Platinum,Education,Dedicated Internet,95,95,95,7,92.63,9.03,0.573
2025-10-01,CUST-037,Glacier Retail Group,Gold,Retail,Business Voice (SIP),58,58,58,8,86.21,35.84,0.646
2025-10-01,CUST-037,Glacier Retail Group,Gold,Retail,Managed Cloud,33,33,33,6,81.82,25.27,0.588
2025-10-01,CUST-037,Glacier Retail Group,Gold,Retail,MPLS WAN,45,45,45,8,82.22,24.76,0.666
2025-10-01,CUST-037,Glacier Retail Group,Gold,Retail,Dedicated Internet,111,111,111,12,89.19,19.87,0.608
2025-10-01,CUST-037,Glacier Retail Group,Gold,Retail,SD-WAN,66,66,66,14,78.79,23.99,0.764
2025-10-01,CUST-037,Glacier Retail Group,Gold,Retail,Managed Security,15,15,15,2,86.67,35.3,0.583
2025-10-01,CUST-038,Harbour Renewables,Silver,Energy,Dedicated Internet,50,50,50,8,84.0,29.54,0.622
2025-10-01,CUST-038,Harbour Renewables,Silver,Energy,Business Voice (SIP),12,12,12,3,75.0,21.93,0.706
2025-10-01,CUST-038,Harbour Renewables,Silver,Energy,MPLS WAN,29,29,29,4,86.21,39.1,0.628
2025-10-01,CUST-038,Harbour Renewables,Silver,Energy,SD-WAN,23,23,23,7,69.57,43.16,0.736
2025-10-01,CUST-038,Harbour Renewables,Silver,Energy,Managed Security,13,13,13,1,92.31,30.38,0.495
2025-10-01,CUST-038,Harbour Renewables,Silver,Energy,Managed Cloud,5,5,5,2,60.0,65.9,0.917
2025-10-01,CUST-039,Quarry Academy,Silver,Education,Dedicated Internet,71,71,71,7,90.14,21.74,0.417
2025-10-01,CUST-039,Quarry Academy,Silver,Education,SD-WAN,62,62,62,6,90.32,31.86,0.579
2025-10-01,CUST-039,Quarry Academy,Silver,Education,Managed Security,20,20,20,1,95.0,13.72,0.327
2025-10-01,CUST-039,Quarry Academy,Silver,Education,MPLS WAN,32,32,32,2,93.75,22.58,0.441
2025-10-01,CUST-039,Quarry Academy,Silver,Education,Business Voice (SIP),80,80,80,6,92.5,26.0,0.425
2025-10-01,CUST-039,Quarry Academy,Silver,Education,Managed Cloud,24,24,24,4,83.33,35.11,0.559
2025-10-01,CUST-040,Tundra Fabrication,Gold,Manufacturing,Dedicated Internet,58,58,58,4,93.1,20.09,0.462
2025-10-01,CUST-040,Tundra Fabrication,Gold,Manufacturing,Managed Security,14,14,14,2,85.71,10.33,0.594
2025-10-01,CUST-040,Tundra Fabrication,Gold,Manufacturing,MPLS WAN,3,3,3,0,100.0,17.83,0.474
2025-10-01,CUST-040,Tundra Fabrication,Gold,Manufacturing,Managed Cloud,14,14,14,0,100.0,11.91,0.334
2025-10-01,CUST-040,Tundra Fabrication,Gold,Manufacturing,SD-WAN,21,21,21,4,80.95,46.5,0.615
2025-10-01,CUST-040,Tundra Fabrication,Gold,Manufacturing,Business Voice (SIP),64,64,64,8,87.5,15.22,0.504
2025-11-01,CUST-001,Lakeview Health Network,Silver,Healthcare,MPLS WAN,24,24,24,2,91.67,20.14,0.549
2025-11-01,CUST-001,Lakeview Health Network,Silver,Healthcare,Managed Cloud,10,10,10,2,80.0,35.38,0.524
2025-11-01,CUST-001,Lakeview Health Network,Silver,Healthcare,Managed Security,5,5,5,1,80.0,47.53,0.524
2025-11-01,CUST-001,Lakeview Health Network,Silver,Healthcare,Dedicated Internet,34,34,34,0,100.0,20.77,0.322
2025-11-01,CUST-001,Lakeview Health Network,Silver,Healthcare,SD-WAN,4,4,4,0,100.0,24.05,0.398
2025-11-01,CUST-001,Lakeview Health Network,Silver,Healthcare,Business Voice (SIP),21,21,21,1,95.24,23.4,0.493
2025-11-01,CUST-002,Westgate Care Group,Silver,Healthcare,Managed Cloud,10,10,10,1,90.0,50.53,0.581
2025-11-01,CUST-002,Westgate Care Group,Silver,Healthcare,MPLS WAN,1,1,1,1,0.0,182.83,1.524
2025-11-01,CUST-002,Westgate Care Group,Silver,Healthcare,SD-WAN,3,3,3,0,100.0,9.31,0.397
2025-11-01,CUST-002,Westgate Care Group,Silver,Healthcare,Managed Security,1,1,1,0,100.0,11.49,0.16
2025-11-01,CUST-002,Westgate Care Group,Silver,Healthcare,Dedicated Internet,4,4,4,0,100.0,22.67,0.408
2025-11-01,CUST-002,Westgate Care Group,Silver,Healthcare,Business Voice (SIP),8,8,8,1,87.5,30.43,0.512
2025-11-01,CUST-003,Juniper Polytechnic,Platinum,Education,MPLS WAN,35,35,35,8,77.14,21.33,0.798
2025-11-01,CUST-003,Juniper Polytechnic,Platinum,Education,Managed Security,62,62,62,1,98.39,10.01,0.404
2025-11-01,CUST-003,Juniper Polytechnic,Platinum,Education,Dedicated Internet,126,126,126,20,84.13,14.87,0.832
2025-11-01,CUST-003,Juniper Polytechnic,Platinum,Education,Managed Cloud,27,27,27,1,96.3,16.09,0.519
2025-11-01,CUST-003,Juniper Polytechnic,Platinum,Education,SD-WAN,113,113,113,28,75.22,16.84,0.776
2025-11-01,CUST-003,Juniper Polytechnic,Platinum,Education,Business Voice (SIP),91,91,91,17,81.32,13.83,0.763
2025-11-01,CUST-004,Heritage College,Bronze,Education,MPLS WAN,10,10,10,3,70.0,80.76,0.797
2025-11-01,CUST-004,Heritage College,Bronze,Education,Managed Cloud,16,16,16,0,100.0,39.7,0.468
2025-11-01,CUST-004,Heritage College,Bronze,Education,Managed Security,20,20,20,2,90.0,69.11,0.618
2025-11-01,CUST-004,Heritage College,Bronze,Education,SD-WAN,31,31,31,7,77.42,53.91,0.769
2025-11-01,CUST-004,Heritage College,Bronze,Education,Dedicated Internet,33,33,33,2,93.94,30.75,0.432
2025-11-01,CUST-005,Bluewater Health Network,Silver,Healthcare,Managed Security,14,14,14,1,92.86,20.26,0.376
2025-11-01,CUST-005,Bluewater Health Network,Silver,Healthcare,Dedicated Internet,6,6,6,0,100.0,10.09,0.422
2025-11-01,CUST-005,Bluewater Health Network,Silver,Healthcare,Business Voice (SIP),44,44,44,6,86.36,31.79,0.58
2025-11-01,CUST-005,Bluewater Health Network,Silver,Healthcare,SD-WAN,28,28,28,5,82.14,24.73,0.615
2025-11-01,CUST-006,Northshore Utilities,Silver,Public Sector,SD-WAN,19,19,19,3,84.21,18.36,0.616
2025-11-01,CUST-006,Northshore Utilities,Silver,Public Sector,Managed Security,7,7,7,0,100.0,25.88,0.355
2025-11-01,CUST-006,Northshore Utilities,Silver,Public Sector,Dedicated Internet,29,29,29,5,82.76,28.93,0.596
2025-11-01,CUST-006,Northshore Utilities,Silver,Public Sector,Business Voice (SIP),40,40,40,5,87.5,35.67,0.629
2025-11-01,CUST-006,Northshore Utilities,Silver,Public Sector,MPLS WAN,4,4,4,0,100.0,12.8,0.445
2025-11-01,CUST-007,Ashford Renewables,Bronze,Energy,Managed Cloud,15,15,15,1,93.33,33.65,0.505
2025-11-01,CUST-007,Ashford Renewables,Bronze,Energy,Business Voice (SIP),3,3,3,0,100.0,70.61,0.521
2025-11-01,CUST-007,Ashford Renewables,Bronze,Energy,Dedicated Internet,13,13,13,4,69.23,55.56,1.069
2025-11-01,CUST-007,Ashford Renewables,Bronze,Energy,Managed Security,11,11,11,1,90.91,28.89,0.473
2025-11-01,CUST-007,Ashford Renewables,Bronze,Energy,SD-WAN,16,16,16,4,75.0,52.73,0.675
2025-11-01,CUST-008,Maple College,Gold,Education,Managed Cloud,26,26,26,2,92.31,22.4,0.452
2025-11-01,CUST-008,Maple College,Gold,Education,Managed Security,12,12,12,0,100.0,19.05,0.309
2025-11-01,CUST-008,Maple College,Gold,Education,Dedicated Internet,50,50,50,6,88.0,18.86,0.468
2025-11-01,CUST-008,Maple College,Gold,Education,MPLS WAN,20,20,20,0,100.0,14.26,0.356
2025-11-01,CUST-008,Maple College,Gold,Education,SD-WAN,38,38,38,1,97.37,16.02,0.479
2025-11-01,CUST-008,Maple College,Gold,Education,Business Voice (SIP),26,26,26,0,100.0,20.22,0.375
2025-11-01,CUST-009,Dominion Outfitters,Silver,Retail,Business Voice (SIP),33,33,33,2,93.94,29.26,0.544
2025-11-01,CUST-009,Dominion Outfitters,Silver,Retail,SD-WAN,18,18,18,4,77.78,30.41,0.64
2025-11-01,CUST-009,Dominion Outfitters,Silver,Retail,Managed Security,5,5,5,0,100.0,10.75,0.302
2025-11-01,CUST-009,Dominion Outfitters,Silver,Retail,Managed Cloud,12,12,12,3,75.0,33.58,0.563
2025-11-01,CUST-009,Dominion Outfitters,Silver,Retail,MPLS WAN,3,3,3,0,100.0,18.28,0.271
2025-11-01,CUST-009,Dominion Outfitters,Silver,Retail,Dedicated Internet,14,14,14,0,100.0,18.31,0.301
2025-11-01,CUST-010,Lighthouse Manufacturing,Gold,Manufacturing,Managed Cloud,36,36,36,4,88.89,15.88,0.465
2025-11-01,CUST-010,Lighthouse Manufacturing,Gold,Manufacturing,SD-WAN,62,62,62,8,87.1,17.18,0.539
2025-11-01,CUST-010,Lighthouse Manufacturing,Gold,Manufacturing,Managed Security,17,17,17,0,100.0,12.75,0.361
2025-11-01,CUST-010,Lighthouse Manufacturing,Gold,Manufacturing,MPLS WAN,43,43,43,6,86.05,20.06,0.571
2025-11-01,CUST-010,Lighthouse Manufacturing,Gold,Manufacturing,Business Voice (SIP),48,48,48,4,91.67,14.24,0.448
2025-11-01,CUST-010,Lighthouse Manufacturing,Gold,Manufacturing,Dedicated Internet,27,27,27,2,92.59,19.24,0.481
2025-11-01,CUST-011,Prairie Health Network,Silver,Healthcare,Managed Cloud,20,20,20,2,90.0,22.8,0.772
2025-11-01,CUST-011,Prairie Health Network,Silver,Healthcare,Business Voice (SIP),11,11,11,1,90.91,53.0,0.618
2025-11-01,CUST-011,Prairie Health Network,Silver,Healthcare,MPLS WAN,10,10,10,1,90.0,28.89,0.504
2025-11-01,CUST-011,Prairie Health Network,Silver,Healthcare,Managed Security,10,10,10,0,100.0,29.01,0.379
2025-11-01,CUST-011,Prairie Health Network,Silver,Healthcare,SD-WAN,33,33,33,5,84.85,27.34,0.627
2025-11-01,CUST-011,Prairie Health Network,Silver,Healthcare,Dedicated Internet,48,48,48,4,91.67,26.85,0.505
2025-11-01,CUST-012,Pioneer Freight Lines,Silver,Logistics,Managed Cloud,10,10,10,0,100.0,22.77,0.376
2025-11-01,CUST-012,Pioneer Freight Lines,Silver,Logistics,SD-WAN,88,88,88,31,64.77,48.29,1.027
2025-11-01,CUST-012,Pioneer Freight Lines,Silver,Logistics,Dedicated Internet,26,26,26,6,76.92,54.3,0.649
2025-11-01,CUST-012,Pioneer Freight Lines,Silver,Logistics,Managed Security,10,10,10,0,100.0,20.42,0.299
2025-11-01,CUST-012,Pioneer Freight Lines,Silver,Logistics,Business Voice (SIP),73,73,73,13,82.19,32.91,0.698
2025-11-01,CUST-013,Nordic School Board,Gold,Public Sector,Managed Cloud,43,43,43,3,93.02,10.95,0.381
2025-11-01,CUST-013,Nordic School Board,Gold,Public Sector,SD-WAN,51,51,51,7,86.27,30.41,0.662
2025-11-01,CUST-013,Nordic School Board,Gold,Public Sector,MPLS WAN,20,20,20,2,90.0,29.56,0.655
2025-11-01,CUST-013,Nordic School Board,Gold,Public Sector,Managed Security,27,27,27,3,88.89,9.76,0.42
2025-11-01,CUST-013,Nordic School Board,Gold,Public Sector,Dedicated Internet,22,22,22,7,68.18,18.05,0.79
2025-11-01,CUST-013,Nordic School Board,Gold,Public Sector,Business Voice (SIP),23,23,23,1,95.65,21.74,0.45
2025-11-01,CUST-014,Riverbend Polytechnic,Platinum,Education,Managed Cloud,31,31,31,4,87.1,9.86,0.48
2025-11-01,CUST-014,Riverbend Polytechnic,Platinum,Education,MPLS WAN,33,33,33,8,75.76,15.99,0.721
2025-11-01,CUST-014,Riverbend Polytechnic,Platinum,Education,SD-WAN,155,155,155,36,76.77,14.43,0.833
2025-11-01,CUST-014,Riverbend Polytechnic,Platinum,Education,Business Voice (SIP),104,104,104,17,83.65,14.74,0.616
2025-11-01,CUST-014,Riverbend Polytechnic,Platinum,Education,Managed Security,23,23,23,0,100.0,13.41,0.473
2025-11-01,CUST-014,Riverbend Polytechnic,Platinum,Education,Dedicated Internet,59,59,59,14,76.27,20.68,0.809
2025-11-01,CUST-015,Aurora Pharmacies,Platinum,Healthcare,SD-WAN,120,120,120,19,84.17,12.8,0.797
2025-11-01,CUST-015,Aurora Pharmacies,Platinum,Healthcare,Managed Cloud,54,54,54,4,92.59,10.77,0.446
2025-11-01,CUST-015,Aurora Pharmacies,Platinum,Healthcare,Dedicated Internet,103,103,103,14,86.41,9.64,0.498
2025-11-01,CUST-015,Aurora Pharmacies,Platinum,Healthcare,Business Voice (SIP),70,70,70,4,94.29,15.68,0.475
2025-11-01,CUST-015,Aurora Pharmacies,Platinum,Healthcare,Managed Security,31,31,31,2,93.55,15.0,0.684
2025-11-01,CUST-016,Redwood Learning Trust,Silver,Education,Business Voice (SIP),15,15,15,2,86.67,27.87,0.525
2025-11-01,CUST-016,Redwood Learning Trust,Silver,Education,SD-WAN,32,32,32,6,81.25,25.01,0.546
2025-11-01,CUST-016,Redwood Learning Trust,Silver,Education,MPLS WAN,9,9,9,0,100.0,16.72,0.301
2025-11-01,CUST-016,Redwood Learning Trust,Silver,Education,Managed Cloud,30,30,30,0,100.0,18.42,0.284
2025-11-01,CUST-016,Redwood Learning Trust,Silver,Education,Dedicated Internet,35,35,35,4,88.57,21.35,0.488
2025-11-01,CUST-016,Redwood Learning Trust,Silver,Education,Managed Security,5,5,5,0,100.0,25.49,0.308
2025-11-01,CUST-017,Coastal Energy,Gold,Energy,MPLS WAN,28,28,28,1,96.43,18.29,0.459
2025-11-01,CUST-017,Coastal Energy,Gold,Energy,Business Voice (SIP),63,63,63,10,84.13,18.16,0.602
2025-11-01,CUST-017,Coastal Energy,Gold,Energy,Dedicated Internet,43,43,43,2,95.35,22.34,0.489
2025-11-01,CUST-017,Coastal Energy,Gold,Energy,Managed Cloud,9,9,9,1,88.89,13.61,0.585
2025-11-01,CUST-017,Coastal Energy,Gold,Energy,Managed Security,3,3,3,1,66.67,6.34,2.437
2025-11-01,CUST-017,Coastal Energy,Gold,Energy,SD-WAN,48,48,48,10,79.17,25.19,0.624
2025-11-01,CUST-018,Granite Power Co-op,Gold,Energy,Managed Security,42,42,42,1,97.62,12.79,0.459
2025-11-01,CUST-018,Granite Power Co-op,Gold,Energy,Managed Cloud,9,9,9,1,88.89,11.78,0.466
2025-11-01,CUST-018,Granite Power Co-op,Gold,Energy,Business Voice (SIP),68,68,68,11,83.82,18.67,0.581
2025-11-01,CUST-018,Granite Power Co-op,Gold,Energy,Dedicated Internet,26,26,26,3,88.46,20.79,0.56
2025-11-01,CUST-018,Granite Power Co-op,Gold,Energy,MPLS WAN,61,61,61,8,86.89,23.21,0.575
2025-11-01,CUST-018,Granite Power Co-op,Gold,Energy,SD-WAN,56,56,56,12,78.57,17.3,0.681
2025-11-01,CUST-019,Stonebridge Regional Authority,Gold,Public Sector,MPLS WAN,36,36,36,2,94.44,20.39,0.534
2025-11-01,CUST-019,Stonebridge Regional Authority,Gold,Public Sector,Managed Cloud,21,21,21,0,100.0,23.96,0.419
2025-11-01,CUST-019,Stonebridge Regional Authority,Gold,Public Sector,Dedicated Internet,37,37,37,5,86.49,25.28,0.668
2025-11-01,CUST-019,Stonebridge Regional Authority,Gold,Public Sector,Managed Security,46,46,46,2,95.65,13.24,0.384
2025-11-01,CUST-019,Stonebridge Regional Authority,Gold,Public Sector,Business Voice (SIP),53,53,53,10,81.13,22.78,0.662
2025-11-01,CUST-019,Stonebridge Regional Authority,Gold,Public Sector,SD-WAN,77,77,77,7,90.91,16.84,0.571
2025-11-01,CUST-020,Orchard Distribution,Silver,Logistics,Managed Cloud,2,2,2,0,100.0,17.93,0.237
2025-11-01,CUST-020,Orchard Distribution,Silver,Logistics,Managed Security,6,6,6,0,100.0,17.79,0.357
2025-11-01,CUST-020,Orchard Distribution,Silver,Logistics,Dedicated Internet,23,23,23,3,86.96,39.82,0.635
2025-11-01,CUST-020,Orchard Distribution,Silver,Logistics,Business Voice (SIP),20,20,20,3,85.0,42.85,0.633
2025-11-01,CUST-020,Orchard Distribution,Silver,Logistics,MPLS WAN,3,3,3,0,100.0,28.68,0.22
2025-11-01,CUST-021,Keystone Distribution,Gold,Logistics,Managed Security,25,25,25,0,100.0,10.56,0.352
2025-11-01,CUST-021,Keystone Distribution,Gold,Logistics,SD-WAN,106,106,106,25,76.42,21.26,0.826
2025-11-01,CUST-021,Keystone Distribution,Gold,Logistics,MPLS WAN,15,15,15,6,60.0,58.74,1.339
2025-11-01,CUST-021,Keystone Distribution,Gold,Logistics,Managed Cloud,36,36,36,3,91.67,12.77,0.437
2025-11-01,CUST-021,Keystone Distribution,Gold,Logistics,Dedicated Internet,51,51,51,3,94.12,11.32,0.385
2025-11-01,CUST-021,Keystone Distribution,Gold,Logistics,Business Voice (SIP),56,56,56,5,91.07,20.32,0.559
2025-11-01,CUST-022,Ironwood Health Network,Silver,Healthcare,Managed Cloud,23,23,23,4,82.61,25.04,0.531
2025-11-01,CUST-022,Ironwood Health Network,Silver,Healthcare,MPLS WAN,8,8,8,1,87.5,20.3,0.545
2025-11-01,CUST-022,Ironwood Health Network,Silver,Healthcare,Business Voice (SIP),16,16,16,1,93.75,28.04,0.439
2025-11-01,CUST-022,Ironwood Health Network,Silver,Healthcare,SD-WAN,20,20,20,3,85.0,33.67,0.506
2025-11-01,CUST-022,Ironwood Health Network,Silver,Healthcare,Dedicated Internet,26,26,26,4,84.62,34.32,0.647
2025-11-01,CUST-023,Silverline Learning Trust,Bronze,Education,Dedicated Internet,29,29,29,5,82.76,35.21,0.668
2025-11-01,CUST-023,Silverline Learning Trust,Bronze,Education,Managed Security,25,25,25,4,84.0,31.45,0.468
2025-11-01,CUST-023,Silverline Learning Trust,Bronze,Education,MPLS WAN,18,18,18,5,72.22,76.16,0.781
2025-11-01,CUST-023,Silverline Learning Trust,Bronze,Education,Managed Cloud,34,34,34,4,88.24,25.42,0.477
2025-11-01,CUST-023,Silverline Learning Trust,Bronze,Education,SD-WAN,24,24,24,9,62.5,57.17,0.78
2025-11-01,CUST-023,Silverline Learning Trust,Bronze,Education,Business Voice (SIP),11,11,11,1,90.91,56.11,1.004
2025-11-01,CUST-024,Cascadia Academy,Gold,Education,SD-WAN,29,29,29,8,72.41,25.37,0.854
2025-11-01,CUST-024,Cascadia Academy,Gold,Education,Managed Cloud,58,58,58,8,86.21,21.99,0.669
2025-11-01,CUST-024,Cascadia Academy,Gold,Education,MPLS WAN,10,10,10,1,90.0,11.92,0.699
2025-11-01,CUST-024,Cascadia Academy,Gold,Education,Business Voice (SIP),77,77,77,18,76.62,32.93,0.78
2025-11-01,CUST-024,Cascadia Academy,Gold,Education,Dedicated Internet,69,69,69,11,84.06,22.73,0.703
2025-11-01,CUST-024,Cascadia Academy,Gold,Education,Managed Security,25,25,25,5,80.0,17.95,1.076
2025-11-01,CUST-025,Cedar Marketplaces,Bronze,Retail,MPLS WAN,9,9,9,5,44.44,103.39,1.038
2025-11-01,CUST-025,Cedar Marketplaces,Bronze,Retail,SD-WAN,25,25,25,7,72.0,59.26,0.893
2025-11-01,CUST-026,Frontier Freight Lines,Gold,Logistics,Dedicated Internet,67,67,67,6,91.04,24.37,0.561
2025-11-01,CUST-026,Frontier Freight Lines,Gold,Logistics,Business Voice (SIP),63,63,63,6,90.48,21.7,0.546
2025-11-01,CUST-026,Frontier Freight Lines,Gold,Logistics,Managed Security,29,29,29,1,96.55,15.69,0.374
2025-11-01,CUST-026,Frontier Freight Lines,Gold,Logistics,SD-WAN,75,75,75,10,86.67,23.08,0.67
2025-11-01,CUST-026,Frontier Freight Lines,Gold,Logistics,MPLS WAN,8,8,8,0,100.0,16.57,0.53
2025-11-01,CUST-026,Frontier Freight Lines,Gold,Logistics,Managed Cloud,46,46,46,3,93.48,15.65,0.491
2025-11-01,CUST-027,Trillium Medical Centres,Bronze,Healthcare,Business Voice (SIP),12,12,12,1,91.67,65.87,0.507
2025-11-01,CUST-027,Trillium Medical Centres,Bronze,Healthcare,Managed Security,20,20,20,1,95.0,42.08,0.504
2025-11-01,CUST-027,Trillium Medical Centres,Bronze,Healthcare,Dedicated Internet,21,21,21,10,52.38,103.98,0.927
2025-11-01,CUST-027,Trillium Medical Centres,Bronze,Healthcare,Managed Cloud,16,16,16,3,81.25,39.05,0.574
2025-11-01,CUST-028,Beacon Pipelines,Bronze,Energy,Managed Security,6,6,6,2,66.67,120.83,0.967
2025-11-01,CUST-028,Beacon Pipelines,Bronze,Energy,Dedicated Internet,21,21,21,5,76.19,62.08,0.848
2025-11-01,CUST-028,Beacon Pipelines,Bronze,Energy,SD-WAN,11,11,11,4,63.64,91.41,1.448
2025-11-01,CUST-028,Beacon Pipelines,Bronze,Energy,Managed Cloud,19,19,19,6,68.42,65.38,1.14
2025-11-01,CUST-028,Beacon Pipelines,Bronze,Energy,MPLS WAN,6,6,6,1,83.33,65.69,0.808
2025-11-01,CUST-029,Pinecrest Energy,Bronze,Energy,Business Voice (SIP),5,5,5,0,100.0,21.59,0.375
2025-11-01,CUST-029,Pinecrest Energy,Bronze,Energy,SD-WAN,2,2,2,0,100.0,84.21,0.728
2025-11-01,CUST-029,Pinecrest Energy,Bronze,Energy,Dedicated Internet,6,6,6,1,83.33,33.79,0.588
2025-11-01,CUST-030,Summit Retail Group,Platinum,Retail,Managed Security,43,43,43,1,97.67,3.87,0.318
2025-11-01,CUST-030,Summit Retail Group,Platinum,Retail,MPLS WAN,45,45,45,2,95.56,11.33,0.427
2025-11-01,CUST-030,Summit Retail Group,Platinum,Retail,Managed Cloud,47,47,47,4,91.49,7.79,0.414
2025-11-01,CUST-030,Summit Retail Group,Platinum,Retail,SD-WAN,149,149,149,14,90.6,8.61,0.457
2025-11-01,CUST-030,Summit Retail Group,Platinum,Retail,Dedicated Internet,74,74,74,2,97.3,5.99,0.349
2025-11-01,CUST-030,Summit Retail Group,Platinum,Retail,Business Voice (SIP),120,120,120,11,90.83,7.81,0.48
2025-11-01,CUST-031,Crestview Pipelines,Silver,Energy,Managed Cloud,11,11,11,0,100.0,33.67,0.388
2025-11-01,CUST-031,Crestview Pipelines,Silver,Energy,Managed Security,9,9,9,0,100.0,10.96,0.369
2025-11-01,CUST-031,Crestview Pipelines,Silver,Energy,Business Voice (SIP),12,12,12,2,83.33,33.38,0.635
2025-11-01,CUST-031,Crestview Pipelines,Silver,Energy,SD-WAN,32,32,32,3,90.63,26.43,0.482
2025-11-01,CUST-031,Crestview Pipelines,Silver,Energy,Dedicated Internet,9,9,9,3,66.67,42.96,1.093
2025-11-01,CUST-032,Meridian Distribution,Platinum,Logistics,Managed Cloud,15,15,15,1,93.33,21.05,0.422
2025-11-01,CUST-032,Meridian Distribution,Platinum,Logistics,MPLS WAN,9,9,9,2,77.78,11.43,0.749
2025-11-01,CUST-032,Meridian Distribution,Platinum,Logistics,Business Voice (SIP),129,129,129,11,91.47,10.41,0.625
2025-11-01,CUST-032,Meridian Distribution,Platinum,Logistics,Managed Security,56,56,56,3,94.64,11.39,0.437
2025-11-01,CUST-032,Meridian Distribution,Platinum,Logistics,Dedicated Internet,91,91,91,4,95.6,9.36,0.404
2025-11-01,CUST-032,Meridian Distribution,Platinum,Logistics,SD-WAN,109,109,109,17,84.4,12.91,0.816
2025-11-01,CUST-033,Boreal Retail Group,Gold,Retail,MPLS WAN,29,29,29,4,86.21,25.86,0.608
2025-11-01,CUST-033,Boreal Retail Group,Gold,Retail,Business Voice (SIP),58,58,58,4,93.1,16.11,0.535
2025-11-01,CUST-033,Boreal Retail Group,Gold,Retail,Dedicated Internet,51,51,51,7,86.27,18.58,0.501
2025-11-01,CUST-033,Boreal Retail Group,Gold,Retail,SD-WAN,85,85,85,9,89.41,20.46,0.551
2025-11-01,CUST-033,Boreal Retail Group,Gold,Retail,Managed Cloud,27,27,27,0,100.0,14.48,0.343
2025-11-01,CUST-033,Boreal Retail Group,Gold,Retail,Managed Security,41,41,41,2,95.12,12.14,0.391
2025-11-01,CUST-034,Evergreen Stores Ltd.,Platinum,Retail,MPLS WAN,25,25,25,7,72.0,12.66,0.811
2025-11-01,CUST-034,Evergreen Stores Ltd.,Platinum,Retail,SD-WAN,92,92,92,20,78.26,14.61,0.723
2025-11-01,CUST-034,Evergreen Stores Ltd.,Platinum,Retail,Managed Cloud,17,17,17,1,94.12,5.56,0.356
2025-11-01,CUST-034,Evergreen Stores Ltd.,Platinum,Retail,Managed Security,35,35,35,1,97.14,7.13,0.371
2025-11-01,CUST-034,Evergreen Stores Ltd.,Platinum,Retail,Dedicated Internet,54,54,54,8,85.19,10.14,0.623
2025-11-01,CUST-034,Evergreen Stores Ltd.,Platinum,Retail,Business Voice (SIP),60,60,60,17,71.67,15.98,0.792
2025-11-01,CUST-035,Ridgeline Stores Ltd.,Gold,Retail,MPLS WAN,22,22,22,2,90.91,13.21,0.522
2025-11-01,CUST-035,Ridgeline Stores Ltd.,Gold,Retail,SD-WAN,66,66,66,8,87.88,16.07,0.486
2025-11-01,CUST-035,Ridgeline Stores Ltd.,Gold,Retail,Managed Security,3,3,3,0,100.0,10.83,0.168
2025-11-01,CUST-035,Ridgeline Stores Ltd.,Gold,Retail,Business Voice (SIP),60,60,60,9,85.0,21.02,0.51
2025-11-01,CUST-035,Ridgeline Stores Ltd.,Gold,Retail,Dedicated Internet,75,75,75,5,93.33,14.25,0.467
2025-11-01,CUST-036,Highland College,Platinum,Education,Managed Cloud,50,50,50,3,94.0,8.21,0.539
2025-11-01,CUST-036,Highland College,Platinum,Education,Managed Security,37,37,37,1,97.3,7.38,0.338
2025-11-01,CUST-036,Highland College,Platinum,Education,Dedicated Internet,84,84,84,7,91.67,9.73,0.478
2025-11-01,CUST-036,Highland College,Platinum,Education,MPLS WAN,29,29,29,5,82.76,15.8,0.802
2025-11-01,CUST-036,Highland College,Platinum,Education,Business Voice (SIP),79,79,79,11,86.08,9.94,0.535
2025-11-01,CUST-036,Highland College,Platinum,Education,SD-WAN,70,70,70,16,77.14,15.76,0.712
2025-11-01,CUST-037,Glacier Retail Group,Gold,Retail,Managed Cloud,24,24,24,2,91.67,21.39,0.586
2025-11-01,CUST-037,Glacier Retail Group,Gold,Retail,SD-WAN,50,50,50,13,74.0,28.94,0.846
2025-11-01,CUST-037,Glacier Retail Group,Gold,Retail,Business Voice (SIP),39,39,39,11,71.79,37.73,0.811
2025-11-01,CUST-037,Glacier Retail Group,Gold,Retail,Dedicated Internet,89,89,89,15,83.15,22.7,0.612
2025-11-01,CUST-037,Glacier Retail Group,Gold,Retail,MPLS WAN,35,35,35,8,77.14,37.16,0.798
2025-11-01,CUST-037,Glacier Retail Group,Gold,Retail,Managed Security,11,11,11,2,81.82,24.75,0.524
2025-11-01,CUST-038,Harbour Renewables,Silver,Energy,Dedicated Internet,43,43,43,6,86.05,34.62,0.579
2025-11-01,CUST-038,Harbour Renewables,Silver,Energy,Managed Cloud,4,4,4,0,100.0,43.94,0.517
2025-11-01,CUST-038,Harbour Renewables,Silver,Energy,SD-WAN,23,23,23,5,78.26,28.21,0.659
2025-11-01,CUST-038,Harbour Renewables,Silver,Energy,MPLS WAN,29,29,29,2,93.1,30.45,0.525
2025-11-01,CUST-038,Harbour Renewables,Silver,Energy,Business Voice (SIP),17,17,17,2,88.24,39.53,0.63
2025-11-01,CUST-038,Harbour Renewables,Silver,Energy,Managed Security,8,8,8,1,87.5,13.66,1.238
2025-11-01,CUST-039,Quarry Academy,Silver,Education,Dedicated Internet,64,64,64,5,92.19,22.02,0.423
2025-11-01,CUST-039,Quarry Academy,Silver,Education,SD-WAN,62,62,62,4,93.55,26.72,0.542
2025-11-01,CUST-039,Quarry Academy,Silver,Education,Business Voice (SIP),77,77,77,7,90.91,25.09,0.492
2025-11-01,CUST-039,Quarry Academy,Silver,Education,Managed Cloud,10,10,10,1,90.0,12.88,0.565
2025-11-01,CUST-039,Quarry Academy,Silver,Education,MPLS WAN,25,25,25,2,92.0,27.4,0.464
2025-11-01,CUST-039,Quarry Academy,Silver,Education,Managed Security,16,16,16,3,81.25,22.05,0.574
2025-11-01,CUST-040,Tundra Fabrication,Gold,Manufacturing,Managed Cloud,17,17,17,2,88.24,12.85,0.404
2025-11-01,CUST-040,Tundra Fabrication,Gold,Manufacturing,Managed Security,14,14,14,0,100.0,8.96,0.325
2025-11-01,CUST-040,Tundra Fabrication,Gold,Manufacturing,MPLS WAN,2,2,2,1,50.0,41.71,1.025
2025-11-01,CUST-040,Tundra Fabrication,Gold,Manufacturing,Business Voice (SIP),40,40,40,2,95.0,10.51,0.351
2025-11-01,CUST-040,Tundra Fabrication,Gold,Manufacturing,Dedicated Internet,57,57,57,6,89.47,18.87,0.535
2025-11-01,CUST-040,Tundra Fabrication,Gold,Manufacturing,SD-WAN,20,20,20,7,65.0,27.37,0.698
2025-12-01,CUST-001,Lakeview Health Network,Silver,Healthcare,Business Voice (SIP),16,16,16,4,75.0,52.93,1.092
2025-12-01,CUST-001,Lakeview Health Network,Silver,Healthcare,MPLS WAN,20,20,20,1,95.0,27.75,0.481
2025-12-01,CUST-001,Lakeview Health Network,Silver,Healthcare,Dedicated Internet,38,38,38,6,84.21,25.18,0.546
2025-12-01,CUST-001,Lakeview Health Network,Silver,Healthcare,SD-WAN,4,4,4,0,100.0,3.63,0.153
2025-12-01,CUST-001,Lakeview Health Network,Silver,Healthcare,Managed Security,3,3,3,0,100.0,11.47,0.311
2025-12-01,CUST-001,Lakeview Health Network,Silver,Healthcare,Managed Cloud,8,8,8,0,100.0,36.38,0.489
2025-12-01,CUST-002,Westgate Care Group,Silver,Healthcare,SD-WAN,4,4,4,0,100.0,52.4,0.527
2025-12-01,CUST-002,Westgate Care Group,Silver,Healthcare,Dedicated Internet,5,5,5,1,80.0,31.03,0.805
2025-12-01,CUST-002,Westgate Care Group,Silver,Healthcare,Business Voice (SIP),2,2,2,0,100.0,23.93,0.372
2025-12-01,CUST-002,Westgate Care Group,Silver,Healthcare,Managed Cloud,14,14,14,2,85.71,43.29,0.625
2025-12-01,CUST-002,Westgate Care Group,Silver,Healthcare,MPLS WAN,8,8,8,4,50.0,37.48,1.208
2025-12-01,CUST-002,Westgate Care Group,Silver,Healthcare,Managed Security,2,2,2,0,100.0,20.14,0.335
2025-12-01,CUST-003,Juniper Polytechnic,Platinum,Education,Managed Security,55,55,55,8,85.45,10.42,0.593
2025-12-01,CUST-003,Juniper Polytechnic,Platinum,Education,SD-WAN,109,109,109,24,77.98,13.15,0.805
2025-12-01,CUST-003,Juniper Polytechnic,Platinum,Education,Dedicated Internet,139,139,139,19,86.33,10.47,0.657
2025-12-01,CUST-003,Juniper Polytechnic,Platinum,Education,MPLS WAN,32,32,32,10,68.75,21.93,0.786
2025-12-01,CUST-003,Juniper Polytechnic,Platinum,Education,Business Voice (SIP),165,165,165,78,52.73,13.77,1.419
2025-12-01,CUST-003,Juniper Polytechnic,Platinum,Education,Managed Cloud,23,23,23,1,95.65,11.29,0.454
2025-12-01,CUST-004,Heritage College,Bronze,Education,MPLS WAN,4,4,4,1,75.0,69.24,0.726
2025-12-01,CUST-004,Heritage College,Bronze,Education,Dedicated Internet,28,28,28,7,75.0,45.2,0.799
2025-12-01,CUST-004,Heritage College,Bronze,Education,SD-WAN,25,25,25,9,64.0,91.29,1.149
2025-12-01,CUST-004,Heritage College,Bronze,Education,Managed Security,13,13,13,1,92.31,34.32,0.499
2025-12-01,CUST-004,Heritage College,Bronze,Education,Managed Cloud,8,8,8,1,87.5,40.61,0.618
2025-12-01,CUST-005,Bluewater Health Network,Silver,Healthcare,Managed Security,9,9,9,1,88.89,13.05,0.462
2025-12-01,CUST-005,Bluewater Health Network,Silver,Healthcare,SD-WAN,31,31,31,7,77.42,30.42,0.783
2025-12-01,CUST-005,Bluewater Health Network,Silver,Healthcare,Business Voice (SIP),37,37,37,4,89.19,27.05,0.565
2025-12-01,CUST-005,Bluewater Health Network,Silver,Healthcare,Dedicated Internet,12,12,12,1,91.67,48.02,0.635
2025-12-01,CUST-006,Northshore Utilities,Silver,Public Sector,MPLS WAN,7,7,7,0,100.0,33.54,0.429
2025-12-01,CUST-006,Northshore Utilities,Silver,Public Sector,SD-WAN,32,32,32,6,81.25,33.11,0.636
2025-12-01,CUST-006,Northshore Utilities,Silver,Public Sector,Dedicated Internet,25,25,25,0,100.0,32.11,0.377
2025-12-01,CUST-006,Northshore Utilities,Silver,Public Sector,Business Voice (SIP),114,114,114,32,71.93,24.97,0.987
2025-12-01,CUST-006,Northshore Utilities,Silver,Public Sector,Managed Security,6,6,6,0,100.0,13.88,0.255
2025-12-01,CUST-007,Ashford Renewables,Bronze,Energy,Managed Cloud,7,7,7,2,71.43,24.84,0.713
2025-12-01,CUST-007,Ashford Renewables,Bronze,Energy,SD-WAN,11,11,11,5,54.55,125.96,0.974
2025-12-01,CUST-007,Ashford Renewables,Bronze,Energy,Dedicated Internet,14,14,14,1,92.86,22.39,0.423
2025-12-01,CUST-007,Ashford Renewables,Bronze,Energy,Managed Security,21,21,21,0,100.0,38.71,0.418
2025-12-01,CUST-007,Ashford Renewables,Bronze,Energy,Business Voice (SIP),18,18,18,9,50.0,25.52,1.376
2025-12-01,CUST-008,Maple College,Gold,Education,SD-WAN,35,35,35,7,80.0,21.99,0.666
2025-12-01,CUST-008,Maple College,Gold,Education,Dedicated Internet,44,44,44,4,90.91,18.56,0.448
2025-12-01,CUST-008,Maple College,Gold,Education,Managed Security,7,7,7,1,85.71,2.95,0.498
2025-12-01,CUST-008,Maple College,Gold,Education,Managed Cloud,22,22,22,1,95.45,10.76,0.319
2025-12-01,CUST-008,Maple College,Gold,Education,MPLS WAN,19,19,19,1,94.74,26.39,0.628
2025-12-01,CUST-008,Maple College,Gold,Education,Business Voice (SIP),49,49,49,8,83.67,11.88,0.725
2025-12-01,CUST-009,Dominion Outfitters,Silver,Retail,MPLS WAN,5,5,5,2,60.0,23.33,0.832
2025-12-01,CUST-009,Dominion Outfitters,Silver,Retail,Managed Cloud,9,9,9,2,77.78,61.6,0.882
2025-12-01,CUST-009,Dominion Outfitters,Silver,Retail,Managed Security,5,5,5,0,100.0,8.85,0.209
2025-12-01,CUST-009,Dominion Outfitters,Silver,Retail,SD-WAN,9,9,9,1,88.89,30.55,0.477
2025-12-01,CUST-009,Dominion Outfitters,Silver,Retail,Business Voice (SIP),33,33,33,4,87.88,38.29,0.586
2025-12-01,CUST-009,Dominion Outfitters,Silver,Retail,Dedicated Internet,6,6,6,0,100.0,25.1,0.442
2025-12-01,CUST-010,Lighthouse Manufacturing,Gold,Manufacturing,MPLS WAN,55,55,55,10,81.82,22.34,0.671
2025-12-01,CUST-010,Lighthouse Manufacturing,Gold,Manufacturing,Business Voice (SIP),31,31,31,5,83.87,24.93,0.671
2025-12-01,CUST-010,Lighthouse Manufacturing,Gold,Manufacturing,Managed Cloud,29,29,29,2,93.1,16.31,0.394
2025-12-01,CUST-010,Lighthouse Manufacturing,Gold,Manufacturing,Managed Security,17,17,17,0,100.0,11.36,0.382
2025-12-01,CUST-010,Lighthouse Manufacturing,Gold,Manufacturing,SD-WAN,47,47,47,4,91.49,16.64,0.6
2025-12-01,CUST-010,Lighthouse Manufacturing,Gold,Manufacturing,Dedicated Internet,34,34,34,5,85.29,15.9,0.534
2025-12-01,CUST-011,Prairie Health Network,Silver,Healthcare,Managed Cloud,11,11,11,1,90.91,13.69,0.46
2025-12-01,CUST-011,Prairie Health Network,Silver,Healthcare,MPLS WAN,15,15,15,1,93.33,31.89,0.538
2025-12-01,CUST-011,Prairie Health Network,Silver,Healthcare,SD-WAN,30,30,30,8,73.33,33.4,0.751
2025-12-01,CUST-011,Prairie Health Network,Silver,Healthcare,Business Voice (SIP),9,9,9,1,88.89,68.98,1.161
2025-12-01,CUST-011,Prairie Health Network,Silver,Healthcare,Managed Security,6,6,6,0,100.0,24.29,0.33
2025-12-01,CUST-011,Prairie Health Network,Silver,Healthcare,Dedicated Internet,46,46,46,4,91.3,24.1,0.506
2025-12-01,CUST-012,Pioneer Freight Lines,Silver,Logistics,Managed Security,9,9,9,1,88.89,59.01,0.628
2025-12-01,CUST-012,Pioneer Freight Lines,Silver,Logistics,Dedicated Internet,29,29,29,3,89.66,34.48,0.602
2025-12-01,CUST-012,Pioneer Freight Lines,Silver,Logistics,Managed Cloud,15,15,15,0,100.0,23.11,0.428
2025-12-01,CUST-012,Pioneer Freight Lines,Silver,Logistics,Business Voice (SIP),115,115,115,41,64.35,31.03,1.088
2025-12-01,CUST-012,Pioneer Freight Lines,Silver,Logistics,SD-WAN,83,83,83,27,67.47,43.16,0.96
2025-12-01,CUST-013,Nordic School Board,Gold,Public Sector,Managed Cloud,28,28,28,3,89.29,19.94,0.456
2025-12-01,CUST-013,Nordic School Board,Gold,Public Sector,Business Voice (SIP),37,37,37,11,70.27,8.94,0.883
2025-12-01,CUST-013,Nordic School Board,Gold,Public Sector,Managed Security,34,34,34,4,88.24,24.1,0.534
2025-12-01,CUST-013,Nordic School Board,Gold,Public Sector,SD-WAN,29,29,29,6,79.31,40.7,0.81
2025-12-01,CUST-013,Nordic School Board,Gold,Public Sector,MPLS WAN,21,21,21,4,80.95,27.17,0.901
2025-12-01,CUST-013,Nordic School Board,Gold,Public Sector,Dedicated Internet,23,23,23,2,91.3,18.52,0.506
2025-12-01,CUST-014,Riverbend Polytechnic,Platinum,Education,Dedicated Internet,57,57,57,6,89.47,10.94,0.473
2025-12-01,CUST-014,Riverbend Polytechnic,Platinum,Education,Managed Cloud,41,41,41,6,85.37,11.3,0.461
2025-12-01,CUST-014,Riverbend Polytechnic,Platinum,Education,MPLS WAN,32,32,32,11,65.63,17.65,0.924
2025-12-01,CUST-014,Riverbend Polytechnic,Platinum,Education,Managed Security,14,14,14,0,100.0,5.28,0.281
2025-12-01,CUST-014,Riverbend Polytechnic,Platinum,Education,Business Voice (SIP),315,315,315,132,58.1,9.33,1.381
2025-12-01,CUST-014,Riverbend Polytechnic,Platinum,Education,SD-WAN,134,134,134,36,73.13,14.35,0.924
2025-12-01,CUST-015,Aurora Pharmacies,Platinum,Healthcare,SD-WAN,115,115,115,13,88.7,12.35,0.559
2025-12-01,CUST-015,Aurora Pharmacies,Platinum,Healthcare,Dedicated Internet,103,103,103,7,93.2,8.5,0.446
2025-12-01,CUST-015,Aurora Pharmacies,Platinum,Healthcare,Business Voice (SIP),109,109,109,31,71.56,9.96,0.901
2025-12-01,CUST-015,Aurora Pharmacies,Platinum,Healthcare,Managed Security,32,32,32,3,90.63,10.33,0.413
2025-12-01,CUST-015,Aurora Pharmacies,Platinum,Healthcare,Managed Cloud,44,44,44,6,86.36,12.16,0.596
2025-12-01,CUST-016,Redwood Learning Trust,Silver,Education,Managed Cloud,20,20,20,0,100.0,18.26,0.281
2025-12-01,CUST-016,Redwood Learning Trust,Silver,Education,Managed Security,12,12,12,1,91.67,16.83,0.392
2025-12-01,CUST-016,Redwood Learning Trust,Silver,Education,MPLS WAN,8,8,8,0,100.0,24.04,0.319
2025-12-01,CUST-016,Redwood Learning Trust,Silver,Education,SD-WAN,37,37,37,5,86.49,27.05,0.664
2025-12-01,CUST-016,Redwood Learning Trust,Silver,Education,Dedicated Internet,35,35,35,3,91.43,24.26,0.525
2025-12-01,CUST-016,Redwood Learning Trust,Silver,Education,Business Voice (SIP),18,18,18,3,83.33,44.81,0.698
2025-12-01,CUST-017,Coastal Energy,Gold,Energy,Business Voice (SIP),50,50,50,14,72.0,16.13,0.849
2025-12-01,CUST-017,Coastal Energy,Gold,Energy,Managed Security,11,11,11,0,100.0,5.24,0.262
2025-12-01,CUST-017,Coastal Energy,Gold,Energy,MPLS WAN,27,27,27,4,85.19,19.9,0.573
2025-12-01,CUST-017,Coastal Energy,Gold,Energy,Managed Cloud,12,12,12,0,100.0,25.67,0.402
2025-12-01,CUST-017,Coastal Energy,Gold,Energy,Dedicated Internet,54,54,54,7,87.04,25.95,0.592
2025-12-01,CUST-017,Coastal Energy,Gold,Energy,SD-WAN,40,40,40,11,72.5,28.06,0.741
2025-12-01,CUST-018,Granite Power Co-op,Gold,Energy,Managed Security,33,33,33,1,96.97,11.89,0.386
2025-12-01,CUST-018,Granite Power Co-op,Gold,Energy,Business Voice (SIP),46,46,46,4,91.3,17.63,0.506
2025-12-01,CUST-018,Granite Power Co-op,Gold,Energy,MPLS WAN,60,60,60,6,90.0,24.66,0.612
2025-12-01,CUST-018,Granite Power Co-op,Gold,Energy,Managed Cloud,16,16,16,2,87.5,10.88,0.322
2025-12-01,CUST-018,Granite Power Co-op,Gold,Energy,SD-WAN,50,50,50,6,88.0,17.92,0.586
2025-12-01,CUST-018,Granite Power Co-op,Gold,Energy,Dedicated Internet,28,28,28,5,82.14,26.23,0.68
2025-12-01,CUST-019,Stonebridge Regional Authority,Gold,Public Sector,Business Voice (SIP),77,77,77,14,81.82,16.36,0.716
2025-12-01,CUST-019,Stonebridge Regional Authority,Gold,Public Sector,Managed Cloud,18,18,18,2,88.89,15.66,0.442
2025-12-01,CUST-019,Stonebridge Regional Authority,Gold,Public Sector,Managed Security,39,39,39,3,92.31,19.31,0.517
2025-12-01,CUST-019,Stonebridge Regional Authority,Gold,Public Sector,Dedicated Internet,43,43,43,4,90.7,22.6,0.496
2025-12-01,CUST-019,Stonebridge Regional Authority,Gold,Public Sector,MPLS WAN,46,46,46,11,76.09,35.72,0.836
2025-12-01,CUST-019,Stonebridge Regional Authority,Gold,Public Sector,SD-WAN,48,48,48,9,81.25,29.22,0.748
2025-12-01,CUST-020,Orchard Distribution,Silver,Logistics,Managed Cloud,4,4,4,0,100.0,57.43,0.643
2025-12-01,CUST-020,Orchard Distribution,Silver,Logistics,Business Voice (SIP),25,25,25,10,60.0,47.53,1.15
2025-12-01,CUST-020,Orchard Distribution,Silver,Logistics,Dedicated Internet,22,22,22,0,100.0,33.99,0.444
2025-12-01,CUST-020,Orchard Distribution,Silver,Logistics,MPLS WAN,5,5,5,2,60.0,64.46,0.861
2025-12-01,CUST-020,Orchard Distribution,Silver,Logistics,Managed Security,3,3,3,0,100.0,4.22,0.185
2025-12-01,CUST-021,Keystone Distribution,Gold,Logistics,Managed Cloud,30,30,30,2,93.33,21.08,0.474
2025-12-01,CUST-021,Keystone Distribution,Gold,Logistics,SD-WAN,101,101,101,10,90.1,25.88,0.573
2025-12-01,CUST-021,Keystone Distribution,Gold,Logistics,MPLS WAN,18,18,18,2,88.89,24.39,0.762
2025-12-01,CUST-021,Keystone Distribution,Gold,Logistics,Dedicated Internet,60,60,60,5,91.67,19.22,0.604
2025-12-01,CUST-021,Keystone Distribution,Gold,Logistics,Managed Security,47,47,47,3,93.62,11.22,0.401
2025-12-01,CUST-021,Keystone Distribution,Gold,Logistics,Business Voice (SIP),64,64,64,5,92.19,19.96,0.564
2025-12-01,CUST-022,Ironwood Health Network,Silver,Healthcare,SD-WAN,25,25,25,6,76.0,31.91,0.634
2025-12-01,CUST-022,Ironwood Health Network,Silver,Healthcare,Managed Cloud,11,11,11,1,90.91,13.32,0.391
2025-12-01,CUST-022,Ironwood Health Network,Silver,Healthcare,Dedicated Internet,32,32,32,2,93.75,23.26,0.448
2025-12-01,CUST-022,Ironwood Health Network,Silver,Healthcare,Business Voice (SIP),15,15,15,4,73.33,49.15,0.797
2025-12-01,CUST-022,Ironwood Health Network,Silver,Healthcare,MPLS WAN,4,4,4,1,75.0,52.08,0.837
2025-12-01,CUST-023,Silverline Learning Trust,Bronze,Education,MPLS WAN,12,12,12,2,83.33,42.37,0.516
2025-12-01,CUST-023,Silverline Learning Trust,Bronze,Education,Business Voice (SIP),79,79,79,25,68.35,43.48,1.187
2025-12-01,CUST-023,Silverline Learning Trust,Bronze,Education,Dedicated Internet,54,54,54,10,81.48,48.14,0.681
2025-12-01,CUST-023,Silverline Learning Trust,Bronze,Education,Managed Security,30,30,30,5,83.33,51.29,0.623
2025-12-01,CUST-023,Silverline Learning Trust,Bronze,Education,SD-WAN,37,37,37,10,72.97,70.9,0.797
2025-12-01,CUST-023,Silverline Learning Trust,Bronze,Education,Managed Cloud,21,21,21,3,85.71,28.48,0.597
2025-12-01,CUST-024,Cascadia Academy,Gold,Education,Business Voice (SIP),128,128,128,50,60.94,16.29,1.22
2025-12-01,CUST-024,Cascadia Academy,Gold,Education,MPLS WAN,10,10,10,3,70.0,17.66,0.755
2025-12-01,CUST-024,Cascadia Academy,Gold,Education,Managed Security,41,41,41,5,87.8,14.57,0.478
2025-12-01,CUST-024,Cascadia Academy,Gold,Education,SD-WAN,33,33,33,6,81.82,23.28,0.807
2025-12-01,CUST-024,Cascadia Academy,Gold,Education,Managed Cloud,51,51,51,7,86.27,25.5,0.694
2025-12-01,CUST-024,Cascadia Academy,Gold,Education,Dedicated Internet,88,88,88,21,76.14,36.38,0.896
2025-12-01,CUST-025,Cedar Marketplaces,Bronze,Retail,MPLS WAN,8,8,8,1,87.5,53.97,0.646
2025-12-01,CUST-025,Cedar Marketplaces,Bronze,Retail,SD-WAN,15,15,15,6,60.0,64.53,0.953
2025-12-01,CUST-026,Frontier Freight Lines,Gold,Logistics,MPLS WAN,5,5,5,0,100.0,11.02,0.241
2025-12-01,CUST-026,Frontier Freight Lines,Gold,Logistics,Dedicated Internet,77,77,77,9,88.31,20.29,0.674
2025-12-01,CUST-026,Frontier Freight Lines,Gold,Logistics,Managed Security,22,22,22,2,90.91,16.95,0.436
2025-12-01,CUST-026,Frontier Freight Lines,Gold,Logistics,SD-WAN,63,63,63,15,76.19,18.48,0.819
2025-12-01,CUST-026,Frontier Freight Lines,Gold,Logistics,Managed Cloud,38,38,38,10,73.68,15.83,1.018
2025-12-01,CUST-026,Frontier Freight Lines,Gold,Logistics,Business Voice (SIP),47,47,47,7,85.11,23.08,0.702
2025-12-01,CUST-027,Trillium Medical Centres,Bronze,Healthcare,Managed Cloud,12,12,12,2,83.33,40.44,0.582
2025-12-01,CUST-027,Trillium Medical Centres,Bronze,Healthcare,Managed Security,21,21,21,4,80.95,50.14,0.547
2025-12-01,CUST-027,Trillium Medical Centres,Bronze,Healthcare,Dedicated Internet,25,25,25,13,48.0,112.52,1.14
2025-12-01,CUST-027,Trillium Medical Centres,Bronze,Healthcare,Business Voice (SIP),10,10,10,2,80.0,89.47,0.868
2025-12-01,CUST-028,Beacon Pipelines,Bronze,Energy,Dedicated Internet,15,15,15,6,60.0,82.94,1.005
2025-12-01,CUST-028,Beacon Pipelines,Bronze,Energy,Managed Cloud,19,19,19,4,78.95,46.95,0.767
2025-12-01,CUST-028,Beacon Pipelines,Bronze,Energy,SD-WAN,14,14,14,5,64.29,46.38,1.027
2025-12-01,CUST-028,Beacon Pipelines,Bronze,Energy,MPLS WAN,6,6,6,3,50.0,101.4,1.44
2025-12-01,CUST-028,Beacon Pipelines,Bronze,Energy,Managed Security,9,9,9,2,77.78,69.98,0.939
2025-12-01,CUST-029,Pinecrest Energy,Bronze,Energy,Business Voice (SIP),16,16,16,8,50.0,22.55,1.095
2025-12-01,CUST-029,Pinecrest Energy,Bronze,Energy,SD-WAN,4,4,4,0,100.0,28.07,0.495
2025-12-01,CUST-029,Pinecrest Energy,Bronze,Energy,Dedicated Internet,9,9,9,3,66.67,31.15,0.703
2025-12-01,CUST-030,Summit Retail Group,Platinum,Retail,MPLS WAN,37,37,37,7,81.08,14.97,0.649
2025-12-01,CUST-030,Summit Retail Group,Platinum,Retail,Managed Security,33,33,33,5,84.85,7.53,0.471
2025-12-01,CUST-030,Summit Retail Group,Platinum,Retail,Managed Cloud,43,43,43,3,93.02,8.04,0.414
2025-12-01,CUST-030,Summit Retail Group,Platinum,Retail,SD-WAN,142,142,142,16,88.73,12.65,0.59
2025-12-01,CUST-030,Summit Retail Group,Platinum,Retail,Business Voice (SIP),171,171,171,26,84.8,7.13,0.723
2025-12-01,CUST-030,Summit Retail Group,Platinum,Retail,Dedicated Internet,50,50,50,4,92.0,12.55,0.409
2025-12-01,CUST-031,Crestview Pipelines,Silver,Energy,Business Voice (SIP),26,26,26,8,69.23,20.85,1.289
2025-12-01,CUST-031,Crestview Pipelines,Silver,Energy,Dedicated Internet,9,9,9,2,77.78,42.63,0.705
2025-12-01,CUST-031,Crestview Pipelines,Silver,Energy,SD-WAN,15,15,15,1,93.33,20.83,0.598
2025-12-01,CUST-031,Crestview Pipelines,Silver,Energy,Managed Security,4,4,4,1,75.0,34.25,0.631
2025-12-01,CUST-031,Crestview Pipelines,Silver,Energy,Managed Cloud,9,9,9,0,100.0,32.79,0.376
2025-12-01,CUST-032,Meridian Distribution,Platinum,Logistics,MPLS WAN,18,18,18,2,88.89,8.82,0.476
2025-12-01,CUST-032,Meridian Distribution,Platinum,Logistics,Dedicated Internet,90,90,90,10,88.89,8.75,0.538
2025-12-01,CUST-032,Meridian Distribution,Platinum,Logistics,Managed Security,52,52,52,3,94.23,6.75,0.433
2025-12-01,CUST-032,Meridian Distribution,Platinum,Logistics,SD-WAN,94,94,94,14,85.11,13.1,0.602
2025-12-01,CUST-032,Meridian Distribution,Platinum,Logistics,Managed Cloud,14,14,14,2,85.71,5.06,0.39
2025-12-01,CUST-032,Meridian Distribution,Platinum,Logistics,Business Voice (SIP),345,345,345,107,68.99,9.06,0.999
2025-12-01,CUST-033,Boreal Retail Group,Gold,Retail,Business Voice (SIP),110,110,110,23,79.09,14.11,0.805
2025-12-01,CUST-033,Boreal Retail Group,Gold,Retail,SD-WAN,51,51,51,8,84.31,19.85,0.548
2025-12-01,CUST-033,Boreal Retail Group,Gold,Retail,Managed Cloud,29,29,29,3,89.66,9.77,0.564
2025-12-01,CUST-033,Boreal Retail Group,Gold,Retail,MPLS WAN,39,39,39,4,89.74,18.17,0.532
2025-12-01,CUST-033,Boreal Retail Group,Gold,Retail,Dedicated Internet,42,42,42,3,92.86,16.86,0.469
2025-12-01,CUST-033,Boreal Retail Group,Gold,Retail,Managed Security,26,26,26,2,92.31,13.35,0.349
2025-12-01,CUST-034,Evergreen Stores Ltd.,Platinum,Retail,SD-WAN,69,69,69,15,78.26,15.61,0.682
2025-12-01,CUST-034,Evergreen Stores Ltd.,Platinum,Retail,Business Voice (SIP),129,129,129,63,51.16,16.04,1.486
2025-12-01,CUST-034,Evergreen Stores Ltd.,Platinum,Retail,Managed Security,20,20,20,2,90.0,12.03,0.52
2025-12-01,CUST-034,Evergreen Stores Ltd.,Platinum,Retail,Dedicated Internet,64,64,64,12,81.25,17.54,0.758
2025-12-01,CUST-034,Evergreen Stores Ltd.,Platinum,Retail,Managed Cloud,20,20,20,3,85.0,11.23,0.545
2025-12-01,CUST-034,Evergreen Stores Ltd.,Platinum,Retail,MPLS WAN,20,20,20,3,85.0,9.58,0.549
2025-12-01,CUST-035,Ridgeline Stores Ltd.,Gold,Retail,MPLS WAN,28,28,28,2,92.86,27.63,0.467
2025-12-01,CUST-035,Ridgeline Stores Ltd.,Gold,Retail,Dedicated Internet,72,72,72,6,91.67,20.58,0.544
2025-12-01,CUST-035,Ridgeline Stores Ltd.,Gold,Retail,Business Voice (SIP),44,44,44,6,86.36,24.32,0.645
2025-12-01,CUST-035,Ridgeline Stores Ltd.,Gold,Retail,SD-WAN,69,69,69,6,91.3,18.72,0.47
2025-12-01,CUST-035,Ridgeline Stores Ltd.,Gold,Retail,Managed Security,6,6,6,0,100.0,23.5,0.372
2025-12-01,CUST-036,Highland College,Platinum,Education,SD-WAN,71,71,71,13,81.69,11.79,0.685
2025-12-01,CUST-036,Highland College,Platinum,Education,MPLS WAN,32,32,32,3,90.63,6.32,0.613
2025-12-01,CUST-036,Highland College,Platinum,Education,Business Voice (SIP),233,233,233,86,63.09,8.99,1.257
2025-12-01,CUST-036,Highland College,Platinum,Education,Managed Cloud,45,45,45,6,86.67,7.84,0.51
2025-12-01,CUST-036,Highland College,Platinum,Education,Dedicated Internet,82,82,82,5,93.9,8.64,0.393
2025-12-01,CUST-036,Highland College,Platinum,Education,Managed Security,32,32,32,1,96.88,7.78,0.293
2025-12-01,CUST-037,Glacier Retail Group,Gold,Retail,Dedicated Internet,89,89,89,17,80.9,22.51,0.853
2025-12-01,CUST-037,Glacier Retail Group,Gold,Retail,Business Voice (SIP),66,66,66,17,74.24,19.2,0.824
2025-12-01,CUST-037,Glacier Retail Group,Gold,Retail,Managed Cloud,30,30,30,1,96.67,20.47,0.502
2025-12-01,CUST-037,Glacier Retail Group,Gold,Retail,MPLS WAN,43,43,43,7,83.72,30.22,0.759
2025-12-01,CUST-037,Glacier Retail Group,Gold,Retail,SD-WAN,52,52,52,13,75.0,27.24,0.749
2025-12-01,CUST-037,Glacier Retail Group,Gold,Retail,Managed Security,14,14,14,1,92.86,17.49,0.487
2025-12-01,CUST-038,Harbour Renewables,Silver,Energy,SD-WAN,16,16,16,3,81.25,27.7,0.564
2025-12-01,CUST-038,Harbour Renewables,Silver,Energy,MPLS WAN,31,31,31,3,90.32,33.65,0.489
2025-12-01,CUST-038,Harbour Renewables,Silver,Energy,Managed Security,6,6,6,1,83.33,48.74,0.664
2025-12-01,CUST-038,Harbour Renewables,Silver,Energy,Managed Cloud,5,5,5,0,100.0,55.62,0.769
2025-12-01,CUST-038,Harbour Renewables,Silver,Energy,Dedicated Internet,45,45,45,8,82.22,42.76,0.721
2025-12-01,CUST-038,Harbour Renewables,Silver,Energy,Business Voice (SIP),55,55,55,27,50.91,24.55,1.476
2025-12-01,CUST-039,Quarry Academy,Silver,Education,Business Voice (SIP),53,53,53,7,86.79,29.16,0.615
2025-12-01,CUST-039,Quarry Academy,Silver,Education,SD-WAN,54,54,54,2,96.3,25.48,0.431
2025-12-01,CUST-039,Quarry Academy,Silver,Education,Managed Cloud,16,16,16,1,93.75,25.7,0.376
2025-12-01,CUST-039,Quarry Academy,Silver,Education,Managed Security,8,8,8,1,87.5,12.85,0.391
2025-12-01,CUST-039,Quarry Academy,Silver,Education,MPLS WAN,27,27,27,2,92.59,13.57,0.426
2025-12-01,CUST-039,Quarry Academy,Silver,Education,Dedicated Internet,50,50,50,3,94.0,23.3,0.46
2025-12-01,CUST-040,Tundra Fabrication,Gold,Manufacturing,MPLS WAN,2,2,2,1,50.0,37.84,0.906
2025-12-01,CUST-040,Tundra Fabrication,Gold,Manufacturing,Dedicated Internet,60,60,60,6,90.0,20.26,0.52
2025-12-01,CUST-040,Tundra Fabrication,Gold,Manufacturing,SD-WAN,20,20,20,2,90.0,19.7,0.485
2025-12-01,CUST-040,Tundra Fabrication,Gold,Manufacturing,Managed Cloud,23,23,23,0,100.0,18.45,0.409
2025-12-01,CUST-040,Tundra Fabrication,Gold,Manufacturing,Managed Security,9,9,9,0,100.0,15.43,0.378
2025-12-01,CUST-040,Tundra Fabrication,Gold,Manufacturing,Business Voice (SIP),138,138,138,48,65.22,16.36,1.029
2026-01-01,CUST-001,Lakeview Health Network,Silver,Healthcare,Business Voice (SIP),18,18,18,3,83.33,18.78,0.582
2026-01-01,CUST-001,Lakeview Health Network,Silver,Healthcare,Dedicated Internet,43,43,43,2,95.35,23.4,0.398
2026-01-01,CUST-001,Lakeview Health Network,Silver,Healthcare,Managed Cloud,7,7,7,0,100.0,36.05,0.445
2026-01-01,CUST-001,Lakeview Health Network,Silver,Healthcare,Managed Security,6,6,6,2,66.67,20.85,0.653
2026-01-01,CUST-001,Lakeview Health Network,Silver,Healthcare,MPLS WAN,20,20,20,2,90.0,15.43,0.668
2026-01-01,CUST-001,Lakeview Health Network,Silver,Healthcare,SD-WAN,7,7,7,1,85.71,58.4,0.635
2026-01-01,CUST-002,Westgate Care Group,Silver,Healthcare,Managed Cloud,6,6,6,0,100.0,11.56,0.244
2026-01-01,CUST-002,Westgate Care Group,Silver,Healthcare,SD-WAN,12,12,12,2,83.33,20.73,0.487
2026-01-01,CUST-002,Westgate Care Group,Silver,Healthcare,Business Voice (SIP),8,8,8,1,87.5,23.62,0.482
2026-01-01,CUST-002,Westgate Care Group,Silver,Healthcare,Dedicated Internet,4,4,4,0,100.0,16.35,0.404
2026-01-01,CUST-002,Westgate Care Group,Silver,Healthcare,Managed Security,1,1,1,0,100.0,7.23,0.301
2026-01-01,CUST-002,Westgate Care Group,Silver,Healthcare,MPLS WAN,6,6,6,1,83.33,72.56,0.901
2026-01-01,CUST-003,Juniper Polytechnic,Platinum,Education,Managed Cloud,52,52,52,5,90.38,11.34,0.55
2026-01-01,CUST-003,Juniper Polytechnic,Platinum,Education,Business Voice (SIP),92,92,92,18,80.43,17.3,0.646
2026-01-01,CUST-003,Juniper Polytechnic,Platinum,Education,SD-WAN,126,126,126,32,74.6,14.0,0.824
2026-01-01,CUST-003,Juniper Polytechnic,Platinum,Education,Dedicated Internet,125,125,125,22,82.4,14.23,0.632
2026-01-01,CUST-003,Juniper Polytechnic,Platinum,Education,MPLS WAN,31,31,31,7,77.42,25.48,0.751
2026-01-01,CUST-003,Juniper Polytechnic,Platinum,Education,Managed Security,54,54,54,3,94.44,9.53,0.505
2026-01-01,CUST-004,Heritage College,Bronze,Education,Managed Security,10,10,10,5,50.0,131.47,1.247
2026-01-01,CUST-004,Heritage College,Bronze,Education,MPLS WAN,3,3,3,0,100.0,20.53,0.356
2026-01-01,CUST-004,Heritage College,Bronze,Education,Managed Cloud,12,12,12,2,83.33,48.92,0.706
2026-01-01,CUST-004,Heritage College,Bronze,Education,SD-WAN,35,35,35,8,77.14,77.23,0.744
2026-01-01,CUST-004,Heritage College,Bronze,Education,Dedicated Internet,33,33,33,9,72.73,67.71,0.957
2026-01-01,CUST-005,Bluewater Health Network,Silver,Healthcare,Dedicated Internet,10,10,10,1,90.0,24.25,0.475
2026-01-01,CUST-005,Bluewater Health Network,Silver,Healthcare,SD-WAN,35,35,35,5,85.71,34.76,0.561
2026-01-01,CUST-005,Bluewater Health Network,Silver,Healthcare,Business Voice (SIP),49,49,49,1,97.96,24.24,0.48
2026-01-01,CUST-005,Bluewater Health Network,Silver,Healthcare,Managed Security,11,11,11,0,100.0,32.9,0.407
2026-01-01,CUST-006,Northshore Utilities,Silver,Public Sector,Business Voice (SIP),60,60,60,7,88.33,25.66,0.483
2026-01-01,CUST-006,Northshore Utilities,Silver,Public Sector,SD-WAN,27,27,27,4,85.19,42.5,0.641
2026-01-01,CUST-006,Northshore Utilities,Silver,Public Sector,MPLS WAN,7,7,7,1,85.71,17.78,0.674
2026-01-01,CUST-006,Northshore Utilities,Silver,Public Sector,Dedicated Internet,41,41,41,1,97.56,24.49,0.377
2026-01-01,CUST-006,Northshore Utilities,Silver,Public Sector,Managed Security,4,4,4,0,100.0,23.62,0.284
2026-01-01,CUST-007,Ashford Renewables,Bronze,Energy,Managed Security,9,9,9,0,100.0,23.84,0.313
2026-01-01,CUST-007,Ashford Renewables,Bronze,Energy,SD-WAN,14,14,14,4,71.43,68.44,0.986
2026-01-01,CUST-007,Ashford Renewables,Bronze,Energy,Dedicated Internet,19,19,19,2,89.47,40.09,0.653
2026-01-01,CUST-007,Ashford Renewables,Bronze,Energy,Business Voice (SIP),7,7,7,1,85.71,88.88,0.897
2026-01-01,CUST-007,Ashford Renewables,Bronze,Energy,Managed Cloud,7,7,7,1,85.71,48.96,0.593
2026-01-01,CUST-008,Maple College,Gold,Education,Dedicated Internet,75,75,75,10,86.67,17.5,0.482
2026-01-01,CUST-008,Maple College,Gold,Education,Managed Cloud,19,19,19,2,89.47,17.37,0.878
2026-01-01,CUST-008,Maple College,Gold,Education,Business Voice (SIP),34,34,34,3,91.18,16.33,0.444
2026-01-01,CUST-008,Maple College,Gold,Education,SD-WAN,49,49,49,7,85.71,25.67,0.521
2026-01-01,CUST-008,Maple College,Gold,Education,Managed Security,6,6,6,0,100.0,6.32,0.158
2026-01-01,CUST-008,Maple College,Gold,Education,MPLS WAN,19,19,19,2,89.47,19.49,0.594
2026-01-01,CUST-009,Dominion Outfitters,Silver,Retail,Managed Cloud,11,11,11,1,90.91,18.28,0.32
2026-01-01,CUST-009,Dominion Outfitters,Silver,Retail,Business Voice (SIP),36,36,36,5,86.11,30.74,0.625
2026-01-01,CUST-009,Dominion Outfitters,Silver,Retail,SD-WAN,10,10,10,1,90.0,22.16,0.448
2026-01-01,CUST-009,Dominion Outfitters,Silver,Retail,Dedicated Internet,18,18,18,1,94.44,28.13,0.442
2026-01-01,CUST-009,Dominion Outfitters,Silver,Retail,MPLS WAN,5,5,5,1,80.0,25.02,0.923
2026-01-01,CUST-009,Dominion Outfitters,Silver,Retail,Managed Security,6,6,6,1,83.33,50.5,0.587
2026-01-01,CUST-010,Lighthouse Manufacturing,Gold,Manufacturing,Business Voice (SIP),58,58,58,6,89.66,16.65,0.643
2026-01-01,CUST-010,Lighthouse Manufacturing,Gold,Manufacturing,MPLS WAN,61,61,61,8,86.89,15.61,0.516
2026-01-01,CUST-010,Lighthouse Manufacturing,Gold,Manufacturing,SD-WAN,78,78,78,3,96.15,20.84,0.5
2026-01-01,CUST-010,Lighthouse Manufacturing,Gold,Manufacturing,Managed Cloud,28,28,28,4,85.71,11.11,0.462
2026-01-01,CUST-010,Lighthouse Manufacturing,Gold,Manufacturing,Managed Security,16,16,16,1,93.75,19.61,0.4
2026-01-01,CUST-010,Lighthouse Manufacturing,Gold,Manufacturing,Dedicated Internet,39,39,39,4,89.74,14.94,0.612
2026-01-01,CUST-011,Prairie Health Network,Silver,Healthcare,Managed Security,6,6,6,0,100.0,26.35,0.368
2026-01-01,CUST-011,Prairie Health Network,Silver,Healthcare,MPLS WAN,13,13,13,1,92.31,29.45,0.483
2026-01-01,CUST-011,Prairie Health Network,Silver,Healthcare,Dedicated Internet,53,53,53,5,90.57,25.15,0.521
2026-01-01,CUST-011,Prairie Health Network,Silver,Healthcare,Business Voice (SIP),11,11,11,1,90.91,26.34,0.44
2026-01-01,CUST-011,Prairie Health Network,Silver,Healthcare,SD-WAN,50,50,50,5,90.0,31.2,0.638
2026-01-01,CUST-011,Prairie Health Network,Silver,Healthcare,Managed Cloud,13,13,13,1,92.31,26.83,0.31
2026-01-01,CUST-012,Pioneer Freight Lines,Silver,Logistics,Managed Cloud,14,14,14,5,64.29,32.4,0.744
2026-01-01,CUST-012,Pioneer Freight Lines,Silver,Logistics,Managed Security,6,6,6,0,100.0,24.44,0.3
2026-01-01,CUST-012,Pioneer Freight Lines,Silver,Logistics,SD-WAN,114,114,114,28,75.44,40.11,0.879
2026-01-01,CUST-012,Pioneer Freight Lines,Silver,Logistics,Business Voice (SIP),69,69,69,13,81.16,34.93,0.702
2026-01-01,CUST-012,Pioneer Freight Lines,Silver,Logistics,Dedicated Internet,31,31,31,5,83.87,40.35,0.663
2026-01-01,CUST-013,Nordic School Board,Gold,Public Sector,SD-WAN,49,49,49,9,81.63,30.29,0.619
2026-01-01,CUST-013,Nordic School Board,Gold,Public Sector,Business Voice (SIP),32,32,32,4,87.5,25.65,0.712
2026-01-01,CUST-013,Nordic School Board,Gold,Public Sector,Dedicated Internet,30,30,30,5,83.33,19.85,0.477
2026-01-01,CUST-013,Nordic School Board,Gold,Public Sector,Managed Cloud,56,56,56,3,94.64,17.76,0.417
2026-01-01,CUST-013,Nordic School Board,Gold,Public Sector,Managed Security,22,22,22,0,100.0,17.37,0.29
2026-01-01,CUST-013,Nordic School Board,Gold,Public Sector,MPLS WAN,26,26,26,11,57.69,42.65,1.423
2026-01-01,CUST-014,Riverbend Polytechnic,Platinum,Education,Dedicated Internet,80,80,80,4,95.0,9.81,0.643
2026-01-01,CUST-014,Riverbend Polytechnic,Platinum,Education,Managed Cloud,43,43,43,3,93.02,9.92,0.498
2026-01-01,CUST-014,Riverbend Polytechnic,Platinum,Education,Business Voice (SIP),122,122,122,19,84.43,14.72,0.65
2026-01-01,CUST-014,Riverbend Polytechnic,Platinum,Education,SD-WAN,157,157,157,31,80.25,16.32,0.692
2026-01-01,CUST-014,Riverbend Polytechnic,Platinum,Education,MPLS WAN,42,42,42,11,73.81,19.78,0.751
2026-01-01,CUST-014,Riverbend Polytechnic,Platinum,Education,Managed Security,20,20,20,2,90.0,7.71,0.58
2026-01-01,CUST-015,Aurora Pharmacies,Platinum,Healthcare,Dedicated Internet,131,131,131,14,89.31,8.41,0.577
2026-01-01,CUST-015,Aurora Pharmacies,Platinum,Healthcare,Business Voice (SIP),76,76,76,8,89.47,11.46,0.67
2026-01-01,CUST-015,Aurora Pharmacies,Platinum,Healthcare,Managed Cloud,48,48,48,2,95.83,5.85,0.417
2026-01-01,CUST-015,Aurora Pharmacies,Platinum,Healthcare,Managed Security,33,33,33,3,90.91,7.82,0.475
2026-01-01,CUST-015,Aurora Pharmacies,Platinum,Healthcare,SD-WAN,154,154,154,17,88.96,9.82,0.559
2026-01-01,CUST-016,Redwood Learning Trust,Silver,Education,Managed Cloud,34,34,34,1,97.06,23.8,0.324
2026-01-01,CUST-016,Redwood Learning Trust,Silver,Education,Business Voice (SIP),12,12,12,0,100.0,31.46,0.405
2026-01-01,CUST-016,Redwood Learning Trust,Silver,Education,Dedicated Internet,46,46,46,2,95.65,22.6,0.386
2026-01-01,CUST-016,Redwood Learning Trust,Silver,Education,MPLS WAN,8,8,8,1,87.5,9.07,0.346
2026-01-01,CUST-016,Redwood Learning Trust,Silver,Education,SD-WAN,43,43,43,7,83.72,22.5,0.598
2026-01-01,CUST-016,Redwood Learning Trust,Silver,Education,Managed Security,15,15,15,0,100.0,13.63,0.227
2026-01-01,CUST-017,Coastal Energy,Gold,Energy,Business Voice (SIP),44,44,44,7,84.09,12.93,0.534
2026-01-01,CUST-017,Coastal Energy,Gold,Energy,Managed Security,13,13,13,1,92.31,17.76,0.732
2026-01-01,CUST-017,Coastal Energy,Gold,Energy,SD-WAN,56,56,56,6,89.29,19.78,0.591
2026-01-01,CUST-017,Coastal Energy,Gold,Energy,Managed Cloud,15,15,15,2,86.67,19.14,0.444
2026-01-01,CUST-017,Coastal Energy,Gold,Energy,MPLS WAN,33,33,33,2,93.94,21.56,0.607
2026-01-01,CUST-017,Coastal Energy,Gold,Energy,Dedicated Internet,60,60,60,8,86.67,26.69,0.588
2026-01-01,CUST-018,Granite Power Co-op,Gold,Energy,SD-WAN,52,52,52,14,73.08,28.6,0.763
2026-01-01,CUST-018,Granite Power Co-op,Gold,Energy,Managed Security,47,47,47,2,95.74,19.09,0.415
2026-01-01,CUST-018,Granite Power Co-op,Gold,Energy,Managed Cloud,30,30,30,3,90.0,16.38,0.594
2026-01-01,CUST-018,Granite Power Co-op,Gold,Energy,MPLS WAN,66,66,66,3,95.45,15.14,0.45
2026-01-01,CUST-018,Granite Power Co-op,Gold,Energy,Business Voice (SIP),76,76,76,9,88.16,16.63,0.549
2026-01-01,CUST-018,Granite Power Co-op,Gold,Energy,Dedicated Internet,21,21,21,3,85.71,17.74,0.523
2026-01-01,CUST-019,Stonebridge Regional Authority,Gold,Public Sector,MPLS WAN,50,50,50,9,82.0,15.55,0.677
2026-01-01,CUST-019,Stonebridge Regional Authority,Gold,Public Sector,Managed Security,51,51,51,3,94.12,15.58,0.407
2026-01-01,CUST-019,Stonebridge Regional Authority,Gold,Public Sector,Dedicated Internet,42,42,42,8,80.95,15.11,0.727
2026-01-01,CUST-019,Stonebridge Regional Authority,Gold,Public Sector,Managed Cloud,18,18,18,4,77.78,13.25,0.894
2026-01-01,CUST-019,Stonebridge Regional Authority,Gold,Public Sector,Business Voice (SIP),60,60,60,7,88.33,25.84,0.643
2026-01-01,CUST-019,Stonebridge Regional Authority,Gold,Public Sector,SD-WAN,68,68,68,15,77.94,24.65,0.703
2026-01-01,CUST-020,Orchard Distribution,Silver,Logistics,Managed Cloud,6,6,6,1,83.33,15.43,0.586
2026-01-01,CUST-020,Orchard Distribution,Silver,Logistics,Dedicated Internet,37,37,37,1,97.3,27.2,0.399
2026-01-01,CUST-020,Orchard Distribution,Silver,Logistics,MPLS WAN,1,1,1,0,100.0,23.05,0.961
2026-01-01,CUST-020,Orchard Distribution,Silver,Logistics,Business Voice (SIP),29,29,29,5,82.76,34.37,0.636
2026-01-01,CUST-020,Orchard Distribution,Silver,Logistics,Managed Security,3,3,3,0,100.0,26.29,0.409
2026-01-01,CUST-021,Keystone Distribution,Gold,Logistics,Managed Cloud,39,39,39,6,84.62,27.59,0.558
2026-01-01,CUST-021,Keystone Distribution,Gold,Logistics,Managed Security,39,39,39,1,97.44,12.42,0.345
2026-01-01,CUST-021,Keystone Distribution,Gold,Logistics,MPLS WAN,13,13,13,2,84.62,28.93,0.654
2026-01-01,CUST-021,Keystone Distribution,Gold,Logistics,Dedicated Internet,99,99,99,12,87.88,16.58,0.488
2026-01-01,CUST-021,Keystone Distribution,Gold,Logistics,Business Voice (SIP),57,57,57,12,78.95,19.73,0.711
2026-01-01,CUST-021,Keystone Distribution,Gold,Logistics,SD-WAN,112,112,112,9,91.96,15.26,0.523
2026-01-01,CUST-022,Ironwood Health Network,Silver,Healthcare,MPLS WAN,11,11,11,2,81.82,76.58,0.652
2026-01-01,CUST-022,Ironwood Health Network,Silver,Healthcare,Dedicated Internet,31,31,31,4,87.1,34.61,0.647
2026-01-01,CUST-022,Ironwood Health Network,Silver,Healthcare,Managed Cloud,18,18,18,1,94.44,25.92,0.455
2026-01-01,CUST-022,Ironwood Health Network,Silver,Healthcare,SD-WAN,33,33,33,5,84.85,38.34,0.799
2026-01-01,CUST-022,Ironwood Health Network,Silver,Healthcare,Business Voice (SIP),12,12,12,3,75.0,33.04,0.782
2026-01-01,CUST-023,Silverline Learning Trust,Bronze,Education,MPLS WAN,15,15,15,3,80.0,37.27,0.703
2026-01-01,CUST-023,Silverline Learning Trust,Bronze,Education,Managed Cloud,26,26,26,5,80.77,51.18,0.66
2026-01-01,CUST-023,Silverline Learning Trust,Bronze,Education,Dedicated Internet,45,45,45,7,84.44,52.73,0.605
2026-01-01,CUST-023,Silverline Learning Trust,Bronze,Education,SD-WAN,40,40,40,7,82.5,61.64,0.753
2026-01-01,CUST-023,Silverline Learning Trust,Bronze,Education,Business Voice (SIP),34,34,34,4,88.24,45.28,0.537
2026-01-01,CUST-023,Silverline Learning Trust,Bronze,Education,Managed Security,34,34,34,3,91.18,44.56,0.527
2026-01-01,CUST-024,Cascadia Academy,Gold,Education,Managed Security,38,38,38,6,84.21,23.07,0.909
2026-01-01,CUST-024,Cascadia Academy,Gold,Education,MPLS WAN,11,11,11,2,81.82,30.66,0.946
2026-01-01,CUST-024,Cascadia Academy,Gold,Education,Managed Cloud,63,63,63,10,84.13,24.66,0.666
2026-01-01,CUST-024,Cascadia Academy,Gold,Education,SD-WAN,35,35,35,10,71.43,20.66,0.745
2026-01-01,CUST-024,Cascadia Academy,Gold,Education,Dedicated Internet,123,123,123,29,76.42,25.83,0.749
2026-01-01,CUST-024,Cascadia Academy,Gold,Education,Business Voice (SIP),82,82,82,19,76.83,28.56,0.777
2026-01-01,CUST-025,Cedar Marketplaces,Bronze,Retail,MPLS WAN,6,6,6,2,66.67,66.64,0.883
2026-01-01,CUST-025,Cedar Marketplaces,Bronze,Retail,SD-WAN,18,18,18,6,66.67,68.27,1.004
2026-01-01,CUST-026,Frontier Freight Lines,Gold,Logistics,Managed Cloud,42,42,42,2,95.24,15.65,0.47
2026-01-01,CUST-026,Frontier Freight Lines,Gold,Logistics,Managed Security,27,27,27,4,85.19,20.31,0.633
2026-01-01,CUST-026,Frontier Freight Lines,Gold,Logistics,SD-WAN,71,71,71,8,88.73,25.04,0.684
2026-01-01,CUST-026,Frontier Freight Lines,Gold,Logistics,Dedicated Internet,97,97,97,9,90.72,23.78,0.58
2026-01-01,CUST-026,Frontier Freight Lines,Gold,Logistics,Business Voice (SIP),62,62,62,4,93.55,19.21,0.483
2026-01-01,CUST-026,Frontier Freight Lines,Gold,Logistics,MPLS WAN,6,6,6,0,100.0,15.41,0.37
2026-01-01,CUST-027,Trillium Medical Centres,Bronze,Healthcare,Business Voice (SIP),8,8,8,1,87.5,72.52,0.753
2026-01-01,CUST-027,Trillium Medical Centres,Bronze,Healthcare,Managed Security,19,19,19,1,94.74,43.36,0.543
2026-01-01,CUST-027,Trillium Medical Centres,Bronze,Healthcare,Dedicated Internet,18,18,18,7,61.11,78.85,1.122
2026-01-01,CUST-027,Trillium Medical Centres,Bronze,Healthcare,Managed Cloud,12,12,12,1,91.67,57.27,0.645
2026-01-01,CUST-028,Beacon Pipelines,Bronze,Energy,SD-WAN,8,8,8,3,62.5,91.13,1.041
2026-01-01,CUST-028,Beacon Pipelines,Bronze,Energy,Managed Security,10,10,10,3,70.0,75.18,0.783
2026-01-01,CUST-028,Beacon Pipelines,Bronze,Energy,Managed Cloud,8,8,8,3,62.5,102.43,1.098
2026-01-01,CUST-028,Beacon Pipelines,Bronze,Energy,MPLS WAN,3,3,3,0,100.0,30.22,0.473
2026-01-01,CUST-028,Beacon Pipelines,Bronze,Energy,Dedicated Internet,29,29,29,8,72.41,59.98,1.047
2026-01-01,CUST-029,Pinecrest Energy,Bronze,Energy,Business Voice (SIP),6,6,6,0,100.0,81.77,0.554
2026-01-01,CUST-029,Pinecrest Energy,Bronze,Energy,SD-WAN,8,8,8,1,87.5,45.78,0.516
2026-01-01,CUST-029,Pinecrest Energy,Bronze,Energy,Dedicated Internet,5,5,5,0,100.0,51.09,0.484
2026-01-01,CUST-030,Summit Retail Group,Platinum,Retail,Business Voice (SIP),147,147,147,10,93.2,7.45,0.489
2026-01-01,CUST-030,Summit Retail Group,Platinum,Retail,MPLS WAN,52,52,52,2,96.15,11.37,0.483
2026-01-01,CUST-030,Summit Retail Group,Platinum,Retail,Managed Security,36,36,36,3,91.67,5.17,0.424
2026-01-01,CUST-030,Summit Retail Group,Platinum,Retail,SD-WAN,166,166,166,25,84.94,10.37,0.605
2026-01-01,CUST-030,Summit Retail Group,Platinum,Retail,Dedicated Internet,77,77,77,7,90.91,6.89,0.424
2026-01-01,CUST-030,Summit Retail Group,Platinum,Retail,Managed Cloud,67,67,67,5,92.54,6.77,0.445
2026-01-01,CUST-031,Crestview Pipelines,Silver,Energy,Business Voice (SIP),14,14,14,2,85.71,27.29,0.513
2026-01-01,CUST-031,Crestview Pipelines,Silver,Energy,Dedicated Internet,11,11,11,0,100.0,28.71,0.45
2026-01-01,CUST-031,Crestview Pipelines,Silver,Energy,SD-WAN,33,33,33,4,87.88,30.17,0.588
2026-01-01,CUST-031,Crestview Pipelines,Silver,Energy,Managed Cloud,11,11,11,0,100.0,18.64,0.283
2026-01-01,CUST-031,Crestview Pipelines,Silver,Energy,Managed Security,6,6,6,0,100.0,25.48,0.429
2026-01-01,CUST-032,Meridian Distribution,Platinum,Logistics,SD-WAN,109,109,109,14,87.16,11.53,0.555
2026-01-01,CUST-032,Meridian Distribution,Platinum,Logistics,Business Voice (SIP),178,178,178,23,87.08,10.73,0.659
2026-01-01,CUST-032,Meridian Distribution,Platinum,Logistics,MPLS WAN,7,7,7,1,85.71,14.98,0.504
2026-01-01,CUST-032,Meridian Distribution,Platinum,Logistics,Managed Security,61,61,61,6,90.16,10.55,0.454
2026-01-01,CUST-032,Meridian Distribution,Platinum,Logistics,Dedicated Internet,95,95,95,8,91.58,8.7,0.505
2026-01-01,CUST-032,Meridian Distribution,Platinum,Logistics,Managed Cloud,17,17,17,0,100.0,7.64,0.294
2026-01-01,CUST-033,Boreal Retail Group,Gold,Retail,MPLS WAN,49,49,49,9,81.63,23.82,0.756
2026-01-01,CUST-033,Boreal Retail Group,Gold,Retail,Dedicated Internet,33,33,33,3,90.91,17.16,0.534
2026-01-01,CUST-033,Boreal Retail Group,Gold,Retail,Managed Cloud,35,35,35,2,94.29,18.36,0.385
2026-01-01,CUST-033,Boreal Retail Group,Gold,Retail,Managed Security,32,32,32,0,100.0,13.25,0.289
2026-01-01,CUST-033,Boreal Retail Group,Gold,Retail,SD-WAN,64,64,64,9,85.94,19.55,0.628
2026-01-01,CUST-033,Boreal Retail Group,Gold,Retail,Business Voice (SIP),66,66,66,4,93.94,20.9,0.552
2026-01-01,CUST-034,Evergreen Stores Ltd.,Platinum,Retail,Business Voice (SIP),62,62,62,13,79.03,15.86,0.637
2026-01-01,CUST-034,Evergreen Stores Ltd.,Platinum,Retail,Managed Cloud,22,22,22,4,81.82,9.52,0.588
2026-01-01,CUST-034,Evergreen Stores Ltd.,Platinum,Retail,Managed Security,40,40,40,4,90.0,5.2,0.527
2026-01-01,CUST-034,Evergreen Stores Ltd.,Platinum,Retail,Dedicated Internet,71,71,71,8,88.73,11.35,0.603
2026-01-01,CUST-034,Evergreen Stores Ltd.,Platinum,Retail,MPLS WAN,25,25,25,7,72.0,26.29,0.824
2026-01-01,CUST-034,Evergreen Stores Ltd.,Platinum,Retail,SD-WAN,94,94,94,25,73.4,16.58,0.838
2026-01-01,CUST-035,Ridgeline Stores Ltd.,Gold,Retail,Business Voice (SIP),62,62,62,5,91.94,17.16,0.471
2026-01-01,CUST-035,Ridgeline Stores Ltd.,Gold,Retail,Managed Security,4,4,4,1,75.0,18.32,1.438
2026-01-01,CUST-035,Ridgeline Stores Ltd.,Gold,Retail,MPLS WAN,26,26,26,2,92.31,16.75,0.487
2026-01-01,CUST-035,Ridgeline Stores Ltd.,Gold,Retail,Dedicated Internet,75,75,75,6,92.0,15.21,0.413
2026-01-01,CUST-035,Ridgeline Stores Ltd.,Gold,Retail,SD-WAN,68,68,68,7,89.71,23.37,0.779
2026-01-01,CUST-036,Highland College,Platinum,Education,MPLS WAN,23,23,23,4,82.61,7.28,0.658
2026-01-01,CUST-036,Highland College,Platinum,Education,SD-WAN,84,84,84,11,86.9,14.43,0.751
2026-01-01,CUST-036,Highland College,Platinum,Education,Dedicated Internet,89,89,89,12,86.52,10.63,0.615
2026-01-01,CUST-036,Highland College,Platinum,Education,Managed Cloud,60,60,60,9,85.0,10.93,0.712
2026-01-01,CUST-036,Highland College,Platinum,Education,Business Voice (SIP),95,95,95,9,90.53,9.78,0.589
2026-01-01,CUST-036,Highland College,Platinum,Education,Managed Security,27,27,27,2,92.59,6.0,0.448
2026-01-01,CUST-037,Glacier Retail Group,Gold,Retail,Business Voice (SIP),50,50,50,13,74.0,22.1,0.674
2026-01-01,CUST-037,Glacier Retail Group,Gold,Retail,Managed Security,9,9,9,1,88.89,11.77,0.487
2026-01-01,CUST-037,Glacier Retail Group,Gold,Retail,Managed Cloud,20,20,20,3,85.0,21.55,0.618
2026-01-01,CUST-037,Glacier Retail Group,Gold,Retail,SD-WAN,53,53,53,11,79.25,34.49,0.777
2026-01-01,CUST-037,Glacier Retail Group,Gold,Retail,MPLS WAN,46,46,46,7,84.78,20.0,0.651
2026-01-01,CUST-037,Glacier Retail Group,Gold,Retail,Dedicated Internet,121,121,121,20,83.47,24.71,0.677
2026-01-01,CUST-038,Harbour Renewables,Silver,Energy,Dedicated Internet,45,45,45,2,95.56,22.19,0.421
2026-01-01,CUST-038,Harbour Renewables,Silver,Energy,SD-WAN,24,24,24,6,75.0,31.34,0.75
2026-01-01,CUST-038,Harbour Renewables,Silver,Energy,MPLS WAN,25,25,25,5,80.0,23.37,0.536
2026-01-01,CUST-038,Harbour Renewables,Silver,Energy,Managed Security,15,15,15,0,100.0,14.54,0.316
2026-01-01,CUST-038,Harbour Renewables,Silver,Energy,Business Voice (SIP),15,15,15,3,80.0,38.76,0.749
2026-01-01,CUST-038,Harbour Renewables,Silver,Energy,Managed Cloud,4,4,4,0,100.0,9.28,0.161
2026-01-01,CUST-039,Quarry Academy,Silver,Education,Business Voice (SIP),70,70,70,4,94.29,22.85,0.473
2026-01-01,CUST-039,Quarry Academy,Silver,Education,Managed Cloud,15,15,15,0,100.0,24.31,0.324
2026-01-01,CUST-039,Quarry Academy,Silver,Education,Managed Security,16,16,16,1,93.75,18.64,0.345
2026-01-01,CUST-039,Quarry Academy,Silver,Education,MPLS WAN,31,31,31,2,93.55,34.28,0.504
2026-01-01,CUST-039,Quarry Academy,Silver,Education,Dedicated Internet,74,74,74,3,95.95,22.93,0.328
2026-01-01,CUST-039,Quarry Academy,Silver,Education,SD-WAN,85,85,85,9,89.41,30.32,0.613
2026-01-01,CUST-040,Tundra Fabrication,Gold,Manufacturing,Business Voice (SIP),67,67,67,10,85.07,22.18,0.685
2026-01-01,CUST-040,Tundra Fabrication,Gold,Manufacturing,SD-WAN,20,20,20,2,90.0,26.33,0.678
2026-01-01,CUST-040,Tundra Fabrication,Gold,Manufacturing,MPLS WAN,4,4,4,2,50.0,22.63,1.914
2026-01-01,CUST-040,Tundra Fabrication,Gold,Manufacturing,Dedicated Internet,75,75,75,7,90.67,14.08,0.442
2026-01-01,CUST-040,Tundra Fabrication,Gold,Manufacturing,Managed Cloud,17,17,17,0,100.0,15.41,0.36
2026-01-01,CUST-040,Tundra Fabrication,Gold,Manufacturing,Managed Security,11,11,11,0,100.0,18.1,0.294
2026-02-01,CUST-001,Lakeview Health Network,Silver,Healthcare,Business Voice (SIP),10,10,10,2,80.0,44.19,0.647
2026-02-01,CUST-001,Lakeview Health Network,Silver,Healthcare,Dedicated Internet,33,33,33,5,84.85,25.12,0.552
2026-02-01,CUST-001,Lakeview Health Network,Silver,Healthcare,Managed Security,2,2,2,0,100.0,47.56,0.396
2026-02-01,CUST-001,Lakeview Health Network,Silver,Healthcare,SD-WAN,2,2,2,0,100.0,29.75,0.303
2026-02-01,CUST-001,Lakeview Health Network,Silver,Healthcare,Managed Cloud,6,6,6,2,66.67,29.77,0.562
2026-02-01,CUST-001,Lakeview Health Network,Silver,Healthcare,MPLS WAN,19,19,19,2,89.47,33.72,0.603
2026-02-01,CUST-002,Westgate Care Group,Silver,Healthcare,Managed Cloud,12,12,12,1,91.67,22.67,0.356
2026-02-01,CUST-002,Westgate Care Group,Silver,Healthcare,Business Voice (SIP),9,9,9,3,66.67,30.8,0.714
2026-02-01,CUST-002,Westgate Care Group,Silver,Healthcare,Managed Security,4,4,4,1,75.0,43.78,0.632
2026-02-01,CUST-002,Westgate Care Group,Silver,Healthcare,SD-WAN,6,6,6,2,66.67,46.53,0.676
2026-02-01,CUST-002,Westgate Care Group,Silver,Healthcare,Dedicated Internet,8,8,8,3,62.5,65.41,1.131
2026-02-01,CUST-002,Westgate Care Group,Silver,Healthcare,MPLS WAN,1,1,1,0,100.0,13.44,0.56
2026-02-01,CUST-003,Juniper Polytechnic,Platinum,Education,Managed Security,55,55,55,6,89.09,10.65,0.532
2026-02-01,CUST-003,Juniper Polytechnic,Platinum,Education,SD-WAN,86,86,86,15,82.56,15.53,0.747
2026-02-01,CUST-003,Juniper Polytechnic,Platinum,Education,MPLS WAN,29,29,29,7,75.86,30.53,0.818
2026-02-01,CUST-003,Juniper Polytechnic,Platinum,Education,Business Voice (SIP),70,70,70,13,81.43,15.24,0.675
2026-02-01,CUST-003,Juniper Polytechnic,Platinum,Education,Managed Cloud,35,35,35,4,88.57,15.59,0.56
2026-02-01,CUST-003,Juniper Polytechnic,Platinum,Education,Dedicated Internet,153,153,153,24,84.31,13.14,0.662
2026-02-01,CUST-004,Heritage College,Bronze,Education,MPLS WAN,8,8,8,3,62.5,59.41,0.779
2026-02-01,CUST-004,Heritage College,Bronze,Education,SD-WAN,28,28,28,6,78.57,66.72,0.711
2026-02-01,CUST-004,Heritage College,Bronze,Education,Managed Security,18,18,18,2,88.89,33.15,0.564
2026-02-01,CUST-004,Heritage College,Bronze,Education,Managed Cloud,16,16,16,8,50.0,98.94,1.183
2026-02-01,CUST-004,Heritage College,Bronze,Education,Dedicated Internet,32,32,32,7,78.13,53.42,0.683
2026-02-01,CUST-005,Bluewater Health Network,Silver,Healthcare,Business Voice (SIP),36,36,36,2,94.44,28.13,0.532
2026-02-01,CUST-005,Bluewater Health Network,Silver,Healthcare,Managed Security,16,16,16,1,93.75,25.14,0.481
2026-02-01,CUST-005,Bluewater Health Network,Silver,Healthcare,Dedicated Internet,9,9,9,2,77.78,27.81,0.643
2026-02-01,CUST-005,Bluewater Health Network,Silver,Healthcare,SD-WAN,33,33,33,5,84.85,37.31,0.645
2026-02-01,CUST-006,Northshore Utilities,Silver,Public Sector,Dedicated Internet,30,30,30,6,80.0,22.35,0.522
2026-02-01,CUST-006,Northshore Utilities,Silver,Public Sector,MPLS WAN,4,4,4,1,75.0,20.8,0.855
2026-02-01,CUST-006,Northshore Utilities,Silver,Public Sector,SD-WAN,32,32,32,8,75.0,44.75,0.817
2026-02-01,CUST-006,Northshore Utilities,Silver,Public Sector,Managed Security,1,1,1,0,100.0,18.14,0.252
2026-02-01,CUST-006,Northshore Utilities,Silver,Public Sector,Business Voice (SIP),53,53,53,7,86.79,25.66,0.489
2026-02-01,CUST-007,Ashford Renewables,Bronze,Energy,Managed Cloud,10,10,10,1,90.0,58.05,0.61
2026-02-01,CUST-007,Ashford Renewables,Bronze,Energy,Business Voice (SIP),9,9,9,1,88.89,49.12,0.585
2026-02-01,CUST-007,Ashford Renewables,Bronze,Energy,SD-WAN,15,15,15,6,60.0,59.71,1.095
2026-02-01,CUST-007,Ashford Renewables,Bronze,Energy,Managed Security,12,12,12,1,91.67,44.31,0.502
2026-02-01,CUST-007,Ashford Renewables,Bronze,Energy,Dedicated Internet,20,20,20,4,80.0,56.02,0.637
2026-02-01,CUST-008,Maple College,Gold,Education,SD-WAN,52,52,52,3,94.23,12.54,0.507
2026-02-01,CUST-008,Maple College,Gold,Education,Managed Security,5,5,5,0,100.0,11.05,0.27
2026-02-01,CUST-008,Maple College,Gold,Education,MPLS WAN,19,19,19,2,89.47,18.48,0.498
2026-02-01,CUST-008,Maple College,Gold,Education,Managed Cloud,25,25,25,2,92.0,24.23,0.591
2026-02-01,CUST-008,Maple College,Gold,Education,Dedicated Internet,59,59,59,1,98.31,16.84,0.405
2026-02-01,CUST-008,Maple College,Gold,Education,Business Voice (SIP),29,29,29,3,89.66,16.78,0.451
2026-02-01,CUST-009,Dominion Outfitters,Silver,Retail,Managed Cloud,9,9,9,0,100.0,38.12,0.471
2026-02-01,CUST-009,Dominion Outfitters,Silver,Retail,SD-WAN,11,11,11,3,72.73,42.7,0.74
2026-02-01,CUST-009,Dominion Outfitters,Silver,Retail,Managed Security,8,8,8,0,100.0,39.93,0.44
2026-02-01,CUST-009,Dominion Outfitters,Silver,Retail,Business Voice (SIP),38,38,38,1,97.37,22.94,0.438
2026-02-01,CUST-009,Dominion Outfitters,Silver,Retail,Dedicated Internet,21,21,21,1,95.24,27.01,0.439
2026-02-01,CUST-009,Dominion Outfitters,Silver,Retail,MPLS WAN,1,1,1,0,100.0,33.44,0.464
2026-02-01,CUST-010,Lighthouse Manufacturing,Gold,Manufacturing,SD-WAN,56,56,56,10,82.14,19.72,0.724
2026-02-01,CUST-010,Lighthouse Manufacturing,Gold,Manufacturing,Business Voice (SIP),45,45,45,5,88.89,22.2,0.627
2026-02-01,CUST-010,Lighthouse Manufacturing,Gold,Manufacturing,Managed Cloud,27,27,27,2,92.59,11.47,0.391
2026-02-01,CUST-010,Lighthouse Manufacturing,Gold,Manufacturing,MPLS WAN,41,41,41,3,92.68,14.52,0.464
2026-02-01,CUST-010,Lighthouse Manufacturing,Gold,Manufacturing,Dedicated Internet,28,28,28,0,100.0,18.15,0.432
2026-02-01,CUST-010,Lighthouse Manufacturing,Gold,Manufacturing,Managed Security,22,22,22,2,90.91,10.05,0.335
2026-02-01,CUST-011,Prairie Health Network,Silver,Healthcare,Managed Security,7,7,7,0,100.0,13.44,0.346
2026-02-01,CUST-011,Prairie Health Network,Silver,Healthcare,Dedicated Internet,39,39,39,2,94.87,25.66,0.451
2026-02-01,CUST-011,Prairie Health Network,Silver,Healthcare,MPLS WAN,11,11,11,3,72.73,35.17,0.895
2026-02-01,CUST-011,Prairie Health Network,Silver,Healthcare,Business Voice (SIP),9,9,9,3,66.67,45.51,0.703
2026-02-01,CUST-011,Prairie Health Network,Silver,Healthcare,Managed Cloud,4,4,4,1,75.0,54.51,0.658
2026-02-01,CUST-011,Prairie Health Network,Silver,Healthcare,SD-WAN,36,36,36,16,55.56,31.28,0.931
2026-02-01,CUST-012,Pioneer Freight Lines,Silver,Logistics,Business Voice (SIP),68,68,68,11,83.82,43.81,0.847
2026-02-01,CUST-012,Pioneer Freight Lines,Silver,Logistics,SD-WAN,84,84,84,26,69.05,43.79,0.893
2026-02-01,CUST-012,Pioneer Freight Lines,Silver,Logistics,Managed Security,9,9,9,1,88.89,42.79,0.516
2026-02-01,CUST-012,Pioneer Freight Lines,Silver,Logistics,Managed Cloud,16,16,16,2,87.5,29.75,0.577
2026-02-01,CUST-012,Pioneer Freight Lines,Silver,Logistics,Dedicated Internet,36,36,36,7,80.56,28.79,0.562
2026-02-01,CUST-013,Nordic School Board,Gold,Public Sector,SD-WAN,58,58,58,10,82.76,22.17,0.689
2026-02-01,CUST-013,Nordic School Board,Gold,Public Sector,Managed Cloud,42,42,42,3,92.86,17.97,0.457
2026-02-01,CUST-013,Nordic School Board,Gold,Public Sector,MPLS WAN,18,18,18,2,88.89,30.35,0.716
2026-02-01,CUST-013,Nordic School Board,Gold,Public Sector,Managed Security,28,28,28,1,96.43,10.59,0.358
2026-02-01,CUST-013,Nordic School Board,Gold,Public Sector,Dedicated Internet,26,26,26,1,96.15,16.84,0.461
2026-02-01,CUST-013,Nordic School Board,Gold,Public Sector,Business Voice (SIP),19,19,19,3,84.21,22.38,0.532
2026-02-01,CUST-014,Riverbend Polytechnic,Platinum,Education,Business Voice (SIP),107,107,107,15,85.98,10.21,0.594
2026-02-01,CUST-014,Riverbend Polytechnic,Platinum,Education,Dedicated Internet,76,76,76,15,80.26,11.34,0.685
2026-02-01,CUST-014,Riverbend Polytechnic,Platinum,Education,Managed Security,18,18,18,2,88.89,17.24,0.53
2026-02-01,CUST-014,Riverbend Polytechnic,Platinum,Education,Managed Cloud,32,32,32,5,84.38,13.06,0.681
2026-02-01,CUST-014,Riverbend Polytechnic,Platinum,Education,SD-WAN,136,136,136,21,84.56,14.87,0.852
2026-02-01,CUST-014,Riverbend Polytechnic,Platinum,Education,MPLS WAN,31,31,31,3,90.32,13.05,0.631
2026-02-01,CUST-015,Aurora Pharmacies,Platinum,Healthcare,Business Voice (SIP),66,66,66,2,96.97,9.4,0.454
2026-02-01,CUST-015,Aurora Pharmacies,Platinum,Healthcare,Dedicated Internet,116,116,116,9,92.24,10.48,0.464
2026-02-01,CUST-015,Aurora Pharmacies,Platinum,Healthcare,Managed Security,28,28,28,1,96.43,13.63,0.459
2026-02-01,CUST-015,Aurora Pharmacies,Platinum,Healthcare,Managed Cloud,49,49,49,0,100.0,6.11,0.379
2026-02-01,CUST-015,Aurora Pharmacies,Platinum,Healthcare,SD-WAN,140,140,140,16,88.57,14.33,0.706
2026-02-01,CUST-016,Redwood Learning Trust,Silver,Education,SD-WAN,29,29,29,1,96.55,29.25,0.397
2026-02-01,CUST-016,Redwood Learning Trust,Silver,Education,MPLS WAN,9,9,9,0,100.0,20.37,0.387
2026-02-01,CUST-016,Redwood Learning Trust,Silver,Education,Managed Security,13,13,13,1,92.31,13.14,0.286
2026-02-01,CUST-016,Redwood Learning Trust,Silver,Education,Managed Cloud,30,30,30,1,96.67,13.53,0.33
2026-02-01,CUST-016,Redwood Learning Trust,Silver,Education,Dedicated Internet,36,36,36,0,100.0,20.25,0.316
2026-02-01,CUST-016,Redwood Learning Trust,Silver,Education,Business Voice (SIP),10,10,10,1,90.0,37.21,0.52
2026-02-01,CUST-017,Coastal Energy,Gold,Energy,Managed Cloud,17,17,17,0,100.0,6.8,0.288
2026-02-01,CUST-017,Coastal Energy,Gold,Energy,Managed Security,7,7,7,0,100.0,17.72,0.375
2026-02-01,CUST-017,Coastal Energy,Gold,Energy,Business Voice (SIP),58,58,58,8,86.21,20.78,0.555
2026-02-01,CUST-017,Coastal Energy,Gold,Energy,MPLS WAN,21,21,21,1,95.24,13.17,0.462
2026-02-01,CUST-017,Coastal Energy,Gold,Energy,SD-WAN,42,42,42,6,85.71,21.72,0.564
2026-02-01,CUST-017,Coastal Energy,Gold,Energy,Dedicated Internet,56,56,56,8,85.71,16.42,0.54
2026-02-01,CUST-018,Granite Power Co-op,Gold,Energy,SD-WAN,50,50,50,8,84.0,23.63,0.61
2026-02-01,CUST-018,Granite Power Co-op,Gold,Energy,Business Voice (SIP),73,73,73,11,84.93,18.14,0.539
2026-02-01,CUST-018,Granite Power Co-op,Gold,Energy,Dedicated Internet,28,28,28,1,96.43,14.69,0.406
2026-02-01,CUST-018,Granite Power Co-op,Gold,Energy,Managed Cloud,10,10,10,0,100.0,29.4,0.436
2026-02-01,CUST-018,Granite Power Co-op,Gold,Energy,Managed Security,42,42,42,1,97.62,9.42,0.429
2026-02-01,CUST-018,Granite Power Co-op,Gold,Energy,MPLS WAN,66,66,66,1,98.48,16.95,0.423
2026-02-01,CUST-019,Stonebridge Regional Authority,Gold,Public Sector,Dedicated Internet,43,43,43,5,88.37,18.89,0.491
2026-02-01,CUST-019,Stonebridge Regional Authority,Gold,Public Sector,MPLS WAN,43,43,43,7,83.72,29.81,0.695
2026-02-01,CUST-019,Stonebridge Regional Authority,Gold,Public Sector,Managed Cloud,18,18,18,1,94.44,15.27,0.511
2026-02-01,CUST-019,Stonebridge Regional Authority,Gold,Public Sector,Managed Security,40,40,40,3,92.5,25.77,0.491
2026-02-01,CUST-019,Stonebridge Regional Authority,Gold,Public Sector,Business Voice (SIP),71,71,71,9,87.32,18.05,0.568
2026-02-01,CUST-019,Stonebridge Regional Authority,Gold,Public Sector,SD-WAN,62,62,62,9,85.48,32.71,0.658
2026-02-01,CUST-020,Orchard Distribution,Silver,Logistics,MPLS WAN,2,2,2,0,100.0,49.45,0.546
2026-02-01,CUST-020,Orchard Distribution,Silver,Logistics,Managed Security,3,3,3,0,100.0,18.03,0.339
2026-02-01,CUST-020,Orchard Distribution,Silver,Logistics,Managed Cloud,6,6,6,0,100.0,26.64,0.467
2026-02-01,CUST-020,Orchard Distribution,Silver,Logistics,Dedicated Internet,28,28,28,3,89.29,29.35,0.539
2026-02-01,CUST-020,Orchard Distribution,Silver,Logistics,Business Voice (SIP),24,24,24,2,91.67,25.59,0.48
2026-02-01,CUST-021,Keystone Distribution,Gold,Logistics,Dedicated Internet,65,65,65,7,89.23,17.69,0.487
2026-02-01,CUST-021,Keystone Distribution,Gold,Logistics,Business Voice (SIP),46,46,46,6,86.96,20.3,0.627
2026-02-01,CUST-021,Keystone Distribution,Gold,Logistics,Managed Cloud,46,46,46,5,89.13,17.44,0.507
2026-02-01,CUST-021,Keystone Distribution,Gold,Logistics,SD-WAN,105,105,105,21,80.0,21.85,0.694
2026-02-01,CUST-021,Keystone Distribution,Gold,Logistics,MPLS WAN,14,14,14,3,78.57,21.28,0.516
2026-02-01,CUST-021,Keystone Distribution,Gold,Logistics,Managed Security,39,39,39,1,97.44,27.07,0.442
2026-02-01,CUST-022,Ironwood Health Network,Silver,Healthcare,MPLS WAN,15,15,15,1,93.33,29.67,0.598
2026-02-01,CUST-022,Ironwood Health Network,Silver,Healthcare,SD-WAN,19,19,19,4,78.95,34.95,0.589
2026-02-01,CUST-022,Ironwood Health Network,Silver,Healthcare,Managed Cloud,16,16,16,1,93.75,13.97,0.44
2026-02-01,CUST-022,Ironwood Health Network,Silver,Healthcare,Dedicated Internet,16,16,16,3,81.25,24.2,0.735
2026-02-01,CUST-022,Ironwood Health Network,Silver,Healthcare,Business Voice (SIP),17,17,17,6,64.71,40.27,0.82
2026-02-01,CUST-023,Silverline Learning Trust,Bronze,Education,SD-WAN,36,36,36,10,72.22,60.1,0.851
2026-02-01,CUST-023,Silverline Learning Trust,Bronze,Education,Managed Security,27,27,27,7,74.07,43.86,0.607
2026-02-01,CUST-023,Silverline Learning Trust,Bronze,Education,Managed Cloud,22,22,22,1,95.45,30.61,0.461
2026-02-01,CUST-023,Silverline Learning Trust,Bronze,Education,Business Voice (SIP),25,25,25,7,72.0,56.93,0.821
2026-02-01,CUST-023,Silverline Learning Trust,Bronze,Education,Dedicated Internet,39,39,39,5,87.18,55.8,0.547
2026-02-01,CUST-023,Silverline Learning Trust,Bronze,Education,MPLS WAN,16,16,16,1,93.75,42.27,0.54
2026-02-01,CUST-024,Cascadia Academy,Gold,Education,Business Voice (SIP),70,70,70,12,82.86,25.49,0.677
2026-02-01,CUST-024,Cascadia Academy,Gold,Education,Managed Cloud,53,53,53,12,77.36,20.38,0.806
2026-02-01,CUST-024,Cascadia Academy,Gold,Education,SD-WAN,33,33,33,15,54.55,46.58,1.012
2026-02-01,CUST-024,Cascadia Academy,Gold,Education,Managed Security,17,17,17,2,88.24,10.28,0.526
2026-02-01,CUST-024,Cascadia Academy,Gold,Education,Dedicated Internet,108,108,108,32,70.37,29.41,0.889
2026-02-01,CUST-024,Cascadia Academy,Gold,Education,MPLS WAN,9,9,9,3,66.67,20.53,0.907
2026-02-01,CUST-025,Cedar Marketplaces,Bronze,Retail,MPLS WAN,6,6,6,0,100.0,60.73,0.659
2026-02-01,CUST-025,Cedar Marketplaces,Bronze,Retail,SD-WAN,14,14,14,6,57.14,84.32,1.049
2026-02-01,CUST-026,Frontier Freight Lines,Gold,Logistics,Managed Security,21,21,21,2,90.48,18.39,0.407
2026-02-01,CUST-026,Frontier Freight Lines,Gold,Logistics,Managed Cloud,40,40,40,5,87.5,15.43,0.603
2026-02-01,CUST-026,Frontier Freight Lines,Gold,Logistics,Dedicated Internet,92,92,92,11,88.04,23.36,0.574
2026-02-01,CUST-026,Frontier Freight Lines,Gold,Logistics,Business Voice (SIP),60,60,60,10,83.33,22.36,0.635
2026-02-01,CUST-026,Frontier Freight Lines,Gold,Logistics,MPLS WAN,8,8,8,1,87.5,20.93,0.476
2026-02-01,CUST-026,Frontier Freight Lines,Gold,Logistics,SD-WAN,54,54,54,12,77.78,23.96,0.805
2026-02-01,CUST-027,Trillium Medical Centres,Bronze,Healthcare,Managed Security,17,17,17,1,94.12,46.11,0.523
2026-02-01,CUST-027,Trillium Medical Centres,Bronze,Healthcare,Dedicated Internet,26,26,26,9,65.38,50.15,1.174
2026-02-01,CUST-027,Trillium Medical Centres,Bronze,Healthcare,Business Voice (SIP),8,8,8,3,62.5,43.74,0.774
2026-02-01,CUST-027,Trillium Medical Centres,Bronze,Healthcare,Managed Cloud,17,17,17,3,82.35,44.22,0.549
2026-02-01,CUST-028,Beacon Pipelines,Bronze,Energy,Managed Security,10,10,10,2,80.0,32.09,0.509
2026-02-01,CUST-028,Beacon Pipelines,Bronze,Energy,Managed Cloud,19,19,19,3,84.21,59.3,0.769
2026-02-01,CUST-028,Beacon Pipelines,Bronze,Energy,MPLS WAN,5,5,5,0,100.0,46.81,0.423
2026-02-01,CUST-028,Beacon Pipelines,Bronze,Energy,SD-WAN,13,13,13,7,46.15,108.77,1.158
2026-02-01,CUST-028,Beacon Pipelines,Bronze,Energy,Dedicated Internet,21,21,21,8,61.9,52.02,0.812
2026-02-01,CUST-029,Pinecrest Energy,Bronze,Energy,Business Voice (SIP),5,5,5,1,80.0,21.82,0.493
2026-02-01,CUST-029,Pinecrest Energy,Bronze,Energy,Dedicated Internet,8,8,8,0,100.0,52.85,0.472
2026-02-01,CUST-029,Pinecrest Energy,Bronze,Energy,SD-WAN,8,8,8,0,100.0,27.37,0.317
2026-02-01,CUST-030,Summit Retail Group,Platinum,Retail,Business Voice (SIP),138,138,138,10,92.75,10.18,0.493
2026-02-01,CUST-030,Summit Retail Group,Platinum,Retail,SD-WAN,149,149,149,16,89.26,9.2,0.558
2026-02-01,CUST-030,Summit Retail Group,Platinum,Retail,Dedicated Internet,62,62,62,7,88.71,9.47,0.702
2026-02-01,CUST-030,Summit Retail Group,Platinum,Retail,Managed Cloud,51,51,51,3,94.12,8.34,0.419
2026-02-01,CUST-030,Summit Retail Group,Platinum,Retail,Managed Security,50,50,50,3,94.0,5.47,0.33
2026-02-01,CUST-030,Summit Retail Group,Platinum,Retail,MPLS WAN,43,43,43,4,90.7,9.8,0.517
2026-02-01,CUST-031,Crestview Pipelines,Silver,Energy,SD-WAN,24,24,24,4,83.33,33.78,0.611
2026-02-01,CUST-031,Crestview Pipelines,Silver,Energy,Business Voice (SIP),15,15,15,1,93.33,26.97,0.418
2026-02-01,CUST-031,Crestview Pipelines,Silver,Energy,Managed Cloud,10,10,10,0,100.0,10.65,0.396
2026-02-01,CUST-031,Crestview Pipelines,Silver,Energy,Managed Security,3,3,3,0,100.0,69.68,0.645
2026-02-01,CUST-031,Crestview Pipelines,Silver,Energy,Dedicated Internet,9,9,9,2,77.78,31.96,0.663
2026-02-01,CUST-032,Meridian Distribution,Platinum,Logistics,MPLS WAN,10,10,10,2,80.0,16.4,0.759
2026-02-01,CUST-032,Meridian Distribution,Platinum,Logistics,Managed Cloud,13,13,13,1,92.31,7.63,0.343
2026-02-01,CUST-032,Meridian Distribution,Platinum,Logistics,SD-WAN,113,113,113,15,86.73,9.8,0.584
2026-02-01,CUST-032,Meridian Distribution,Platinum,Logistics,Business Voice (SIP),144,144,144,22,84.72,12.07,0.699
2026-02-01,CUST-032,Meridian Distribution,Platinum,Logistics,Dedicated Internet,105,105,105,9,91.43,7.17,0.638
2026-02-01,CUST-032,Meridian Distribution,Platinum,Logistics,Managed Security,55,55,55,7,87.27,7.46,0.488
2026-02-01,CUST-033,Boreal Retail Group,Gold,Retail,SD-WAN,68,68,68,9,86.76,23.97,0.601
2026-02-01,CUST-033,Boreal Retail Group,Gold,Retail,Managed Security,40,40,40,0,100.0,13.79,0.31
2026-02-01,CUST-033,Boreal Retail Group,Gold,Retail,Business Voice (SIP),54,54,54,7,87.04,14.46,0.489
2026-02-01,CUST-033,Boreal Retail Group,Gold,Retail,Dedicated Internet,37,37,37,3,91.89,22.74,0.501
2026-02-01,CUST-033,Boreal Retail Group,Gold,Retail,Managed Cloud,25,25,25,0,100.0,11.38,0.277
2026-02-01,CUST-033,Boreal Retail Group,Gold,Retail,MPLS WAN,28,28,28,2,92.86,24.05,0.486
2026-02-01,CUST-034,Evergreen Stores Ltd.,Platinum,Retail,MPLS WAN,21,21,21,4,80.95,19.46,0.723
2026-02-01,CUST-034,Evergreen Stores Ltd.,Platinum,Retail,Managed Cloud,17,17,17,0,100.0,3.92,0.325
2026-02-01,CUST-034,Evergreen Stores Ltd.,Platinum,Retail,Managed Security,27,27,27,1,96.3,6.22,0.374
2026-02-01,CUST-034,Evergreen Stores Ltd.,Platinum,Retail,Dedicated Internet,71,71,71,14,80.28,11.01,0.751
2026-02-01,CUST-034,Evergreen Stores Ltd.,Platinum,Retail,SD-WAN,77,77,77,17,77.92,13.66,0.867
2026-02-01,CUST-034,Evergreen Stores Ltd.,Platinum,Retail,Business Voice (SIP),58,58,58,5,91.38,9.9,0.557
2026-02-01,CUST-035,Ridgeline Stores Ltd.,Gold,Retail,Managed Security,2,2,2,0,100.0,6.63,0.172
2026-02-01,CUST-035,Ridgeline Stores Ltd.,Gold,Retail,Dedicated Internet,95,95,95,8,91.58,17.6,0.469
2026-02-01,CUST-035,Ridgeline Stores Ltd.,Gold,Retail,SD-WAN,58,58,58,8,86.21,21.18,0.625
2026-02-01,CUST-035,Ridgeline Stores Ltd.,Gold,Retail,Business Voice (SIP),65,65,65,3,95.38,15.73,0.426
2026-02-01,CUST-035,Ridgeline Stores Ltd.,Gold,Retail,MPLS WAN,29,29,29,2,93.1,22.59,0.498
2026-02-01,CUST-036,Highland College,Platinum,Education,MPLS WAN,30,30,30,5,83.33,12.41,0.998
2026-02-01,CUST-036,Highland College,Platinum,Education,Business Voice (SIP),77,77,77,4,94.81,9.8,0.423
2026-02-01,CUST-036,Highland College,Platinum,Education,Managed Security,21,21,21,1,95.24,3.8,0.341
2026-02-01,CUST-036,Highland College,Platinum,Education,Dedicated Internet,86,86,86,7,91.86,12.16,0.526
2026-02-01,CUST-036,Highland College,Platinum,Education,SD-WAN,67,67,67,11,83.58,11.99,0.579
2026-02-01,CUST-036,Highland College,Platinum,Education,Managed Cloud,37,37,37,2,94.59,8.86,0.397
2026-02-01,CUST-037,Glacier Retail Group,Gold,Retail,SD-WAN,44,44,44,9,79.55,22.97,0.739
2026-02-01,CUST-037,Glacier Retail Group,Gold,Retail,Business Voice (SIP),42,42,42,6,85.71,21.47,0.762
2026-02-01,CUST-037,Glacier Retail Group,Gold,Retail,Dedicated Internet,73,73,73,13,82.19,15.84,0.596
2026-02-01,CUST-037,Glacier Retail Group,Gold,Retail,Managed Cloud,26,26,26,1,96.15,13.9,0.713
2026-02-01,CUST-037,Glacier Retail Group,Gold,Retail,Managed Security,14,14,14,0,100.0,23.98,0.443
2026-02-01,CUST-037,Glacier Retail Group,Gold,Retail,MPLS WAN,42,42,42,8,80.95,22.8,0.662
2026-02-01,CUST-038,Harbour Renewables,Silver,Energy,Managed Cloud,5,5,5,0,100.0,24.46,0.332
2026-02-01,CUST-038,Harbour Renewables,Silver,Energy,MPLS WAN,32,32,32,5,84.38,32.45,0.597
2026-02-01,CUST-038,Harbour Renewables,Silver,Energy,SD-WAN,26,26,26,5,80.77,50.55,0.738
2026-02-01,CUST-038,Harbour Renewables,Silver,Energy,Business Voice (SIP),18,18,18,3,83.33,32.27,0.493
2026-02-01,CUST-038,Harbour Renewables,Silver,Energy,Dedicated Internet,59,59,59,13,77.97,38.78,0.671
2026-02-01,CUST-038,Harbour Renewables,Silver,Energy,Managed Security,12,12,12,1,91.67,19.67,0.383
2026-02-01,CUST-039,Quarry Academy,Silver,Education,Managed Security,21,21,21,0,100.0,10.75,0.257
2026-02-01,CUST-039,Quarry Academy,Silver,Education,MPLS WAN,30,30,30,2,93.33,20.04,0.411
2026-02-01,CUST-039,Quarry Academy,Silver,Education,Dedicated Internet,70,70,70,3,95.71,19.78,0.433
2026-02-01,CUST-039,Quarry Academy,Silver,Education,Business Voice (SIP),66,66,66,5,92.42,27.5,0.549
2026-02-01,CUST-039,Quarry Academy,Silver,Education,SD-WAN,61,61,61,6,90.16,30.74,0.561
2026-02-01,CUST-039,Quarry Academy,Silver,Education,Managed Cloud,9,9,9,1,88.89,27.77,0.51
2026-02-01,CUST-040,Tundra Fabrication,Gold,Manufacturing,Business Voice (SIP),49,49,49,4,91.84,18.92,0.462
2026-02-01,CUST-040,Tundra Fabrication,Gold,Manufacturing,Managed Cloud,19,19,19,1,94.74,14.86,0.554
2026-02-01,CUST-040,Tundra Fabrication,Gold,Manufacturing,Dedicated Internet,57,57,57,4,92.98,14.87,0.405
2026-02-01,CUST-040,Tundra Fabrication,Gold,Manufacturing,MPLS WAN,2,2,2,0,100.0,53.35,0.556
2026-02-01,CUST-040,Tundra Fabrication,Gold,Manufacturing,SD-WAN,25,25,25,4,84.0,24.86,0.611
2026-02-01,CUST-040,Tundra Fabrication,Gold,Manufacturing,Managed Security,17,17,17,0,100.0,10.07,0.346
2026-03-01,CUST-001,Lakeview Health Network,Silver,Healthcare,Managed Cloud,5,5,5,0,100.0,10.55,0.198
2026-03-01,CUST-001,Lakeview Health Network,Silver,Healthcare,Business Voice (SIP),14,14,14,4,71.43,31.57,0.541
2026-03-01,CUST-001,Lakeview Health Network,Silver,Healthcare,SD-WAN,5,5,5,0,100.0,48.6,0.53
2026-03-01,CUST-001,Lakeview Health Network,Silver,Healthcare,Dedicated Internet,43,43,43,6,86.05,29.35,0.596
2026-03-01,CUST-001,Lakeview Health Network,Silver,Healthcare,Managed Security,1,1,1,0,100.0,11.49,0.096
2026-03-01,CUST-001,Lakeview Health Network,Silver,Healthcare,MPLS WAN,18,18,18,2,88.89,26.57,0.468
2026-03-01,CUST-002,Westgate Care Group,Silver,Healthcare,Managed Cloud,17,17,17,1,94.12,13.55,0.374
2026-03-01,CUST-002,Westgate Care Group,Silver,Healthcare,Dedicated Internet,5,5,5,1,80.0,11.12,0.624
2026-03-01,CUST-002,Westgate Care Group,Silver,Healthcare,SD-WAN,8,8,8,0,100.0,19.32,0.516
2026-03-01,CUST-002,Westgate Care Group,Silver,Healthcare,Business Voice (SIP),2,2,2,0,100.0,20.3,0.219
2026-03-01,CUST-002,Westgate Care Group,Silver,Healthcare,MPLS WAN,4,4,4,0,100.0,9.31,0.227
2026-03-01,CUST-003,Juniper Polytechnic,Platinum,Education,Managed Cloud,42,42,42,6,85.71,17.7,0.787
2026-03-01,CUST-003,Juniper Polytechnic,Platinum,Education,SD-WAN,128,128,128,32,75.0,16.71,0.874
2026-03-01,CUST-003,Juniper Polytechnic,Platinum,Education,MPLS WAN,36,36,36,9,75.0,15.72,0.727
2026-03-01,CUST-003,Juniper Polytechnic,Platinum,Education,Managed Security,45,45,45,4,91.11,12.12,0.468
2026-03-01,CUST-003,Juniper Polytechnic,Platinum,Education,Dedicated Internet,166,166,166,27,83.73,10.57,0.829
2026-03-01,CUST-003,Juniper Polytechnic,Platinum,Education,Business Voice (SIP),77,77,77,14,81.82,16.07,0.699
2026-03-01,CUST-004,Heritage College,Bronze,Education,Managed Cloud,15,15,15,3,80.0,44.39,0.549
2026-03-01,CUST-004,Heritage College,Bronze,Education,Managed Security,23,23,23,1,95.65,37.48,0.534
2026-03-01,CUST-004,Heritage College,Bronze,Education,SD-WAN,24,24,24,5,79.17,52.07,0.768
2026-03-01,CUST-004,Heritage College,Bronze,Education,MPLS WAN,5,5,5,1,80.0,22.51,0.531
2026-03-01,CUST-004,Heritage College,Bronze,Education,Dedicated Internet,37,37,37,7,81.08,54.43,0.765
2026-03-01,CUST-005,Bluewater Health Network,Silver,Healthcare,SD-WAN,31,31,31,2,93.55,21.85,0.503
2026-03-01,CUST-005,Bluewater Health Network,Silver,Healthcare,Business Voice (SIP),38,38,38,5,86.84,39.71,0.664
2026-03-01,CUST-005,Bluewater Health Network,Silver,Healthcare,Managed Security,14,14,14,2,85.71,31.14,0.491
2026-03-01,CUST-005,Bluewater Health Network,Silver,Healthcare,Dedicated Internet,6,6,6,0,100.0,24.32,0.421
2026-03-01,CUST-006,Northshore Utilities,Silver,Public Sector,Managed Security,3,3,3,1,66.67,35.82,0.771
2026-03-01,CUST-006,Northshore Utilities,Silver,Public Sector,Dedicated Internet,36,36,36,2,94.44,23.46,0.603
2026-03-01,CUST-006,Northshore Utilities,Silver,Public Sector,MPLS WAN,5,5,5,1,80.0,62.29,0.648
2026-03-01,CUST-006,Northshore Utilities,Silver,Public Sector,SD-WAN,18,18,18,2,88.89,32.66,0.516
2026-03-01,CUST-006,Northshore Utilities,Silver,Public Sector,Business Voice (SIP),49,49,49,4,91.84,32.64,0.493
2026-03-01,CUST-007,Ashford Renewables,Bronze,Energy,Managed Cloud,17,17,17,4,76.47,41.13,0.69
2026-03-01,CUST-007,Ashford Renewables,Bronze,Energy,Dedicated Internet,21,21,21,5,76.19,66.89,0.738
2026-03-01,CUST-007,Ashford Renewables,Bronze,Energy,SD-WAN,12,12,12,2,83.33,43.67,0.648
2026-03-01,CUST-007,Ashford Renewables,Bronze,Energy,Managed Security,14,14,14,1,92.86,50.72,0.517
2026-03-01,CUST-007,Ashford Renewables,Bronze,Energy,Business Voice (SIP),5,5,5,0,100.0,71.56,0.449
2026-03-01,CUST-008,Maple College,Gold,Education,Managed Cloud,21,21,21,1,95.24,18.43,0.388
2026-03-01,CUST-008,Maple College,Gold,Education,Dedicated Internet,48,48,48,2,95.83,13.79,0.418
2026-03-01,CUST-008,Maple College,Gold,Education,MPLS WAN,30,30,30,4,86.67,16.22,0.548
2026-03-01,CUST-008,Maple College,Gold,Education,Managed Security,15,15,15,1,93.33,12.19,0.381
2026-03-01,CUST-008,Maple College,Gold,Education,Business Voice (SIP),33,33,33,0,100.0,14.66,0.417
2026-03-01,CUST-008,Maple College,Gold,Education,SD-WAN,51,51,51,7,86.27,17.88,0.554
2026-03-01,CUST-009,Dominion Outfitters,Silver,Retail,Business Voice (SIP),44,44,44,1,97.73,26.1,0.446
2026-03-01,CUST-009,Dominion Outfitters,Silver,Retail,Dedicated Internet,22,22,22,2,90.91,20.12,0.357
2026-03-01,CUST-009,Dominion Outfitters,Silver,Retail,Managed Cloud,15,15,15,2,86.67,37.04,0.576
2026-03-01,CUST-009,Dominion Outfitters,Silver,Retail,Managed Security,4,4,4,0,100.0,36.03,0.391
2026-03-01,CUST-009,Dominion Outfitters,Silver,Retail,MPLS WAN,6,6,6,0,100.0,16.52,0.362
2026-03-01,CUST-009,Dominion Outfitters,Silver,Retail,SD-WAN,13,13,13,1,92.31,26.88,0.456
2026-03-01,CUST-010,Lighthouse Manufacturing,Gold,Manufacturing,Dedicated Internet,31,31,31,3,90.32,28.46,0.523
2026-03-01,CUST-010,Lighthouse Manufacturing,Gold,Manufacturing,Managed Security,14,14,14,2,85.71,10.43,0.403
2026-03-01,CUST-010,Lighthouse Manufacturing,Gold,Manufacturing,SD-WAN,62,62,62,7,88.71,17.22,0.547
2026-03-01,CUST-010,Lighthouse Manufacturing,Gold,Manufacturing,Business Voice (SIP),60,60,60,7,88.33,20.94,0.587
2026-03-01,CUST-010,Lighthouse Manufacturing,Gold,Manufacturing,MPLS WAN,47,47,47,2,95.74,9.03,0.432
2026-03-01,CUST-010,Lighthouse Manufacturing,Gold,Manufacturing,Managed Cloud,22,22,22,2,90.91,11.41,0.433
2026-03-01,CUST-011,Prairie Health Network,Silver,Healthcare,Managed Cloud,17,17,17,0,100.0,19.07,0.293
2026-03-01,CUST-011,Prairie Health Network,Silver,Healthcare,SD-WAN,35,35,35,4,88.57,37.99,0.572
2026-03-01,CUST-011,Prairie Health Network,Silver,Healthcare,Business Voice (SIP),9,9,9,1,88.89,29.49,0.568
2026-03-01,CUST-011,Prairie Health Network,Silver,Healthcare,Managed Security,7,7,7,1,85.71,13.19,0.533
2026-03-01,CUST-011,Prairie Health Network,Silver,Healthcare,MPLS WAN,17,17,17,1,94.12,29.65,0.583
2026-03-01,CUST-011,Prairie Health Network,Silver,Healthcare,Dedicated Internet,35,35,35,2,94.29,27.49,0.483
2026-03-01,CUST-012,Pioneer Freight Lines,Silver,Logistics,Business Voice (SIP),82,82,82,15,81.71,41.08,0.706
2026-03-01,CUST-012,Pioneer Freight Lines,Silver,Logistics,Dedicated Internet,23,23,23,4,82.61,37.29,0.805
2026-03-01,CUST-012,Pioneer Freight Lines,Silver,Logistics,SD-WAN,89,89,89,37,58.43,60.42,0.962
2026-03-01,CUST-012,Pioneer Freight Lines,Silver,Logistics,Managed Cloud,21,21,21,4,80.95,37.03,0.642
2026-03-01,CUST-012,Pioneer Freight Lines,Silver,Logistics,Managed Security,6,6,6,0,100.0,16.2,0.395
2026-03-01,CUST-013,Nordic School Board,Gold,Public Sector,Business Voice (SIP),29,29,29,3,89.66,23.18,0.575
2026-03-01,CUST-013,Nordic School Board,Gold,Public Sector,SD-WAN,47,47,47,8,82.98,24.28,0.62
2026-03-01,CUST-013,Nordic School Board,Gold,Public Sector,MPLS WAN,18,18,18,1,94.44,24.05,0.588
2026-03-01,CUST-013,Nordic School Board,Gold,Public Sector,Managed Security,30,30,30,2,93.33,13.81,0.437
2026-03-01,CUST-013,Nordic School Board,Gold,Public Sector,Dedicated Internet,17,17,17,1,94.12,10.57,0.456
2026-03-01,CUST-013,Nordic School Board,Gold,Public Sector,Managed Cloud,40,40,40,4,90.0,18.91,0.425
2026-03-01,CUST-014,Riverbend Polytechnic,Platinum,Education,Business Voice (SIP),131,131,131,18,86.26,13.5,0.615
2026-03-01,CUST-014,Riverbend Polytechnic,Platinum,Education,SD-WAN,153,153,153,29,81.05,14.5,0.747
2026-03-01,CUST-014,Riverbend Polytechnic,Platinum,Education,MPLS WAN,47,47,47,8,82.98,13.76,0.651
2026-03-01,CUST-014,Riverbend Polytechnic,Platinum,Education,Managed Security,15,15,15,3,80.0,13.65,0.518
2026-03-01,CUST-014,Riverbend Polytechnic,Platinum,Education,Managed Cloud,48,48,48,7,85.42,11.31,0.617
2026-03-01,CUST-014,Riverbend Polytechnic,Platinum,Education,Dedicated Internet,81,81,81,11,86.42,12.41,0.596
2026-03-01,CUST-015,Aurora Pharmacies,Platinum,Healthcare,SD-WAN,137,137,137,18,86.86,10.26,0.705
2026-03-01,CUST-015,Aurora Pharmacies,Platinum,Healthcare,Managed Security,30,30,30,1,96.67,6.35,0.41
2026-03-01,CUST-015,Aurora Pharmacies,Platinum,Healthcare,Business Voice (SIP),90,90,90,11,87.78,10.6,0.505
2026-03-01,CUST-015,Aurora Pharmacies,Platinum,Healthcare,Dedicated Internet,147,147,147,16,89.12,8.29,0.494
2026-03-01,CUST-015,Aurora Pharmacies,Platinum,Healthcare,Managed Cloud,52,52,52,4,92.31,11.71,0.479
2026-03-01,CUST-016,Redwood Learning Trust,Silver,Education,SD-WAN,39,39,39,4,89.74,42.83,0.468
2026-03-01,CUST-016,Redwood Learning Trust,Silver,Education,Dedicated Internet,41,41,41,3,92.68,31.51,0.561
2026-03-01,CUST-016,Redwood Learning Trust,Silver,Education,Business Voice (SIP),19,19,19,2,89.47,12.51,0.428
2026-03-01,CUST-016,Redwood Learning Trust,Silver,Education,Managed Cloud,43,43,43,2,95.35,14.49,0.354
2026-03-01,CUST-016,Redwood Learning Trust,Silver,Education,Managed Security,13,13,13,0,100.0,23.08,0.341
2026-03-01,CUST-016,Redwood Learning Trust,Silver,Education,MPLS WAN,7,7,7,0,100.0,7.57,0.237
2026-03-01,CUST-017,Coastal Energy,Gold,Energy,Managed Cloud,14,14,14,2,85.71,22.86,0.475
2026-03-01,CUST-017,Coastal Energy,Gold,Energy,Dedicated Internet,81,81,81,8,90.12,20.39,0.507
2026-03-01,CUST-017,Coastal Energy,Gold,Energy,Managed Security,7,7,7,0,100.0,8.1,0.379
2026-03-01,CUST-017,Coastal Energy,Gold,Energy,MPLS WAN,27,27,27,3,88.89,19.92,0.55
2026-03-01,CUST-017,Coastal Energy,Gold,Energy,Business Voice (SIP),50,50,50,4,92.0,19.56,0.51
2026-03-01,CUST-017,Coastal Energy,Gold,Energy,SD-WAN,48,48,48,9,81.25,30.5,0.746
2026-03-01,CUST-018,Granite Power Co-op,Gold,Energy,MPLS WAN,65,65,65,4,93.85,16.35,0.451
2026-03-01,CUST-018,Granite Power Co-op,Gold,Energy,Business Voice (SIP),91,91,91,13,85.71,24.18,0.712
2026-03-01,CUST-018,Granite Power Co-op,Gold,Energy,Dedicated Internet,26,26,26,4,84.62,16.91,0.512
2026-03-01,CUST-018,Granite Power Co-op,Gold,Energy,Managed Cloud,20,20,20,1,95.0,15.76,0.423
2026-03-01,CUST-018,Granite Power Co-op,Gold,Energy,Managed Security,47,47,47,5,89.36,14.3,0.422
2026-03-01,CUST-018,Granite Power Co-op,Gold,Energy,SD-WAN,45,45,45,7,84.44,16.45,0.668
2026-03-01,CUST-019,Stonebridge Regional Authority,Gold,Public Sector,MPLS WAN,48,48,48,8,83.33,30.12,0.722
2026-03-01,CUST-019,Stonebridge Regional Authority,Gold,Public Sector,Business Voice (SIP),63,63,63,10,84.13,20.08,0.645
2026-03-01,CUST-019,Stonebridge Regional Authority,Gold,Public Sector,Dedicated Internet,50,50,50,6,88.0,25.69,0.593
2026-03-01,CUST-019,Stonebridge Regional Authority,Gold,Public Sector,Managed Cloud,30,30,30,2,93.33,18.78,0.672
2026-03-01,CUST-019,Stonebridge Regional Authority,Gold,Public Sector,Managed Security,43,43,43,3,93.02,12.61,0.451
2026-03-01,CUST-019,Stonebridge Regional Authority,Gold,Public Sector,SD-WAN,81,81,81,8,90.12,24.77,0.618
2026-03-01,CUST-020,Orchard Distribution,Silver,Logistics,Managed Security,5,5,5,1,80.0,21.12,0.452
2026-03-01,CUST-020,Orchard Distribution,Silver,Logistics,Business Voice (SIP),29,29,29,3,89.66,35.04,0.585
2026-03-01,CUST-020,Orchard Distribution,Silver,Logistics,Dedicated Internet,22,22,22,2,90.91,23.73,0.432
2026-03-01,CUST-020,Orchard Distribution,Silver,Logistics,Managed Cloud,6,6,6,1,83.33,19.79,0.504
2026-03-01,CUST-020,Orchard Distribution,Silver,Logistics,MPLS WAN,1,1,1,0,100.0,20.18,0.841
2026-03-01,CUST-021,Keystone Distribution,Gold,Logistics,MPLS WAN,20,20,20,3,85.0,22.67,0.705
2026-03-01,CUST-021,Keystone Distribution,Gold,Logistics,Business Voice (SIP),56,56,56,8,85.71,19.94,0.582
2026-03-01,CUST-021,Keystone Distribution,Gold,Logistics,Dedicated Internet,68,68,68,8,88.24,22.05,0.575
2026-03-01,CUST-021,Keystone Distribution,Gold,Logistics,Managed Cloud,42,42,42,2,95.24,19.44,0.448
2026-03-01,CUST-021,Keystone Distribution,Gold,Logistics,Managed Security,29,29,29,1,96.55,11.99,0.329
2026-03-01,CUST-021,Keystone Distribution,Gold,Logistics,SD-WAN,109,109,109,14,87.16,17.68,0.628
2026-03-01,CUST-022,Ironwood Health Network,Silver,Healthcare,Dedicated Internet,24,24,24,1,95.83,18.81,0.468
2026-03-01,CUST-022,Ironwood Health Network,Silver,Healthcare,SD-WAN,28,28,28,3,89.29,30.4,0.646
2026-03-01,CUST-022,Ironwood Health Network,Silver,Healthcare,MPLS WAN,9,9,9,1,88.89,35.64,0.564
2026-03-01,CUST-022,Ironwood Health Network,Silver,Healthcare,Managed Cloud,18,18,18,1,94.44,34.35,0.48
2026-03-01,CUST-022,Ironwood Health Network,Silver,Healthcare,Business Voice (SIP),8,8,8,2,75.0,35.64,0.588
2026-03-01,CUST-023,Silverline Learning Trust,Bronze,Education,Managed Cloud,36,36,36,4,88.89,34.04,0.565
2026-03-01,CUST-023,Silverline Learning Trust,Bronze,Education,Managed Security,18,18,18,2,88.89,23.44,0.42
2026-03-01,CUST-023,Silverline Learning Trust,Bronze,Education,MPLS WAN,18,18,18,3,83.33,32.63,0.547
2026-03-01,CUST-023,Silverline Learning Trust,Bronze,Education,SD-WAN,28,28,28,7,75.0,63.17,0.768
2026-03-01,CUST-023,Silverline Learning Trust,Bronze,Education,Business Voice (SIP),14,14,14,0,100.0,52.41,0.537
2026-03-01,CUST-023,Silverline Learning Trust,Bronze,Education,Dedicated Internet,32,32,32,4,87.5,37.74,0.654
2026-03-01,CUST-024,Cascadia Academy,Gold,Education,Dedicated Internet,109,109,109,22,79.82,24.7,0.808
2026-03-01,CUST-024,Cascadia Academy,Gold,Education,SD-WAN,30,30,30,8,73.33,39.48,0.875
2026-03-01,CUST-024,Cascadia Academy,Gold,Education,MPLS WAN,15,15,15,4,73.33,32.31,0.647
2026-03-01,CUST-024,Cascadia Academy,Gold,Education,Managed Security,26,26,26,5,80.77,19.44,0.556
2026-03-01,CUST-024,Cascadia Academy,Gold,Education,Managed Cloud,50,50,50,12,76.0,16.97,0.75
2026-03-01,CUST-024,Cascadia Academy,Gold,Education,Business Voice (SIP),88,88,88,12,86.36,21.44,0.628
2026-03-01,CUST-025,Cedar Marketplaces,Bronze,Retail,MPLS WAN,6,6,6,3,50.0,51.68,0.913
2026-03-01,CUST-025,Cedar Marketplaces,Bronze,Retail,SD-WAN,26,26,26,10,61.54,83.21,1.051
2026-03-01,CUST-026,Frontier Freight Lines,Gold,Logistics,Business Voice (SIP),70,70,70,10,85.71,23.08,0.625
2026-03-01,CUST-026,Frontier Freight Lines,Gold,Logistics,MPLS WAN,7,7,7,1,85.71,17.38,0.582
2026-03-01,CUST-026,Frontier Freight Lines,Gold,Logistics,SD-WAN,77,77,77,17,77.92,21.86,0.725
2026-03-01,CUST-026,Frontier Freight Lines,Gold,Logistics,Managed Security,25,25,25,1,96.0,13.23,0.334
2026-03-01,CUST-026,Frontier Freight Lines,Gold,Logistics,Dedicated Internet,77,77,77,8,89.61,17.54,0.489
2026-03-01,CUST-026,Frontier Freight Lines,Gold,Logistics,Managed Cloud,56,56,56,5,91.07,17.6,0.488
2026-03-01,CUST-027,Trillium Medical Centres,Bronze,Healthcare,Managed Security,26,26,26,6,76.92,46.32,0.706
2026-03-01,CUST-027,Trillium Medical Centres,Bronze,Healthcare,Business Voice (SIP),7,7,7,2,71.43,38.27,0.679
2026-03-01,CUST-027,Trillium Medical Centres,Bronze,Healthcare,Managed Cloud,11,11,11,3,72.73,43.2,0.906
2026-03-01,CUST-027,Trillium Medical Centres,Bronze,Healthcare,Dedicated Internet,18,18,18,6,66.67,71.43,0.847
2026-03-01,CUST-028,Beacon Pipelines,Bronze,Energy,Managed Security,18,18,18,5,72.22,70.82,0.687
2026-03-01,CUST-028,Beacon Pipelines,Bronze,Energy,Managed Cloud,16,16,16,4,75.0,53.15,0.725
2026-03-01,CUST-028,Beacon Pipelines,Bronze,Energy,MPLS WAN,3,3,3,1,66.67,134.12,0.864
2026-03-01,CUST-028,Beacon Pipelines,Bronze,Energy,Dedicated Internet,19,19,19,6,68.42,90.2,0.898
2026-03-01,CUST-028,Beacon Pipelines,Bronze,Energy,SD-WAN,14,14,14,7,50.0,39.31,1.001
2026-03-01,CUST-029,Pinecrest Energy,Bronze,Energy,SD-WAN,7,7,7,0,100.0,25.72,0.36
2026-03-01,CUST-029,Pinecrest Energy,Bronze,Energy,Business Voice (SIP),5,5,5,1,80.0,12.08,0.582
2026-03-01,CUST-029,Pinecrest Energy,Bronze,Energy,Dedicated Internet,10,10,10,0,100.0,26.0,0.4
2026-03-01,CUST-030,Summit Retail Group,Platinum,Retail,Managed Cloud,48,48,48,4,91.67,8.5,0.384
2026-03-01,CUST-030,Summit Retail Group,Platinum,Retail,SD-WAN,161,161,161,17,89.44,8.78,0.556
2026-03-01,CUST-030,Summit Retail Group,Platinum,Retail,Business Voice (SIP),136,136,136,8,94.12,8.54,0.42
2026-03-01,CUST-030,Summit Retail Group,Platinum,Retail,Managed Security,46,46,46,5,89.13,10.75,0.408
2026-03-01,CUST-030,Summit Retail Group,Platinum,Retail,Dedicated Internet,82,82,82,7,91.46,8.77,0.48
2026-03-01,CUST-030,Summit Retail Group,Platinum,Retail,MPLS WAN,53,53,53,2,96.23,8.91,0.442
2026-03-01,CUST-031,Crestview Pipelines,Silver,Energy,Managed Security,4,4,4,0,100.0,16.53,0.309
2026-03-01,CUST-031,Crestview Pipelines,Silver,Energy,SD-WAN,34,34,34,9,73.53,34.75,0.697
2026-03-01,CUST-031,Crestview Pipelines,Silver,Energy,Business Voice (SIP),19,19,19,2,89.47,31.08,0.641
2026-03-01,CUST-031,Crestview Pipelines,Silver,Energy,Dedicated Internet,14,14,14,0,100.0,15.73,0.337
2026-03-01,CUST-031,Crestview Pipelines,Silver,Energy,Managed Cloud,12,12,12,2,83.33,23.42,0.449
2026-03-01,CUST-032,Meridian Distribution,Platinum,Logistics,Managed Cloud,16,16,16,0,100.0,6.07,0.311
2026-03-01,CUST-032,Meridian Distribution,Platinum,Logistics,Business Voice (SIP),139,139,139,14,89.93,11.07,0.58
2026-03-01,CUST-032,Meridian Distribution,Platinum,Logistics,Dedicated Internet,113,113,113,5,95.58,9.08,0.551
2026-03-01,CUST-032,Meridian Distribution,Platinum,Logistics,Managed Security,57,57,57,6,89.47,5.68,0.609
2026-03-01,CUST-032,Meridian Distribution,Platinum,Logistics,MPLS WAN,19,19,19,2,89.47,11.12,0.496
2026-03-01,CUST-032,Meridian Distribution,Platinum,Logistics,SD-WAN,112,112,112,13,88.39,9.82,0.645
2026-03-01,CUST-033,Boreal Retail Group,Gold,Retail,MPLS WAN,43,43,43,5,88.37,14.88,0.491
2026-03-01,CUST-033,Boreal Retail Group,Gold,Retail,Business Voice (SIP),61,61,61,4,93.44,13.02,0.419
2026-03-01,CUST-033,Boreal Retail Group,Gold,Retail,Managed Cloud,32,32,32,1,96.88,15.84,0.495
2026-03-01,CUST-033,Boreal Retail Group,Gold,Retail,SD-WAN,57,57,57,6,89.47,18.1,0.519
2026-03-01,CUST-033,Boreal Retail Group,Gold,Retail,Managed Security,34,34,34,1,97.06,18.28,0.352
2026-03-01,CUST-033,Boreal Retail Group,Gold,Retail,Dedicated Internet,48,48,48,4,91.67,13.81,0.707
2026-03-01,CUST-034,Evergreen Stores Ltd.,Platinum,Retail,Managed Cloud,16,16,16,2,87.5,9.83,0.519
2026-03-01,CUST-034,Evergreen Stores Ltd.,Platinum,Retail,Managed Security,29,29,29,1,96.55,8.29,0.623
2026-03-01,CUST-034,Evergreen Stores Ltd.,Platinum,Retail,SD-WAN,63,63,63,15,76.19,14.9,1.044
2026-03-01,CUST-034,Evergreen Stores Ltd.,Platinum,Retail,MPLS WAN,21,21,21,4,80.95,12.23,1.084
2026-03-01,CUST-034,Evergreen Stores Ltd.,Platinum,Retail,Business Voice (SIP),67,67,67,11,83.58,13.26,0.649
2026-03-01,CUST-034,Evergreen Stores Ltd.,Platinum,Retail,Dedicated Internet,70,70,70,16,77.14,13.53,0.685
2026-03-01,CUST-035,Ridgeline Stores Ltd.,Gold,Retail,SD-WAN,72,72,72,9,87.5,25.95,0.633
2026-03-01,CUST-035,Ridgeline Stores Ltd.,Gold,Retail,MPLS WAN,26,26,26,2,92.31,21.32,0.511
2026-03-01,CUST-035,Ridgeline Stores Ltd.,Gold,Retail,Business Voice (SIP),58,58,58,2,96.55,15.21,0.38
2026-03-01,CUST-035,Ridgeline Stores Ltd.,Gold,Retail,Dedicated Internet,85,85,85,10,88.24,18.61,0.523
2026-03-01,CUST-035,Ridgeline Stores Ltd.,Gold,Retail,Managed Security,9,9,9,1,88.89,8.25,0.289
2026-03-01,CUST-036,Highland College,Platinum,Education,Dedicated Internet,93,93,93,8,91.4,8.22,0.666
2026-03-01,CUST-036,Highland College,Platinum,Education,Managed Security,22,22,22,1,95.45,6.8,0.666
2026-03-01,CUST-036,Highland College,Platinum,Education,SD-WAN,85,85,85,15,82.35,12.34,0.755
2026-03-01,CUST-036,Highland College,Platinum,Education,Business Voice (SIP),114,114,114,8,92.98,9.41,0.523
2026-03-01,CUST-036,Highland College,Platinum,Education,Managed Cloud,45,45,45,3,93.33,11.65,0.473
2026-03-01,CUST-036,Highland College,Platinum,Education,MPLS WAN,34,34,34,5,85.29,11.06,0.998
2026-03-01,CUST-037,Glacier Retail Group,Gold,Retail,Dedicated Internet,102,102,102,25,75.49,23.64,0.715
2026-03-01,CUST-037,Glacier Retail Group,Gold,Retail,SD-WAN,48,48,48,10,79.17,32.26,0.822
2026-03-01,CUST-037,Glacier Retail Group,Gold,Retail,MPLS WAN,49,49,49,15,69.39,23.4,0.88
2026-03-01,CUST-037,Glacier Retail Group,Gold,Retail,Managed Security,17,17,17,1,94.12,24.85,0.473
2026-03-01,CUST-037,Glacier Retail Group,Gold,Retail,Managed Cloud,26,26,26,2,92.31,18.95,0.527
2026-03-01,CUST-037,Glacier Retail Group,Gold,Retail,Business Voice (SIP),59,59,59,11,81.36,30.53,0.717
2026-03-01,CUST-038,Harbour Renewables,Silver,Energy,Managed Cloud,1,1,1,0,100.0,11.55,0.481
2026-03-01,CUST-038,Harbour Renewables,Silver,Energy,Business Voice (SIP),17,17,17,3,82.35,30.73,0.584
2026-03-01,CUST-038,Harbour Renewables,Silver,Energy,Managed Security,10,10,10,2,80.0,30.78,0.614
2026-03-01,CUST-038,Harbour Renewables,Silver,Energy,SD-WAN,23,23,23,6,73.91,33.25,0.693
2026-03-01,CUST-038,Harbour Renewables,Silver,Energy,Dedicated Internet,57,57,57,9,84.21,27.63,0.687
2026-03-01,CUST-038,Harbour Renewables,Silver,Energy,MPLS WAN,41,41,41,5,87.8,29.02,0.593
2026-03-01,CUST-039,Quarry Academy,Silver,Education,Dedicated Internet,57,57,57,2,96.49,22.42,0.377
2026-03-01,CUST-039,Quarry Academy,Silver,Education,Managed Cloud,15,15,15,0,100.0,24.57,0.381
2026-03-01,CUST-039,Quarry Academy,Silver,Education,Business Voice (SIP),68,68,68,5,92.65,25.0,0.427
2026-03-01,CUST-039,Quarry Academy,Silver,Education,SD-WAN,73,73,73,10,86.3,26.93,0.591
2026-03-01,CUST-039,Quarry Academy,Silver,Education,Managed Security,17,17,17,3,82.35,27.48,0.626
2026-03-01,CUST-039,Quarry Academy,Silver,Education,MPLS WAN,33,33,33,3,90.91,30.74,0.669
2026-03-01,CUST-040,Tundra Fabrication,Gold,Manufacturing,Dedicated Internet,70,70,70,10,85.71,22.67,0.565
2026-03-01,CUST-040,Tundra Fabrication,Gold,Manufacturing,Managed Security,14,14,14,2,85.71,15.44,0.477
2026-03-01,CUST-040,Tundra Fabrication,Gold,Manufacturing,MPLS WAN,2,2,2,0,100.0,11.13,0.476
2026-03-01,CUST-040,Tundra Fabrication,Gold,Manufacturing,Business Voice (SIP),75,75,75,7,90.67,22.91,0.565
2026-03-01,CUST-040,Tundra Fabrication,Gold,Manufacturing,Managed Cloud,22,22,22,2,90.91,11.73,0.47
2026-03-01,CUST-040,Tundra Fabrication,Gold,Manufacturing,SD-WAN,23,23,23,5,78.26,14.77,0.586
2026-04-01,CUST-001,Lakeview Health Network,Silver,Healthcare,Managed Cloud,12,12,12,1,91.67,26.97,0.451
2026-04-01,CUST-001,Lakeview Health Network,Silver,Healthcare,SD-WAN,9,9,9,1,88.89,14.23,1.062
2026-04-01,CUST-001,Lakeview Health Network,Silver,Healthcare,MPLS WAN,21,21,21,3,85.71,36.53,0.628
2026-04-01,CUST-001,Lakeview Health Network,Silver,Healthcare,Managed Security,3,3,3,0,100.0,34.01,0.46
2026-04-01,CUST-001,Lakeview Health Network,Silver,Healthcare,Dedicated Internet,40,40,40,3,92.5,23.61,0.522
2026-04-01,CUST-001,Lakeview Health Network,Silver,Healthcare,Business Voice (SIP),26,26,26,3,88.46,34.56,0.594
2026-04-01,CUST-002,Westgate Care Group,Silver,Healthcare,Dedicated Internet,1,1,1,0,100.0,44.25,0.615
2026-04-01,CUST-002,Westgate Care Group,Silver,Healthcare,Managed Security,1,1,1,0,100.0,17.71,0.246
2026-04-01,CUST-002,Westgate Care Group,Silver,Healthcare,MPLS WAN,3,3,3,1,66.67,90.19,0.948
2026-04-01,CUST-002,Westgate Care Group,Silver,Healthcare,Business Voice (SIP),5,5,5,1,80.0,13.77,0.449
2026-04-01,CUST-002,Westgate Care Group,Silver,Healthcare,Managed Cloud,7,7,7,0,100.0,30.25,0.422
2026-04-01,CUST-002,Westgate Care Group,Silver,Healthcare,SD-WAN,11,11,11,3,72.73,24.86,0.634
2026-04-01,CUST-003,Juniper Polytechnic,Platinum,Education,SD-WAN,150,150,150,36,76.0,13.13,0.837
2026-04-01,CUST-003,Juniper Polytechnic,Platinum,Education,Managed Cloud,44,44,44,3,93.18,11.06,0.475
2026-04-01,CUST-003,Juniper Polytechnic,Platinum,Education,Managed Security,59,59,59,9,84.75,8.54,0.934
2026-04-01,CUST-003,Juniper Polytechnic,Platinum,Education,Dedicated Internet,151,151,151,25,83.44,14.15,0.694
2026-04-01,CUST-003,Juniper Polytechnic,Platinum,Education,Business Voice (SIP),100,100,100,18,82.0,13.31,0.782
2026-04-01,CUST-003,Juniper Polytechnic,Platinum,Education,MPLS WAN,25,25,25,3,88.0,15.97,0.802
2026-04-01,CUST-004,Heritage College,Bronze,Education,Managed Security,10,10,10,2,80.0,36.91,0.834
2026-04-01,CUST-004,Heritage College,Bronze,Education,Managed Cloud,23,23,23,3,86.96,52.12,0.626
2026-04-01,CUST-004,Heritage College,Bronze,Education,MPLS WAN,6,6,6,1,83.33,83.18,0.88
2026-04-01,CUST-004,Heritage College,Bronze,Education,SD-WAN,39,39,39,12,69.23,78.84,0.939
2026-04-01,CUST-004,Heritage College,Bronze,Education,Dedicated Internet,35,35,35,9,74.29,48.35,0.752
2026-04-01,CUST-005,Bluewater Health Network,Silver,Healthcare,Business Voice (SIP),53,53,53,5,90.57,31.85,0.629
2026-04-01,CUST-005,Bluewater Health Network,Silver,Healthcare,SD-WAN,95,95,95,25,73.68,25.42,1.034
2026-04-01,CUST-005,Bluewater Health Network,Silver,Healthcare,Managed Security,18,18,18,2,88.89,18.74,0.446
2026-04-01,CUST-005,Bluewater Health Network,Silver,Healthcare,Dedicated Internet,15,15,15,2,86.67,42.62,0.727
2026-04-01,CUST-006,Northshore Utilities,Silver,Public Sector,Managed Security,5,5,5,1,80.0,26.36,0.563
2026-04-01,CUST-006,Northshore Utilities,Silver,Public Sector,MPLS WAN,10,10,10,1,90.0,34.58,0.669
2026-04-01,CUST-006,Northshore Utilities,Silver,Public Sector,Dedicated Internet,36,36,36,4,88.89,17.36,0.483
2026-04-01,CUST-006,Northshore Utilities,Silver,Public Sector,SD-WAN,66,66,66,19,71.21,29.31,0.998
2026-04-01,CUST-006,Northshore Utilities,Silver,Public Sector,Business Voice (SIP),56,56,56,3,94.64,20.94,0.45
2026-04-01,CUST-007,Ashford Renewables,Bronze,Energy,SD-WAN,13,13,13,2,84.62,56.28,0.59
2026-04-01,CUST-007,Ashford Renewables,Bronze,Energy,Managed Cloud,9,9,9,1,88.89,37.39,0.577
2026-04-01,CUST-007,Ashford Renewables,Bronze,Energy,Dedicated Internet,24,24,24,3,87.5,54.69,0.585
2026-04-01,CUST-007,Ashford Renewables,Bronze,Energy,Business Voice (SIP),5,5,5,1,80.0,10.82,0.399
2026-04-01,CUST-007,Ashford Renewables,Bronze,Energy,Managed Security,11,11,11,0,100.0,24.22,0.403
2026-04-01,CUST-008,Maple College,Gold,Education,SD-WAN,38,38,38,4,89.47,14.85,0.458
2026-04-01,CUST-008,Maple College,Gold,Education,Business Voice (SIP),33,33,33,1,96.97,16.88,0.372
2026-04-01,CUST-008,Maple College,Gold,Education,Managed Cloud,25,25,25,5,80.0,9.71,0.521
2026-04-01,CUST-008,Maple College,Gold,Education,Dedicated Internet,52,52,52,4,92.31,16.46,0.449
2026-04-01,CUST-008,Maple College,Gold,Education,MPLS WAN,36,36,36,4,88.89,21.64,0.542
2026-04-01,CUST-008,Maple College,Gold,Education,Managed Security,7,7,7,0,100.0,4.84,0.196
2026-04-01,CUST-009,Dominion Outfitters,Silver,Retail,Managed Security,9,9,9,0,100.0,28.08,0.355
2026-04-01,CUST-009,Dominion Outfitters,Silver,Retail,SD-WAN,47,47,47,29,38.3,33.3,1.483
2026-04-01,CUST-009,Dominion Outfitters,Silver,Retail,MPLS WAN,4,4,4,0,100.0,28.03,0.342
2026-04-01,CUST-009,Dominion Outfitters,Silver,Retail,Managed Cloud,9,9,9,0,100.0,25.13,0.374
2026-04-01,CUST-009,Dominion Outfitters,Silver,Retail,Dedicated Internet,20,20,20,1,95.0,15.92,0.342
2026-04-01,CUST-009,Dominion Outfitters,Silver,Retail,Business Voice (SIP),39,39,39,4,89.74,28.69,0.531
2026-04-01,CUST-010,Lighthouse Manufacturing,Gold,Manufacturing,Managed Cloud,32,32,32,6,81.25,11.8,0.726
2026-04-01,CUST-010,Lighthouse Manufacturing,Gold,Manufacturing,Dedicated Internet,33,33,33,4,87.88,20.19,0.555
2026-04-01,CUST-010,Lighthouse Manufacturing,Gold,Manufacturing,MPLS WAN,59,59,59,5,91.53,17.87,0.49
2026-04-01,CUST-010,Lighthouse Manufacturing,Gold,Manufacturing,Managed Security,16,16,16,0,100.0,12.27,0.38
2026-04-01,CUST-010,Lighthouse Manufacturing,Gold,Manufacturing,Business Voice (SIP),50,50,50,6,88.0,19.28,0.559
2026-04-01,CUST-010,Lighthouse Manufacturing,Gold,Manufacturing,SD-WAN,135,135,135,36,73.33,15.51,0.835
2026-04-01,CUST-011,Prairie Health Network,Silver,Healthcare,Dedicated Internet,53,53,53,8,84.91,24.83,0.566
2026-04-01,CUST-011,Prairie Health Network,Silver,Healthcare,MPLS WAN,13,13,13,2,84.62,37.06,0.636
2026-04-01,CUST-011,Prairie Health Network,Silver,Healthcare,Managed Security,8,8,8,0,100.0,33.33,0.416
2026-04-01,CUST-011,Prairie Health Network,Silver,Healthcare,Managed Cloud,8,8,8,1,87.5,22.48,0.607
2026-04-01,CUST-011,Prairie Health Network,Silver,Healthcare,SD-WAN,112,112,112,39,65.18,25.38,1.059
2026-04-01,CUST-011,Prairie Health Network,Silver,Healthcare,Business Voice (SIP),14,14,14,3,78.57,41.92,0.693
2026-04-01,CUST-012,Pioneer Freight Lines,Silver,Logistics,SD-WAN,83,83,83,23,72.29,41.23,0.985
2026-04-01,CUST-012,Pioneer Freight Lines,Silver,Logistics,Dedicated Internet,27,27,27,4,85.19,36.19,0.622
2026-04-01,CUST-012,Pioneer Freight Lines,Silver,Logistics,Business Voice (SIP),69,69,69,15,78.26,38.6,0.72
2026-04-01,CUST-012,Pioneer Freight Lines,Silver,Logistics,Managed Cloud,12,12,12,1,91.67,27.29,0.442
2026-04-01,CUST-012,Pioneer Freight Lines,Silver,Logistics,Managed Security,9,9,9,3,66.67,43.59,0.753
2026-04-01,CUST-013,Nordic School Board,Gold,Public Sector,Business Voice (SIP),18,18,18,1,94.44,17.13,0.429
2026-04-01,CUST-013,Nordic School Board,Gold,Public Sector,Managed Security,32,32,32,2,93.75,15.24,0.394
2026-04-01,CUST-013,Nordic School Board,Gold,Public Sector,Managed Cloud,50,50,50,1,98.0,16.13,0.345
2026-04-01,CUST-013,Nordic School Board,Gold,Public Sector,MPLS WAN,23,23,23,2,91.3,25.28,0.607
2026-04-01,CUST-013,Nordic School Board,Gold,Public Sector,Dedicated Internet,25,25,25,3,88.0,24.16,0.511
2026-04-01,CUST-013,Nordic School Board,Gold,Public Sector,SD-WAN,55,55,55,10,81.82,22.43,0.68
2026-04-01,CUST-014,Riverbend Polytechnic,Platinum,Education,Dedicated Internet,67,67,67,7,89.55,10.41,0.596
2026-04-01,CUST-014,Riverbend Polytechnic,Platinum,Education,Managed Security,21,21,21,1,95.24,8.49,0.472
2026-04-01,CUST-014,Riverbend Polytechnic,Platinum,Education,Business Voice (SIP),123,123,123,17,86.18,12.88,0.669
2026-04-01,CUST-014,Riverbend Polytechnic,Platinum,Education,Managed Cloud,50,50,50,7,86.0,10.5,0.507
2026-04-01,CUST-014,Riverbend Polytechnic,Platinum,Education,MPLS WAN,31,31,31,4,87.1,10.86,0.571
2026-04-01,CUST-014,Riverbend Polytechnic,Platinum,Education,SD-WAN,169,169,169,35,79.29,13.52,0.687
2026-04-01,CUST-015,Aurora Pharmacies,Platinum,Healthcare,Business Voice (SIP),90,90,90,5,94.44,8.47,0.44
2026-04-01,CUST-015,Aurora Pharmacies,Platinum,Healthcare,Managed Cloud,52,52,52,5,90.38,10.25,0.473
2026-04-01,CUST-015,Aurora Pharmacies,Platinum,Healthcare,Managed Security,18,18,18,3,83.33,9.64,0.62
2026-04-01,CUST-015,Aurora Pharmacies,Platinum,Healthcare,SD-WAN,254,254,254,91,64.17,8.73,1.176
2026-04-01,CUST-015,Aurora Pharmacies,Platinum,Healthcare,Dedicated Internet,115,115,115,13,88.7,8.64,0.569
2026-04-01,CUST-016,Redwood Learning Trust,Silver,Education,MPLS WAN,7,7,7,0,100.0,11.02,0.309
2026-04-01,CUST-016,Redwood Learning Trust,Silver,Education,Dedicated Internet,43,43,43,4,90.7,24.87,0.452
2026-04-01,CUST-016,Redwood Learning Trust,Silver,Education,SD-WAN,81,81,81,20,75.31,18.02,0.737
2026-04-01,CUST-016,Redwood Learning Trust,Silver,Education,Managed Cloud,25,25,25,2,92.0,15.37,0.38
2026-04-01,CUST-016,Redwood Learning Trust,Silver,Education,Managed Security,15,15,15,1,93.33,31.43,0.498
2026-04-01,CUST-016,Redwood Learning Trust,Silver,Education,Business Voice (SIP),15,15,15,0,100.0,9.6,0.268
2026-04-01,CUST-017,Coastal Energy,Gold,Energy,MPLS WAN,27,27,27,3,88.89,17.83,0.501
2026-04-01,CUST-017,Coastal Energy,Gold,Energy,Managed Cloud,8,8,8,1,87.5,12.84,0.401
2026-04-01,CUST-017,Coastal Energy,Gold,Energy,Dedicated Internet,59,59,59,10,83.05,16.96,0.588
2026-04-01,CUST-017,Coastal Energy,Gold,Energy,Business Voice (SIP),47,47,47,5,89.36,17.43,0.517
2026-04-01,CUST-017,Coastal Energy,Gold,Energy,SD-WAN,43,43,43,9,79.07,29.49,0.79
2026-04-01,CUST-017,Coastal Energy,Gold,Energy,Managed Security,15,15,15,0,100.0,4.65,0.217
2026-04-01,CUST-018,Granite Power Co-op,Gold,Energy,Managed Security,42,42,42,0,100.0,12.22,0.277
2026-04-01,CUST-018,Granite Power Co-op,Gold,Energy,Managed Cloud,13,13,13,0,100.0,15.51,0.344
2026-04-01,CUST-018,Granite Power Co-op,Gold,Energy,SD-WAN,166,166,166,55,66.87,14.7,0.998
2026-04-01,CUST-018,Granite Power Co-op,Gold,Energy,MPLS WAN,67,67,67,7,89.55,17.22,0.54
2026-04-01,CUST-018,Granite Power Co-op,Gold,Energy,Business Voice (SIP),68,68,68,11,83.82,19.64,0.694
2026-04-01,CUST-018,Granite Power Co-op,Gold,Energy,Dedicated Internet,34,34,34,2,94.12,18.83,0.515
2026-04-01,CUST-019,Stonebridge Regional Authority,Gold,Public Sector,Business Voice (SIP),54,54,54,10,81.48,21.93,0.627
2026-04-01,CUST-019,Stonebridge Regional Authority,Gold,Public Sector,Dedicated Internet,56,56,56,4,92.86,18.33,0.44
2026-04-01,CUST-019,Stonebridge Regional Authority,Gold,Public Sector,Managed Cloud,7,7,7,0,100.0,17.09,0.455
2026-04-01,CUST-019,Stonebridge Regional Authority,Gold,Public Sector,Managed Security,46,46,46,5,89.13,13.59,0.416
2026-04-01,CUST-019,Stonebridge Regional Authority,Gold,Public Sector,MPLS WAN,41,41,41,7,82.93,28.67,0.711
2026-04-01,CUST-019,Stonebridge Regional Authority,Gold,Public Sector,SD-WAN,143,143,143,53,62.94,17.84,1.023
2026-04-01,CUST-020,Orchard Distribution,Silver,Logistics,MPLS WAN,4,4,4,0,100.0,36.81,0.562
2026-04-01,CUST-020,Orchard Distribution,Silver,Logistics,Managed Security,12,12,12,0,100.0,27.68,0.359
2026-04-01,CUST-020,Orchard Distribution,Silver,Logistics,Managed Cloud,5,5,5,0,100.0,7.35,0.471
2026-04-01,CUST-020,Orchard Distribution,Silver,Logistics,Business Voice (SIP),31,31,31,4,87.1,41.72,0.643
2026-04-01,CUST-020,Orchard Distribution,Silver,Logistics,Dedicated Internet,35,35,35,4,88.57,31.37,0.558
2026-04-01,CUST-021,Keystone Distribution,Gold,Logistics,Managed Security,41,41,41,4,90.24,18.43,0.462
2026-04-01,CUST-021,Keystone Distribution,Gold,Logistics,Business Voice (SIP),60,60,60,8,86.67,15.24,0.482
2026-04-01,CUST-021,Keystone Distribution,Gold,Logistics,Managed Cloud,50,50,50,6,88.0,18.13,0.504
2026-04-01,CUST-021,Keystone Distribution,Gold,Logistics,Dedicated Internet,66,66,66,7,89.39,19.48,0.56
2026-04-01,CUST-021,Keystone Distribution,Gold,Logistics,MPLS WAN,18,18,18,5,72.22,19.17,0.7
2026-04-01,CUST-021,Keystone Distribution,Gold,Logistics,SD-WAN,324,324,324,131,59.57,15.89,1.235
2026-04-01,CUST-022,Ironwood Health Network,Silver,Healthcare,Managed Cloud,17,17,17,3,82.35,42.98,1.036
2026-04-01,CUST-022,Ironwood Health Network,Silver,Healthcare,MPLS WAN,9,9,9,2,77.78,43.24,0.681
2026-04-01,CUST-022,Ironwood Health Network,Silver,Healthcare,SD-WAN,72,72,72,28,61.11,26.06,0.953
2026-04-01,CUST-022,Ironwood Health Network,Silver,Healthcare,Business Voice (SIP),15,15,15,3,80.0,27.85,0.524
2026-04-01,CUST-022,Ironwood Health Network,Silver,Healthcare,Dedicated Internet,24,24,24,5,79.17,29.96,0.681
2026-04-01,CUST-023,Silverline Learning Trust,Bronze,Education,Managed Cloud,28,28,28,2,92.86,38.44,0.431
2026-04-01,CUST-023,Silverline Learning Trust,Bronze,Education,SD-WAN,39,39,39,9,76.92,58.8,0.715
2026-04-01,CUST-023,Silverline Learning Trust,Bronze,Education,MPLS WAN,17,17,17,3,82.35,65.72,0.651
2026-04-01,CUST-023,Silverline Learning Trust,Bronze,Education,Managed Security,19,19,19,2,89.47,26.6,0.398
2026-04-01,CUST-023,Silverline Learning Trust,Bronze,Education,Dedicated Internet,56,56,56,11,80.36,42.61,0.577
2026-04-01,CUST-023,Silverline Learning Trust,Bronze,Education,Business Voice (SIP),29,29,29,7,75.86,38.71,0.589
2026-04-01,CUST-024,Cascadia Academy,Gold,Education,SD-WAN,23,23,23,6,73.91,34.33,0.796
2026-04-01,CUST-024,Cascadia Academy,Gold,Education,Dedicated Internet,95,95,95,20,78.95,26.41,0.756
2026-04-01,CUST-024,Cascadia Academy,Gold,Education,Managed Security,31,31,31,3,90.32,18.12,0.53
2026-04-01,CUST-024,Cascadia Academy,Gold,Education,MPLS WAN,16,16,16,3,81.25,40.02,1.026
2026-04-01,CUST-024,Cascadia Academy,Gold,Education,Business Voice (SIP),73,73,73,11,84.93,32.47,0.69
2026-04-01,CUST-024,Cascadia Academy,Gold,Education,Managed Cloud,47,47,47,3,93.62,17.36,0.534
2026-04-01,CUST-025,Cedar Marketplaces,Bronze,Retail,SD-WAN,18,18,18,5,72.22,68.53,0.824
2026-04-01,CUST-025,Cedar Marketplaces,Bronze,Retail,MPLS WAN,7,7,7,2,71.43,75.47,0.718
2026-04-01,CUST-026,Frontier Freight Lines,Gold,Logistics,MPLS WAN,13,13,13,1,92.31,21.01,0.547
2026-04-01,CUST-026,Frontier Freight Lines,Gold,Logistics,Managed Cloud,44,44,44,4,90.91,19.06,0.511
2026-04-01,CUST-026,Frontier Freight Lines,Gold,Logistics,Business Voice (SIP),68,68,68,5,92.65,16.2,0.461
2026-04-01,CUST-026,Frontier Freight Lines,Gold,Logistics,Managed Security,15,15,15,0,100.0,10.55,0.281
2026-04-01,CUST-026,Frontier Freight Lines,Gold,Logistics,Dedicated Internet,72,72,72,12,83.33,26.59,0.606
2026-04-01,CUST-026,Frontier Freight Lines,Gold,Logistics,SD-WAN,66,66,66,18,72.73,31.83,0.699
2026-04-01,CUST-027,Trillium Medical Centres,Bronze,Healthcare,Managed Cloud,11,11,11,1,90.91,38.92,0.51
2026-04-01,CUST-027,Trillium Medical Centres,Bronze,Healthcare,Managed Security,18,18,18,3,83.33,84.31,0.747
2026-04-01,CUST-027,Trillium Medical Centres,Bronze,Healthcare,Business Voice (SIP),9,9,9,3,66.67,31.39,0.843
2026-04-01,CUST-027,Trillium Medical Centres,Bronze,Healthcare,Dedicated Internet,26,26,26,8,69.23,63.47,0.833
2026-04-01,CUST-028,Beacon Pipelines,Bronze,Energy,Managed Security,8,8,8,1,87.5,39.15,0.438
2026-04-01,CUST-028,Beacon Pipelines,Bronze,Energy,Dedicated Internet,22,22,22,8,63.64,76.53,0.92
2026-04-01,CUST-028,Beacon Pipelines,Bronze,Energy,Managed Cloud,15,15,15,5,66.67,65.8,0.761
2026-04-01,CUST-028,Beacon Pipelines,Bronze,Energy,MPLS WAN,4,4,4,3,25.0,117.36,1.312
2026-04-01,CUST-028,Beacon Pipelines,Bronze,Energy,SD-WAN,37,37,37,28,24.32,63.76,2.184
2026-04-01,CUST-029,Pinecrest Energy,Bronze,Energy,Dedicated Internet,8,8,8,0,100.0,30.1,0.369
2026-04-01,CUST-029,Pinecrest Energy,Bronze,Energy,Business Voice (SIP),9,9,9,0,100.0,65.59,0.513
2026-04-01,CUST-029,Pinecrest Energy,Bronze,Energy,SD-WAN,8,8,8,0,100.0,64.63,0.416
2026-04-01,CUST-030,Summit Retail Group,Platinum,Retail,Managed Security,47,47,47,2,95.74,8.72,0.482
2026-04-01,CUST-030,Summit Retail Group,Platinum,Retail,Dedicated Internet,73,73,73,8,89.04,7.34,0.534
2026-04-01,CUST-030,Summit Retail Group,Platinum,Retail,Managed Cloud,42,42,42,1,97.62,6.94,0.422
2026-04-01,CUST-030,Summit Retail Group,Platinum,Retail,Business Voice (SIP),155,155,155,8,94.84,7.59,0.421
2026-04-01,CUST-030,Summit Retail Group,Platinum,Retail,MPLS WAN,53,53,53,4,92.45,8.48,0.538
2026-04-01,CUST-030,Summit Retail Group,Platinum,Retail,SD-WAN,146,146,146,13,91.1,11.99,0.62
2026-04-01,CUST-031,Crestview Pipelines,Silver,Energy,Business Voice (SIP),15,15,15,2,86.67,16.05,0.536
2026-04-01,CUST-031,Crestview Pipelines,Silver,Energy,SD-WAN,22,22,22,2,90.91,28.77,0.545
2026-04-01,CUST-031,Crestview Pipelines,Silver,Energy,Managed Cloud,14,14,14,0,100.0,12.79,0.314
2026-04-01,CUST-031,Crestview Pipelines,Silver,Energy,Managed Security,1,1,1,0,100.0,52.62,0.438
2026-04-01,CUST-031,Crestview Pipelines,Silver,Energy,Dedicated Internet,10,10,10,0,100.0,16.08,0.443
2026-04-01,CUST-032,Meridian Distribution,Platinum,Logistics,Business Voice (SIP),146,146,146,7,95.21,9.99,0.492
2026-04-01,CUST-032,Meridian Distribution,Platinum,Logistics,MPLS WAN,14,14,14,0,100.0,4.72,0.396
2026-04-01,CUST-032,Meridian Distribution,Platinum,Logistics,SD-WAN,149,149,149,34,77.18,10.77,0.88
2026-04-01,CUST-032,Meridian Distribution,Platinum,Logistics,Dedicated Internet,111,111,111,13,88.29,9.71,0.645
2026-04-01,CUST-032,Meridian Distribution,Platinum,Logistics,Managed Security,62,62,62,5,91.94,10.56,0.477
2026-04-01,CUST-032,Meridian Distribution,Platinum,Logistics,Managed Cloud,21,21,21,1,95.24,6.9,0.411
2026-04-01,CUST-033,Boreal Retail Group,Gold,Retail,SD-WAN,108,108,108,23,78.7,19.27,0.848
2026-04-01,CUST-033,Boreal Retail Group,Gold,Retail,MPLS WAN,44,44,44,7,84.09,17.15,0.601
2026-04-01,CUST-033,Boreal Retail Group,Gold,Retail,Dedicated Internet,30,30,30,2,93.33,15.36,0.483
2026-04-01,CUST-033,Boreal Retail Group,Gold,Retail,Business Voice (SIP),67,67,67,8,88.06,16.85,0.586
2026-04-01,CUST-033,Boreal Retail Group,Gold,Retail,Managed Security,33,33,33,2,93.94,12.53,0.316
2026-04-01,CUST-033,Boreal Retail Group,Gold,Retail,Managed Cloud,27,27,27,4,85.19,10.74,0.417
2026-04-01,CUST-034,Evergreen Stores Ltd.,Platinum,Retail,Managed Security,36,36,36,2,94.44,6.71,0.428
2026-04-01,CUST-034,Evergreen Stores Ltd.,Platinum,Retail,SD-WAN,89,89,89,36,59.55,16.31,1.187
2026-04-01,CUST-034,Evergreen Stores Ltd.,Platinum,Retail,Managed Cloud,8,8,8,2,75.0,10.73,0.613
2026-04-01,CUST-034,Evergreen Stores Ltd.,Platinum,Retail,Business Voice (SIP),75,75,75,15,80.0,10.94,0.722
2026-04-01,CUST-034,Evergreen Stores Ltd.,Platinum,Retail,Dedicated Internet,69,69,69,8,88.41,10.28,0.76
2026-04-01,CUST-034,Evergreen Stores Ltd.,Platinum,Retail,MPLS WAN,26,26,26,7,73.08,19.84,1.071
2026-04-01,CUST-035,Ridgeline Stores Ltd.,Gold,Retail,Dedicated Internet,91,91,91,8,91.21,19.6,0.502
2026-04-01,CUST-035,Ridgeline Stores Ltd.,Gold,Retail,SD-WAN,93,93,93,22,76.34,14.35,0.816
2026-04-01,CUST-035,Ridgeline Stores Ltd.,Gold,Retail,MPLS WAN,26,26,26,0,100.0,20.86,0.434
2026-04-01,CUST-035,Ridgeline Stores Ltd.,Gold,Retail,Business Voice (SIP),59,59,59,2,96.61,12.22,0.403
2026-04-01,CUST-035,Ridgeline Stores Ltd.,Gold,Retail,Managed Security,5,5,5,0,100.0,25.92,0.321
2026-04-01,CUST-036,Highland College,Platinum,Education,MPLS WAN,50,50,50,7,86.0,13.25,0.757
2026-04-01,CUST-036,Highland College,Platinum,Education,Managed Security,21,21,21,2,90.48,5.97,0.516
2026-04-01,CUST-036,Highland College,Platinum,Education,Business Voice (SIP),107,107,107,10,90.65,7.64,0.416
2026-04-01,CUST-036,Highland College,Platinum,Education,Dedicated Internet,95,95,95,9,90.53,11.41,0.685
2026-04-01,CUST-036,Highland College,Platinum,Education,SD-WAN,66,66,66,5,92.42,12.89,0.508
2026-04-01,CUST-036,Highland College,Platinum,Education,Managed Cloud,51,51,51,4,92.16,6.21,0.451
2026-04-01,CUST-037,Glacier Retail Group,Gold,Retail,MPLS WAN,35,35,35,8,77.14,38.9,0.972
2026-04-01,CUST-037,Glacier Retail Group,Gold,Retail,SD-WAN,96,96,96,33,65.63,22.49,1.173
2026-04-01,CUST-037,Glacier Retail Group,Gold,Retail,Managed Security,14,14,14,0,100.0,26.11,0.454
2026-04-01,CUST-037,Glacier Retail Group,Gold,Retail,Business Voice (SIP),56,56,56,11,80.36,24.26,0.728
2026-04-01,CUST-037,Glacier Retail Group,Gold,Retail,Managed Cloud,30,30,30,5,83.33,17.06,0.596
2026-04-01,CUST-037,Glacier Retail Group,Gold,Retail,Dedicated Internet,108,108,108,20,81.48,29.25,0.639
2026-04-01,CUST-038,Harbour Renewables,Silver,Energy,SD-WAN,25,25,25,6,76.0,45.05,0.722
2026-04-01,CUST-038,Harbour Renewables,Silver,Energy,Business Voice (SIP),10,10,10,1,90.0,36.81,0.552
2026-04-01,CUST-038,Harbour Renewables,Silver,Energy,Dedicated Internet,53,53,53,6,88.68,31.56,0.59
2026-04-01,CUST-038,Harbour Renewables,Silver,Energy,Managed Cloud,7,7,7,0,100.0,16.39,0.294
2026-04-01,CUST-038,Harbour Renewables,Silver,Energy,Managed Security,8,8,8,2,75.0,27.66,0.607
2026-04-01,CUST-038,Harbour Renewables,Silver,Energy,MPLS WAN,39,39,39,3,92.31,36.46,0.575
2026-04-01,CUST-039,Quarry Academy,Silver,Education,Managed Security,16,16,16,1,93.75,22.3,0.442
2026-04-01,CUST-039,Quarry Academy,Silver,Education,MPLS WAN,32,32,32,5,84.38,43.76,0.907
2026-04-01,CUST-039,Quarry Academy,Silver,Education,SD-WAN,154,154,154,43,72.08,23.99,0.853
2026-04-01,CUST-039,Quarry Academy,Silver,Education,Business Voice (SIP),72,72,72,9,87.5,26.34,0.502
2026-04-01,CUST-039,Quarry Academy,Silver,Education,Managed Cloud,13,13,13,0,100.0,33.88,0.378
2026-04-01,CUST-039,Quarry Academy,Silver,Education,Dedicated Internet,71,71,71,5,92.96,23.87,0.457
2026-04-01,CUST-040,Tundra Fabrication,Gold,Manufacturing,Dedicated Internet,61,61,61,2,96.72,17.49,0.437
2026-04-01,CUST-040,Tundra Fabrication,Gold,Manufacturing,Business Voice (SIP),66,66,66,7,89.39,16.97,0.55
2026-04-01,CUST-040,Tundra Fabrication,Gold,Manufacturing,Managed Cloud,22,22,22,2,90.91,17.34,0.459
2026-04-01,CUST-040,Tundra Fabrication,Gold,Manufacturing,MPLS WAN,5,5,5,0,100.0,37.0,0.542
2026-04-01,CUST-040,Tundra Fabrication,Gold,Manufacturing,Managed Security,9,9,9,0,100.0,10.63,0.287
2026-04-01,CUST-040,Tundra Fabrication,Gold,Manufacturing,SD-WAN,56,56,56,26,53.57,12.81,1.137
2026-05-01,CUST-001,Lakeview Health Network,Silver,Healthcare,Business Voice (SIP),23,23,23,2,91.3,30.37,0.487
2026-05-01,CUST-001,Lakeview Health Network,Silver,Healthcare,MPLS WAN,12,12,12,2,83.33,46.79,0.714
2026-05-01,CUST-001,Lakeview Health Network,Silver,Healthcare,Managed Security,7,7,7,0,100.0,12.26,0.233
2026-05-01,CUST-001,Lakeview Health Network,Silver,Healthcare,Dedicated Internet,36,36,36,2,94.44,29.25,0.41
2026-05-01,CUST-001,Lakeview Health Network,Silver,Healthcare,Managed Cloud,9,9,9,1,88.89,37.21,0.525
2026-05-01,CUST-001,Lakeview Health Network,Silver,Healthcare,SD-WAN,6,6,6,1,83.33,36.61,0.622
2026-05-01,CUST-002,Westgate Care Group,Silver,Healthcare,MPLS WAN,2,2,2,0,100.0,22.9,0.286
2026-05-01,CUST-002,Westgate Care Group,Silver,Healthcare,Dedicated Internet,6,6,6,0,100.0,17.07,0.49
2026-05-01,CUST-002,Westgate Care Group,Silver,Healthcare,Managed Cloud,5,5,5,0,100.0,42.49,0.434
2026-05-01,CUST-002,Westgate Care Group,Silver,Healthcare,Business Voice (SIP),5,5,5,1,80.0,50.58,0.61
2026-05-01,CUST-002,Westgate Care Group,Silver,Healthcare,SD-WAN,8,8,8,2,75.0,30.65,0.695
2026-05-01,CUST-003,Juniper Polytechnic,Platinum,Education,Managed Cloud,35,35,35,5,85.71,11.88,0.585
2026-05-01,CUST-003,Juniper Polytechnic,Platinum,Education,Managed Security,65,65,65,0,100.0,8.09,0.422
2026-05-01,CUST-003,Juniper Polytechnic,Platinum,Education,SD-WAN,122,122,122,30,75.41,13.85,0.842
2026-05-01,CUST-003,Juniper Polytechnic,Platinum,Education,MPLS WAN,38,38,38,7,81.58,18.03,0.628
2026-05-01,CUST-003,Juniper Polytechnic,Platinum,Education,Dedicated Internet,151,151,151,17,88.74,12.1,0.635
2026-05-01,CUST-003,Juniper Polytechnic,Platinum,Education,Business Voice (SIP),107,107,107,22,79.44,16.88,0.804
2026-05-01,CUST-004,Heritage College,Bronze,Education,SD-WAN,32,32,32,10,68.75,78.62,0.942
2026-05-01,CUST-004,Heritage College,Bronze,Education,Dedicated Internet,33,33,33,5,84.85,48.48,0.674
2026-05-01,CUST-004,Heritage College,Bronze,Education,MPLS WAN,8,8,8,1,87.5,79.47,0.703
2026-05-01,CUST-004,Heritage College,Bronze,Education,Managed Cloud,16,16,16,5,68.75,49.74,0.72
2026-05-01,CUST-004,Heritage College,Bronze,Education,Managed Security,21,21,21,1,95.24,45.39,0.48
2026-05-01,CUST-005,Bluewater Health Network,Silver,Healthcare,Dedicated Internet,11,11,11,1,90.91,30.8,0.442
2026-05-01,CUST-005,Bluewater Health Network,Silver,Healthcare,SD-WAN,25,25,25,4,84.0,33.74,0.651
2026-05-01,CUST-005,Bluewater Health Network,Silver,Healthcare,Business Voice (SIP),44,44,44,10,77.27,23.73,0.673
2026-05-01,CUST-005,Bluewater Health Network,Silver,Healthcare,Managed Security,16,16,16,0,100.0,13.73,0.371
2026-05-01,CUST-006,Northshore Utilities,Silver,Public Sector,Business Voice (SIP),60,60,60,8,86.67,31.39,0.541
2026-05-01,CUST-006,Northshore Utilities,Silver,Public Sector,SD-WAN,28,28,28,6,78.57,41.91,0.69
2026-05-01,CUST-006,Northshore Utilities,Silver,Public Sector,Dedicated Internet,39,39,39,6,84.62,19.97,0.514
2026-05-01,CUST-006,Northshore Utilities,Silver,Public Sector,Managed Security,11,11,11,0,100.0,9.53,0.271
2026-05-01,CUST-006,Northshore Utilities,Silver,Public Sector,MPLS WAN,2,2,2,1,50.0,31.76,0.956
2026-05-01,CUST-007,Ashford Renewables,Bronze,Energy,Dedicated Internet,14,14,14,4,71.43,62.53,0.754
2026-05-01,CUST-007,Ashford Renewables,Bronze,Energy,Managed Cloud,10,10,10,0,100.0,27.56,0.344
2026-05-01,CUST-007,Ashford Renewables,Bronze,Energy,Managed Security,17,17,17,2,88.24,33.71,0.533
2026-05-01,CUST-007,Ashford Renewables,Bronze,Energy,Business Voice (SIP),4,4,4,0,100.0,66.04,0.644
2026-05-01,CUST-007,Ashford Renewables,Bronze,Energy,SD-WAN,16,16,16,5,68.75,71.15,0.756
2026-05-01,CUST-008,Maple College,Gold,Education,MPLS WAN,20,20,20,2,90.0,24.43,0.559
2026-05-01,CUST-008,Maple College,Gold,Education,Managed Cloud,27,27,27,1,96.3,15.96,0.316
2026-05-01,CUST-008,Maple College,Gold,Education,Business Voice (SIP),32,32,32,1,96.88,15.21,0.333
2026-05-01,CUST-008,Maple College,Gold,Education,Managed Security,6,6,6,0,100.0,3.33,0.275
2026-05-01,CUST-008,Maple College,Gold,Education,SD-WAN,54,54,54,5,90.74,22.85,0.546
2026-05-01,CUST-008,Maple College,Gold,Education,Dedicated Internet,44,44,44,6,86.36,8.99,0.418
2026-05-01,CUST-009,Dominion Outfitters,Silver,Retail,Dedicated Internet,11,11,11,0,100.0,25.03,0.28
2026-05-01,CUST-009,Dominion Outfitters,Silver,Retail,Business Voice (SIP),39,39,39,3,92.31,31.65,0.506
2026-05-01,CUST-009,Dominion Outfitters,Silver,Retail,Managed Security,8,8,8,1,87.5,40.85,0.559
2026-05-01,CUST-009,Dominion Outfitters,Silver,Retail,SD-WAN,13,13,13,2,84.62,36.82,0.714
2026-05-01,CUST-009,Dominion Outfitters,Silver,Retail,Managed Cloud,15,15,15,2,86.67,29.9,0.588
2026-05-01,CUST-010,Lighthouse Manufacturing,Gold,Manufacturing,MPLS WAN,45,45,45,3,93.33,23.1,0.482
2026-05-01,CUST-010,Lighthouse Manufacturing,Gold,Manufacturing,Business Voice (SIP),36,36,36,4,88.89,16.54,0.427
2026-05-01,CUST-010,Lighthouse Manufacturing,Gold,Manufacturing,Managed Security,13,13,13,0,100.0,23.72,0.42
2026-05-01,CUST-010,Lighthouse Manufacturing,Gold,Manufacturing,Dedicated Internet,39,39,39,5,87.18,16.21,0.57
2026-05-01,CUST-010,Lighthouse Manufacturing,Gold,Manufacturing,SD-WAN,74,74,74,8,89.19,18.72,0.538
2026-05-01,CUST-010,Lighthouse Manufacturing,Gold,Manufacturing,Managed Cloud,27,27,27,2,92.59,19.52,0.523
2026-05-01,CUST-011,Prairie Health Network,Silver,Healthcare,MPLS WAN,8,8,8,0,100.0,24.6,0.376
2026-05-01,CUST-011,Prairie Health Network,Silver,Healthcare,Managed Cloud,27,27,27,1,96.3,13.77,0.356
2026-05-01,CUST-011,Prairie Health Network,Silver,Healthcare,SD-WAN,43,43,43,7,83.72,30.07,0.714
2026-05-01,CUST-011,Prairie Health Network,Silver,Healthcare,Dedicated Internet,45,45,45,5,88.89,36.58,0.548
2026-05-01,CUST-011,Prairie Health Network,Silver,Healthcare,Managed Security,9,9,9,0,100.0,16.12,0.263
2026-05-01,CUST-011,Prairie Health Network,Silver,Healthcare,Business Voice (SIP),11,11,11,1,90.91,32.94,0.59
2026-05-01,CUST-012,Pioneer Freight Lines,Silver,Logistics,Dedicated Internet,30,30,30,2,93.33,27.22,0.52
2026-05-01,CUST-012,Pioneer Freight Lines,Silver,Logistics,Managed Cloud,8,8,8,1,87.5,37.98,0.592
2026-05-01,CUST-012,Pioneer Freight Lines,Silver,Logistics,SD-WAN,95,95,95,34,64.21,57.37,1.02
2026-05-01,CUST-012,Pioneer Freight Lines,Silver,Logistics,Managed Security,8,8,8,0,100.0,19.86,0.424
2026-05-01,CUST-012,Pioneer Freight Lines,Silver,Logistics,Business Voice (SIP),59,59,59,8,86.44,33.14,0.567
2026-05-01,CUST-013,Nordic School Board,Gold,Public Sector,Dedicated Internet,22,22,22,1,95.45,15.7,0.349
2026-05-01,CUST-013,Nordic School Board,Gold,Public Sector,Business Voice (SIP),34,34,34,7,79.41,20.39,0.72
2026-05-01,CUST-013,Nordic School Board,Gold,Public Sector,Managed Cloud,46,46,46,5,89.13,12.47,0.459
2026-05-01,CUST-013,Nordic School Board,Gold,Public Sector,SD-WAN,42,42,42,7,83.33,24.56,0.657
2026-05-01,CUST-013,Nordic School Board,Gold,Public Sector,MPLS WAN,20,20,20,5,75.0,28.51,0.984
2026-05-01,CUST-013,Nordic School Board,Gold,Public Sector,Managed Security,34,34,34,0,100.0,9.89,0.325
2026-05-01,CUST-014,Riverbend Polytechnic,Platinum,Education,Managed Security,30,30,30,1,96.67,11.62,0.451
2026-05-01,CUST-014,Riverbend Polytechnic,Platinum,Education,MPLS WAN,25,25,25,4,84.0,13.8,0.785
2026-05-01,CUST-014,Riverbend Polytechnic,Platinum,Education,Managed Cloud,53,53,53,10,81.13,10.9,0.572
2026-05-01,CUST-014,Riverbend Polytechnic,Platinum,Education,Dedicated Internet,74,74,74,13,82.43,14.52,0.631
2026-05-01,CUST-014,Riverbend Polytechnic,Platinum,Education,Business Voice (SIP),129,129,129,19,85.27,9.39,0.63
2026-05-01,CUST-014,Riverbend Polytechnic,Platinum,Education,SD-WAN,146,146,146,39,73.29,18.33,0.968
2026-05-01,CUST-015,Aurora Pharmacies,Platinum,Healthcare,Managed Security,25,25,25,0,100.0,6.9,0.334
2026-05-01,CUST-015,Aurora Pharmacies,Platinum,Healthcare,Managed Cloud,46,46,46,4,91.3,9.61,0.685
2026-05-01,CUST-015,Aurora Pharmacies,Platinum,Healthcare,SD-WAN,133,133,133,19,85.71,11.16,0.692
2026-05-01,CUST-015,Aurora Pharmacies,Platinum,Healthcare,Dedicated Internet,133,133,133,13,90.23,6.13,0.54
2026-05-01,CUST-015,Aurora Pharmacies,Platinum,Healthcare,Business Voice (SIP),75,75,75,5,93.33,9.3,0.435
2026-05-01,CUST-016,Redwood Learning Trust,Silver,Education,SD-WAN,33,33,33,7,78.79,26.79,0.574
2026-05-01,CUST-016,Redwood Learning Trust,Silver,Education,Dedicated Internet,43,43,43,6,86.05,17.01,0.448
2026-05-01,CUST-016,Redwood Learning Trust,Silver,Education,Managed Cloud,28,28,28,0,100.0,12.17,0.228
2026-05-01,CUST-016,Redwood Learning Trust,Silver,Education,Business Voice (SIP),16,16,16,0,100.0,21.45,0.347
2026-05-01,CUST-016,Redwood Learning Trust,Silver,Education,MPLS WAN,10,10,10,0,100.0,22.1,0.302
2026-05-01,CUST-016,Redwood Learning Trust,Silver,Education,Managed Security,8,8,8,0,100.0,19.6,0.365
2026-05-01,CUST-017,Coastal Energy,Gold,Energy,Managed Cloud,12,12,12,2,83.33,18.87,0.488
2026-05-01,CUST-017,Coastal Energy,Gold,Energy,Dedicated Internet,53,53,53,3,94.34,15.22,0.506
2026-05-01,CUST-017,Coastal Energy,Gold,Energy,MPLS WAN,23,23,23,3,86.96,23.49,0.596
2026-05-01,CUST-017,Coastal Energy,Gold,Energy,Managed Security,14,14,14,0,100.0,11.44,0.241
2026-05-01,CUST-017,Coastal Energy,Gold,Energy,SD-WAN,48,48,48,10,79.17,32.4,0.784
2026-05-01,CUST-017,Coastal Energy,Gold,Energy,Business Voice (SIP),38,38,38,4,89.47,19.37,0.489
2026-05-01,CUST-018,Granite Power Co-op,Gold,Energy,Managed Cloud,19,19,19,0,100.0,11.2,0.333
2026-05-01,CUST-018,Granite Power Co-op,Gold,Energy,Business Voice (SIP),68,68,68,10,85.29,24.34,0.678
2026-05-01,CUST-018,Granite Power Co-op,Gold,Energy,SD-WAN,62,62,62,8,87.1,22.07,0.72
2026-05-01,CUST-018,Granite Power Co-op,Gold,Energy,Dedicated Internet,25,25,25,0,100.0,17.72,0.403
2026-05-01,CUST-018,Granite Power Co-op,Gold,Energy,MPLS WAN,65,65,65,3,95.38,15.99,0.453
2026-05-01,CUST-018,Granite Power Co-op,Gold,Energy,Managed Security,37,37,37,1,97.3,15.61,0.407
2026-05-01,CUST-019,Stonebridge Regional Authority,Gold,Public Sector,SD-WAN,82,82,82,12,85.37,23.96,0.614
2026-05-01,CUST-019,Stonebridge Regional Authority,Gold,Public Sector,Managed Security,42,42,42,3,92.86,5.18,0.359
2026-05-01,CUST-019,Stonebridge Regional Authority,Gold,Public Sector,Business Voice (SIP),63,63,63,4,93.65,15.66,0.47
2026-05-01,CUST-019,Stonebridge Regional Authority,Gold,Public Sector,MPLS WAN,47,47,47,10,78.72,22.75,0.676
2026-05-01,CUST-019,Stonebridge Regional Authority,Gold,Public Sector,Managed Cloud,26,26,26,3,88.46,26.8,0.622
2026-05-01,CUST-019,Stonebridge Regional Authority,Gold,Public Sector,Dedicated Internet,42,42,42,7,83.33,24.26,0.875
2026-05-01,CUST-020,Orchard Distribution,Silver,Logistics,Dedicated Internet,37,37,37,8,78.38,26.86,0.603
2026-05-01,CUST-020,Orchard Distribution,Silver,Logistics,Managed Cloud,1,1,1,0,100.0,106.19,0.885
2026-05-01,CUST-020,Orchard Distribution,Silver,Logistics,Business Voice (SIP),34,34,34,7,79.41,37.66,0.641
2026-05-01,CUST-020,Orchard Distribution,Silver,Logistics,MPLS WAN,1,1,1,0,100.0,16.88,0.141
2026-05-01,CUST-020,Orchard Distribution,Silver,Logistics,Managed Security,3,3,3,0,100.0,22.08,0.342
2026-05-01,CUST-021,Keystone Distribution,Gold,Logistics,Managed Cloud,47,47,47,4,91.49,17.1,0.444
2026-05-01,CUST-021,Keystone Distribution,Gold,Logistics,SD-WAN,116,116,116,19,83.62,24.87,0.664
2026-05-01,CUST-021,Keystone Distribution,Gold,Logistics,MPLS WAN,18,18,18,4,77.78,22.47,0.707
2026-05-01,CUST-021,Keystone Distribution,Gold,Logistics,Business Voice (SIP),68,68,68,7,89.71,21.86,0.557
2026-05-01,CUST-021,Keystone Distribution,Gold,Logistics,Dedicated Internet,76,76,76,4,94.74,13.82,0.441
2026-05-01,CUST-021,Keystone Distribution,Gold,Logistics,Managed Security,29,29,29,6,79.31,14.49,0.725
2026-05-01,CUST-022,Ironwood Health Network,Silver,Healthcare,Dedicated Internet,31,31,31,7,77.42,35.6,0.661
2026-05-01,CUST-022,Ironwood Health Network,Silver,Healthcare,Business Voice (SIP),18,18,18,4,77.78,24.94,0.654
2026-05-01,CUST-022,Ironwood Health Network,Silver,Healthcare,Managed Cloud,21,21,21,1,95.24,31.27,0.552
2026-05-01,CUST-022,Ironwood Health Network,Silver,Healthcare,MPLS WAN,7,7,7,1,85.71,22.05,0.788
2026-05-01,CUST-022,Ironwood Health Network,Silver,Healthcare,SD-WAN,25,25,25,7,72.0,39.0,0.775
2026-05-01,CUST-023,Silverline Learning Trust,Bronze,Education,Managed Security,26,26,26,0,100.0,24.13,0.357
2026-05-01,CUST-023,Silverline Learning Trust,Bronze,Education,Business Voice (SIP),32,32,32,3,90.63,38.08,0.523
2026-05-01,CUST-023,Silverline Learning Trust,Bronze,Education,Dedicated Internet,47,47,47,9,80.85,33.57,0.69
2026-05-01,CUST-023,Silverline Learning Trust,Bronze,Education,SD-WAN,38,38,38,5,86.84,36.2,0.683
2026-05-01,CUST-023,Silverline Learning Trust,Bronze,Education,Managed Cloud,34,34,34,3,91.18,36.66,0.437
2026-05-01,CUST-023,Silverline Learning Trust,Bronze,Education,MPLS WAN,12,12,12,4,66.67,105.93,0.816
2026-05-01,CUST-024,Cascadia Academy,Gold,Education,Business Voice (SIP),79,79,79,15,81.01,13.21,0.674
2026-05-01,CUST-024,Cascadia Academy,Gold,Education,MPLS WAN,7,7,7,2,71.43,34.09,0.876
2026-05-01,CUST-024,Cascadia Academy,Gold,Education,SD-WAN,41,41,41,12,70.73,34.98,0.819
2026-05-01,CUST-024,Cascadia Academy,Gold,Education,Managed Cloud,62,62,62,5,91.94,19.73,0.486
2026-05-01,CUST-024,Cascadia Academy,Gold,Education,Managed Security,29,29,29,3,89.66,17.93,0.592
2026-05-01,CUST-024,Cascadia Academy,Gold,Education,Dedicated Internet,116,116,116,27,76.72,30.67,0.866
2026-05-01,CUST-025,Cedar Marketplaces,Bronze,Retail,MPLS WAN,5,5,5,3,40.0,103.67,1.384
2026-05-01,CUST-025,Cedar Marketplaces,Bronze,Retail,SD-WAN,24,23,24,9,62.5,60.41,0.94
2026-05-01,CUST-026,Frontier Freight Lines,Gold,Logistics,SD-WAN,82,82,82,17,79.27,24.07,0.694
2026-05-01,CUST-026,Frontier Freight Lines,Gold,Logistics,Dedicated Internet,72,72,72,6,91.67,21.01,0.565
2026-05-01,CUST-026,Frontier Freight Lines,Gold,Logistics,MPLS WAN,3,3,3,0,100.0,7.48,0.313
2026-05-01,CUST-026,Frontier Freight Lines,Gold,Logistics,Business Voice (SIP),69,69,69,11,84.06,22.08,0.647
2026-05-01,CUST-026,Frontier Freight Lines,Gold,Logistics,Managed Security,22,22,22,2,90.91,12.05,0.549
2026-05-01,CUST-026,Frontier Freight Lines,Gold,Logistics,Managed Cloud,50,50,50,2,96.0,17.08,0.416
2026-05-01,CUST-027,Trillium Medical Centres,Bronze,Healthcare,Business Voice (SIP),8,8,8,1,87.5,44.84,0.599
2026-05-01,CUST-027,Trillium Medical Centres,Bronze,Healthcare,Managed Security,17,17,17,1,94.12,33.02,0.543
2026-05-01,CUST-027,Trillium Medical Centres,Bronze,Healthcare,Dedicated Internet,35,35,35,11,68.57,80.03,0.958
2026-05-01,CUST-027,Trillium Medical Centres,Bronze,Healthcare,Managed Cloud,13,13,13,1,92.31,23.61,0.626
2026-05-01,CUST-028,Beacon Pipelines,Bronze,Energy,Dedicated Internet,16,16,16,3,81.25,40.78,0.78
2026-05-01,CUST-028,Beacon Pipelines,Bronze,Energy,SD-WAN,13,13,13,7,46.15,93.5,1.114
2026-05-01,CUST-028,Beacon Pipelines,Bronze,Energy,MPLS WAN,8,8,8,2,75.0,65.98,0.811
2026-05-01,CUST-028,Beacon Pipelines,Bronze,Energy,Managed Security,9,9,9,2,77.78,39.17,0.578
2026-05-01,CUST-028,Beacon Pipelines,Bronze,Energy,Managed Cloud,18,18,18,6,66.67,86.69,0.86
2026-05-01,CUST-029,Pinecrest Energy,Bronze,Energy,Dedicated Internet,11,11,11,0,100.0,45.23,0.406
2026-05-01,CUST-029,Pinecrest Energy,Bronze,Energy,Business Voice (SIP),4,4,4,1,75.0,43.99,0.696
2026-05-01,CUST-029,Pinecrest Energy,Bronze,Energy,SD-WAN,6,6,6,0,100.0,57.49,0.531
2026-05-01,CUST-030,Summit Retail Group,Platinum,Retail,Managed Cloud,56,56,56,1,98.21,6.41,0.384
2026-05-01,CUST-030,Summit Retail Group,Platinum,Retail,Business Voice (SIP),132,132,132,8,93.94,7.77,0.539
2026-05-01,CUST-030,Summit Retail Group,Platinum,Retail,Managed Security,51,51,51,3,94.12,6.71,0.34
2026-05-01,CUST-030,Summit Retail Group,Platinum,Retail,SD-WAN,144,144,144,18,87.5,11.88,0.558
2026-05-01,CUST-030,Summit Retail Group,Platinum,Retail,Dedicated Internet,94,94,94,6,93.62,9.85,0.521
2026-05-01,CUST-030,Summit Retail Group,Platinum,Retail,MPLS WAN,43,43,43,3,93.02,7.93,0.496
2026-05-01,CUST-031,Crestview Pipelines,Silver,Energy,Managed Security,6,6,6,0,100.0,21.65,0.298
2026-05-01,CUST-031,Crestview Pipelines,Silver,Energy,Managed Cloud,16,16,16,2,87.5,39.7,0.575
2026-05-01,CUST-031,Crestview Pipelines,Silver,Energy,Dedicated Internet,6,6,6,0,100.0,15.54,0.334
2026-05-01,CUST-031,Crestview Pipelines,Silver,Energy,Business Voice (SIP),14,14,14,4,71.43,33.54,0.722
2026-05-01,CUST-031,Crestview Pipelines,Silver,Energy,SD-WAN,39,39,39,6,84.62,29.77,0.646
2026-05-01,CUST-032,Meridian Distribution,Platinum,Logistics,MPLS WAN,12,12,12,0,100.0,11.66,0.398
2026-05-01,CUST-032,Meridian Distribution,Platinum,Logistics,Managed Cloud,12,12,12,0,100.0,8.34,0.374
2026-05-01,CUST-032,Meridian Distribution,Platinum,Logistics,Managed Security,65,65,65,3,95.38,7.23,0.369
2026-05-01,CUST-032,Meridian Distribution,Platinum,Logistics,Business Voice (SIP),166,166,166,24,85.54,11.14,0.634
2026-05-01,CUST-032,Meridian Distribution,Platinum,Logistics,SD-WAN,113,113,113,11,90.27,9.29,0.522
2026-05-01,CUST-032,Meridian Distribution,Platinum,Logistics,Dedicated Internet,123,123,123,6,95.12,9.95,0.453
2026-05-01,CUST-033,Boreal Retail Group,Gold,Retail,SD-WAN,72,72,72,12,83.33,24.09,0.598
2026-05-01,CUST-033,Boreal Retail Group,Gold,Retail,Dedicated Internet,34,34,34,0,100.0,11.59,0.318
2026-05-01,CUST-033,Boreal Retail Group,Gold,Retail,Business Voice (SIP),62,62,62,7,88.71,16.32,0.498
2026-05-01,CUST-033,Boreal Retail Group,Gold,Retail,Managed Security,31,31,31,2,93.55,9.43,0.34
2026-05-01,CUST-033,Boreal Retail Group,Gold,Retail,Managed Cloud,28,28,28,1,96.43,17.9,0.421
2026-05-01,CUST-033,Boreal Retail Group,Gold,Retail,MPLS WAN,42,42,42,5,88.1,17.69,0.539
2026-05-01,CUST-034,Evergreen Stores Ltd.,Platinum,Retail,Business Voice (SIP),74,74,74,14,81.08,17.89,0.76
2026-05-01,CUST-034,Evergreen Stores Ltd.,Platinum,Retail,Dedicated Internet,66,66,66,9,86.36,13.27,0.642
2026-05-01,CUST-034,Evergreen Stores Ltd.,Platinum,Retail,Managed Security,31,31,31,2,93.55,9.53,0.42
2026-05-01,CUST-034,Evergreen Stores Ltd.,Platinum,Retail,MPLS WAN,14,14,14,3,78.57,19.27,0.724
2026-05-01,CUST-034,Evergreen Stores Ltd.,Platinum,Retail,Managed Cloud,14,14,14,1,92.86,12.73,0.545
2026-05-01,CUST-034,Evergreen Stores Ltd.,Platinum,Retail,SD-WAN,62,62,62,17,72.58,22.07,0.783
2026-05-01,CUST-035,Ridgeline Stores Ltd.,Gold,Retail,Dedicated Internet,74,74,74,6,91.89,16.73,0.48
2026-05-01,CUST-035,Ridgeline Stores Ltd.,Gold,Retail,Business Voice (SIP),66,66,66,3,95.45,16.66,0.432
2026-05-01,CUST-035,Ridgeline Stores Ltd.,Gold,Retail,Managed Security,3,3,3,0,100.0,6.15,0.235
2026-05-01,CUST-035,Ridgeline Stores Ltd.,Gold,Retail,MPLS WAN,33,33,33,4,87.88,16.85,0.574
2026-05-01,CUST-035,Ridgeline Stores Ltd.,Gold,Retail,SD-WAN,78,78,78,8,89.74,27.84,0.68
2026-05-01,CUST-036,Highland College,Platinum,Education,MPLS WAN,35,35,35,7,80.0,13.98,0.606
2026-05-01,CUST-036,Highland College,Platinum,Education,Dedicated Internet,91,91,91,5,94.51,7.94,0.42
2026-05-01,CUST-036,Highland College,Platinum,Education,Business Voice (SIP),85,85,85,9,89.41,9.16,0.551
2026-05-01,CUST-036,Highland College,Platinum,Education,Managed Security,26,26,26,2,92.31,8.8,0.389
2026-05-01,CUST-036,Highland College,Platinum,Education,SD-WAN,66,66,66,7,89.39,11.72,0.543
2026-05-01,CUST-036,Highland College,Platinum,Education,Managed Cloud,47,47,47,4,91.49,9.43,0.504
2026-05-01,CUST-037,Glacier Retail Group,Gold,Retail,Dedicated Internet,101,101,101,17,83.17,16.74,0.58
2026-05-01,CUST-037,Glacier Retail Group,Gold,Retail,Managed Cloud,26,26,26,5,80.77,19.84,0.691
2026-05-01,CUST-037,Glacier Retail Group,Gold,Retail,Managed Security,13,13,13,3,76.92,13.19,0.599
2026-05-01,CUST-037,Glacier Retail Group,Gold,Retail,Business Voice (SIP),46,46,46,6,86.96,22.76,0.626
2026-05-01,CUST-037,Glacier Retail Group,Gold,Retail,MPLS WAN,65,65,65,14,78.46,23.16,0.681
2026-05-01,CUST-037,Glacier Retail Group,Gold,Retail,SD-WAN,68,68,68,18,73.53,30.43,0.737
2026-05-01,CUST-038,Harbour Renewables,Silver,Energy,MPLS WAN,30,30,30,5,83.33,37.96,0.709
2026-05-01,CUST-038,Harbour Renewables,Silver,Energy,SD-WAN,28,28,28,8,71.43,31.79,0.765
2026-05-01,CUST-038,Harbour Renewables,Silver,Energy,Managed Cloud,2,2,2,0,100.0,37.55,0.522
2026-05-01,CUST-038,Harbour Renewables,Silver,Energy,Managed Security,12,12,12,0,100.0,23.99,0.442
2026-05-01,CUST-038,Harbour Renewables,Silver,Energy,Business Voice (SIP),11,11,11,2,81.82,35.24,0.903
2026-05-01,CUST-038,Harbour Renewables,Silver,Energy,Dedicated Internet,41,41,41,8,80.49,32.06,0.916
2026-05-01,CUST-039,Quarry Academy,Silver,Education,Dedicated Internet,70,70,70,4,94.29,18.4,0.399
2026-05-01,CUST-039,Quarry Academy,Silver,Education,Managed Security,23,23,23,0,100.0,10.93,0.334
2026-05-01,CUST-039,Quarry Academy,Silver,Education,Managed Cloud,17,17,17,1,94.12,15.84,0.339
2026-05-01,CUST-039,Quarry Academy,Silver,Education,SD-WAN,68,68,68,9,86.76,26.17,0.562
2026-05-01,CUST-039,Quarry Academy,Silver,Education,MPLS WAN,38,38,38,2,94.74,25.87,0.447
2026-05-01,CUST-039,Quarry Academy,Silver,Education,Business Voice (SIP),62,62,62,4,93.55,25.61,0.463
2026-05-01,CUST-040,Tundra Fabrication,Gold,Manufacturing,Managed Security,14,14,14,2,85.71,25.53,0.536
2026-05-01,CUST-040,Tundra Fabrication,Gold,Manufacturing,SD-WAN,23,23,23,6,73.91,18.59,1.138
2026-05-01,CUST-040,Tundra Fabrication,Gold,Manufacturing,Dedicated Internet,64,64,64,7,89.06,17.47,0.501
2026-05-01,CUST-040,Tundra Fabrication,Gold,Manufacturing,Managed Cloud,16,16,16,3,81.25,16.67,0.571
2026-05-01,CUST-040,Tundra Fabrication,Gold,Manufacturing,MPLS WAN,6,6,6,1,83.33,22.11,0.529
2026-05-01,CUST-040,Tundra Fabrication,Gold,Manufacturing,Business Voice (SIP),60,60,60,5,91.67,26.34,0.671
2026-06-01,CUST-001,Lakeview Health Network,Silver,Healthcare,SD-WAN,7,7,7,0,100.0,29.2,0.469
2026-06-01,CUST-001,Lakeview Health Network,Silver,Healthcare,Business Voice (SIP),23,20,20,1,95.0,19.53,0.448
2026-06-01,CUST-001,Lakeview Health Network,Silver,Healthcare,Dedicated Internet,35,33,33,0,100.0,21.81,0.47
2026-06-01,CUST-001,Lakeview Health Network,Silver,Healthcare,MPLS WAN,19,15,15,2,86.67,18.61,0.494
2026-06-01,CUST-001,Lakeview Health Network,Silver,Healthcare,Managed Security,2,2,2,1,50.0,48.89,0.679
2026-06-01,CUST-001,Lakeview Health Network,Silver,Healthcare,Managed Cloud,12,12,12,2,83.33,26.29,0.528
2026-06-01,CUST-002,Westgate Care Group,Silver,Healthcare,SD-WAN,6,5,5,1,80.0,40.31,0.61
2026-06-01,CUST-002,Westgate Care Group,Silver,Healthcare,MPLS WAN,2,2,2,1,50.0,95.1,0.879
2026-06-01,CUST-002,Westgate Care Group,Silver,Healthcare,Managed Security,4,4,4,1,75.0,48.18,0.603
2026-06-01,CUST-002,Westgate Care Group,Silver,Healthcare,Managed Cloud,14,14,14,1,92.86,15.27,0.333
2026-06-01,CUST-002,Westgate Care Group,Silver,Healthcare,Dedicated Internet,7,6,6,1,83.33,19.81,0.473
2026-06-01,CUST-002,Westgate Care Group,Silver,Healthcare,Business Voice (SIP),8,7,7,0,100.0,20.92,0.478
2026-06-01,CUST-003,Juniper Polytechnic,Platinum,Education,Managed Security,57,54,54,5,90.74,11.03,0.517
2026-06-01,CUST-003,Juniper Polytechnic,Platinum,Education,SD-WAN,115,108,110,28,74.55,16.13,0.799
2026-06-01,CUST-003,Juniper Polytechnic,Platinum,Education,MPLS WAN,29,27,28,5,82.14,9.27,0.608
2026-06-01,CUST-003,Juniper Polytechnic,Platinum,Education,Business Voice (SIP),98,95,95,12,87.37,10.69,0.685
2026-06-01,CUST-003,Juniper Polytechnic,Platinum,Education,Dedicated Internet,156,149,151,30,80.13,12.41,0.726
2026-06-01,CUST-003,Juniper Polytechnic,Platinum,Education,Managed Cloud,47,44,45,10,77.78,17.1,0.563
2026-06-01,CUST-004,Heritage College,Bronze,Education,Managed Security,16,13,14,3,78.57,31.43,0.633
2026-06-01,CUST-004,Heritage College,Bronze,Education,Managed Cloud,17,15,15,3,80.0,35.58,0.602
2026-06-01,CUST-004,Heritage College,Bronze,Education,Dedicated Internet,32,28,29,4,86.21,49.09,0.622
2026-06-01,CUST-004,Heritage College,Bronze,Education,MPLS WAN,5,4,5,1,80.0,79.17,0.594
2026-06-01,CUST-004,Heritage College,Bronze,Education,SD-WAN,28,25,26,8,69.23,72.99,0.891
2026-06-01,CUST-005,Bluewater Health Network,Silver,Healthcare,Dedicated Internet,7,6,6,0,100.0,33.01,0.453
2026-06-01,CUST-005,Bluewater Health Network,Silver,Healthcare,SD-WAN,28,27,27,3,88.89,22.96,0.517
2026-06-01,CUST-005,Bluewater Health Network,Silver,Healthcare,Managed Security,20,19,19,0,100.0,25.42,0.326
2026-06-01,CUST-005,Bluewater Health Network,Silver,Healthcare,Business Voice (SIP),33,32,33,3,90.91,32.93,0.478
2026-06-01,CUST-006,Northshore Utilities,Silver,Public Sector,Managed Security,6,6,6,0,100.0,35.7,0.35
2026-06-01,CUST-006,Northshore Utilities,Silver,Public Sector,SD-WAN,30,28,28,4,85.71,34.12,0.67
2026-06-01,CUST-006,Northshore Utilities,Silver,Public Sector,Business Voice (SIP),53,47,47,2,95.74,23.05,0.451
2026-06-01,CUST-006,Northshore Utilities,Silver,Public Sector,MPLS WAN,10,10,10,1,90.0,18.52,0.464
2026-06-01,CUST-006,Northshore Utilities,Silver,Public Sector,Dedicated Internet,39,37,37,8,78.38,31.45,0.719
2026-06-01,CUST-007,Ashford Renewables,Bronze,Energy,SD-WAN,11,8,9,3,66.67,84.72,0.847
2026-06-01,CUST-007,Ashford Renewables,Bronze,Energy,Dedicated Internet,27,24,25,4,84.0,42.96,0.549
2026-06-01,CUST-007,Ashford Renewables,Bronze,Energy,Business Voice (SIP),6,4,4,2,50.0,109.88,0.853
2026-06-01,CUST-007,Ashford Renewables,Bronze,Energy,Managed Cloud,18,15,15,1,93.33,32.98,0.463
2026-06-01,CUST-007,Ashford Renewables,Bronze,Energy,Managed Security,17,15,15,4,73.33,42.26,0.776
2026-06-01,CUST-008,Maple College,Gold,Education,MPLS WAN,22,20,20,2,90.0,26.22,0.557
2026-06-01,CUST-008,Maple College,Gold,Education,Managed Security,6,6,6,0,100.0,4.0,0.191
2026-06-01,CUST-008,Maple College,Gold,Education,SD-WAN,52,48,48,12,75.0,19.22,0.685
2026-06-01,CUST-008,Maple College,Gold,Education,Business Voice (SIP),26,25,25,0,100.0,11.32,0.395
2026-06-01,CUST-008,Maple College,Gold,Education,Managed Cloud,17,15,15,1,93.33,16.3,0.369
2026-06-01,CUST-008,Maple College,Gold,Education,Dedicated Internet,47,45,45,8,82.22,14.66,1.025
2026-06-01,CUST-009,Dominion Outfitters,Silver,Retail,Business Voice (SIP),37,34,34,3,91.18,23.01,0.416
2026-06-01,CUST-009,Dominion Outfitters,Silver,Retail,SD-WAN,14,13,13,0,100.0,27.97,0.472
2026-06-01,CUST-009,Dominion Outfitters,Silver,Retail,Managed Cloud,7,7,7,0,100.0,23.96,0.263
2026-06-01,CUST-009,Dominion Outfitters,Silver,Retail,Dedicated Internet,19,18,18,0,100.0,28.02,0.36
2026-06-01,CUST-009,Dominion Outfitters,Silver,Retail,Managed Security,5,5,5,1,80.0,28.44,0.687
2026-06-01,CUST-010,Lighthouse Manufacturing,Gold,Manufacturing,Dedicated Internet,34,31,31,1,96.77,20.55,0.506
2026-06-01,CUST-010,Lighthouse Manufacturing,Gold,Manufacturing,Business Voice (SIP),47,46,46,5,89.13,12.89,0.474
2026-06-01,CUST-010,Lighthouse Manufacturing,Gold,Manufacturing,Managed Security,28,28,28,1,96.43,17.09,0.338
2026-06-01,CUST-010,Lighthouse Manufacturing,Gold,Manufacturing,MPLS WAN,57,54,54,8,85.19,19.31,0.574
2026-06-01,CUST-010,Lighthouse Manufacturing,Gold,Manufacturing,Managed Cloud,34,33,33,3,90.91,15.66,0.6
2026-06-01,CUST-010,Lighthouse Manufacturing,Gold,Manufacturing,SD-WAN,78,73,73,7,90.41,16.82,0.623
2026-06-01,CUST-011,Prairie Health Network,Silver,Healthcare,Business Voice (SIP),9,9,9,0,100.0,17.97,0.437
2026-06-01,CUST-011,Prairie Health Network,Silver,Healthcare,Managed Cloud,12,11,11,0,100.0,34.45,0.399
2026-06-01,CUST-011,Prairie Health Network,Silver,Healthcare,SD-WAN,37,30,31,5,83.87,43.39,0.781
2026-06-01,CUST-011,Prairie Health Network,Silver,Healthcare,Managed Security,8,8,8,1,87.5,28.41,0.454
2026-06-01,CUST-011,Prairie Health Network,Silver,Healthcare,Dedicated Internet,53,50,50,4,92.0,28.33,0.49
2026-06-01,CUST-011,Prairie Health Network,Silver,Healthcare,MPLS WAN,18,18,18,1,94.44,15.04,0.387
2026-06-01,CUST-012,Pioneer Freight Lines,Silver,Logistics,Managed Security,8,8,8,0,100.0,34.57,0.456
2026-06-01,CUST-012,Pioneer Freight Lines,Silver,Logistics,Managed Cloud,4,4,4,0,100.0,15.04,0.434
2026-06-01,CUST-012,Pioneer Freight Lines,Silver,Logistics,Business Voice (SIP),64,60,61,8,86.89,30.98,0.643
2026-06-01,CUST-012,Pioneer Freight Lines,Silver,Logistics,Dedicated Internet,32,30,30,5,83.33,26.92,0.614
2026-06-01,CUST-012,Pioneer Freight Lines,Silver,Logistics,SD-WAN,95,86,89,33,62.92,45.99,0.933
2026-06-01,CUST-013,Nordic School Board,Gold,Public Sector,SD-WAN,38,34,35,6,82.86,20.51,0.652
2026-06-01,CUST-013,Nordic School Board,Gold,Public Sector,Business Voice (SIP),30,26,27,5,81.48,21.64,0.524
2026-06-01,CUST-013,Nordic School Board,Gold,Public Sector,Managed Cloud,57,55,55,1,98.18,11.95,0.392
2026-06-01,CUST-013,Nordic School Board,Gold,Public Sector,Managed Security,36,36,36,4,88.89,13.65,0.407
2026-06-01,CUST-013,Nordic School Board,Gold,Public Sector,Dedicated Internet,25,25,25,2,92.0,27.05,0.568
2026-06-01,CUST-013,Nordic School Board,Gold,Public Sector,MPLS WAN,16,16,16,5,68.75,14.44,0.657
2026-06-01,CUST-014,Riverbend Polytechnic,Platinum,Education,Business Voice (SIP),112,106,106,15,85.85,10.18,0.593
2026-06-01,CUST-014,Riverbend Polytechnic,Platinum,Education,SD-WAN,150,145,145,35,75.86,13.23,0.723
2026-06-01,CUST-014,Riverbend Polytechnic,Platinum,Education,Dedicated Internet,61,58,58,11,81.03,13.27,0.704
2026-06-01,CUST-014,Riverbend Polytechnic,Platinum,Education,MPLS WAN,48,45,45,6,86.67,16.57,0.772
2026-06-01,CUST-014,Riverbend Polytechnic,Platinum,Education,Managed Cloud,42,41,41,7,82.93,11.07,0.62
2026-06-01,CUST-014,Riverbend Polytechnic,Platinum,Education,Managed Security,35,33,34,3,91.18,6.69,0.423
2026-06-01,CUST-015,Aurora Pharmacies,Platinum,Healthcare,Managed Cloud,49,47,47,2,95.74,8.82,0.369
2026-06-01,CUST-015,Aurora Pharmacies,Platinum,Healthcare,Dedicated Internet,136,134,134,11,91.79,9.54,0.489
2026-06-01,CUST-015,Aurora Pharmacies,Platinum,Healthcare,Business Voice (SIP),79,78,78,6,92.31,6.99,0.532
2026-06-01,CUST-015,Aurora Pharmacies,Platinum,Healthcare,SD-WAN,140,134,135,17,87.41,12.09,0.613
2026-06-01,CUST-015,Aurora Pharmacies,Platinum,Healthcare,Managed Security,23,23,23,1,95.65,7.67,0.35
2026-06-01,CUST-016,Redwood Learning Trust,Silver,Education,Business Voice (SIP),19,18,18,2,88.89,30.21,0.448
2026-06-01,CUST-016,Redwood Learning Trust,Silver,Education,Managed Security,9,9,9,1,88.89,37.6,0.512
2026-06-01,CUST-016,Redwood Learning Trust,Silver,Education,Dedicated Internet,40,39,39,4,89.74,29.78,0.536
2026-06-01,CUST-016,Redwood Learning Trust,Silver,Education,SD-WAN,32,30,30,2,93.33,30.01,0.562
2026-06-01,CUST-016,Redwood Learning Trust,Silver,Education,Managed Cloud,23,22,22,0,100.0,14.93,0.252
2026-06-01,CUST-016,Redwood Learning Trust,Silver,Education,MPLS WAN,6,6,6,0,100.0,22.93,0.287
2026-06-01,CUST-017,Coastal Energy,Gold,Energy,Managed Security,6,6,6,0,100.0,22.17,0.303
2026-06-01,CUST-017,Coastal Energy,Gold,Energy,Managed Cloud,16,14,14,0,100.0,17.25,0.351
2026-06-01,CUST-017,Coastal Energy,Gold,Energy,Business Voice (SIP),48,45,45,5,88.89,26.98,0.717
2026-06-01,CUST-017,Coastal Energy,Gold,Energy,MPLS WAN,20,20,20,6,70.0,24.94,0.725
2026-06-01,CUST-017,Coastal Energy,Gold,Energy,Dedicated Internet,64,60,60,6,90.0,13.9,0.456
2026-06-01,CUST-017,Coastal Energy,Gold,Energy,SD-WAN,52,49,50,6,88.0,14.55,0.583
2026-06-01,CUST-018,Granite Power Co-op,Gold,Energy,SD-WAN,67,65,65,8,87.69,26.63,0.643
2026-06-01,CUST-018,Granite Power Co-op,Gold,Energy,MPLS WAN,67,63,63,11,82.54,16.09,0.655
2026-06-01,CUST-018,Granite Power Co-op,Gold,Energy,Managed Security,56,53,53,5,90.57,14.56,0.44
2026-06-01,CUST-018,Granite Power Co-op,Gold,Energy,Managed Cloud,15,14,14,1,92.86,34.2,0.533
2026-06-01,CUST-018,Granite Power Co-op,Gold,Energy,Dedicated Internet,20,18,18,3,83.33,22.15,0.559
2026-06-01,CUST-018,Granite Power Co-op,Gold,Energy,Business Voice (SIP),72,69,69,11,84.06,13.23,0.504
2026-06-01,CUST-019,Stonebridge Regional Authority,Gold,Public Sector,Dedicated Internet,43,40,40,8,80.0,36.45,0.84
2026-06-01,CUST-019,Stonebridge Regional Authority,Gold,Public Sector,Managed Security,32,29,30,4,86.67,19.38,0.777
2026-06-01,CUST-019,Stonebridge Regional Authority,Gold,Public Sector,MPLS WAN,43,40,40,9,77.5,23.67,0.682
2026-06-01,CUST-019,Stonebridge Regional Authority,Gold,Public Sector,Managed Cloud,23,18,18,1,94.44,21.68,0.733
2026-06-01,CUST-019,Stonebridge Regional Authority,Gold,Public Sector,SD-WAN,71,64,65,9,86.15,25.32,0.572
2026-06-01,CUST-019,Stonebridge Regional Authority,Gold,Public Sector,Business Voice (SIP),85,82,82,13,84.15,23.0,0.621
2026-06-01,CUST-020,Orchard Distribution,Silver,Logistics,Managed Security,10,10,10,1,90.0,33.24,1.22
2026-06-01,CUST-020,Orchard Distribution,Silver,Logistics,Dedicated Internet,29,28,28,4,85.71,17.79,0.441
2026-06-01,CUST-020,Orchard Distribution,Silver,Logistics,MPLS WAN,5,5,5,1,80.0,18.07,0.417
2026-06-01,CUST-020,Orchard Distribution,Silver,Logistics,Business Voice (SIP),24,23,23,5,78.26,38.2,0.671
2026-06-01,CUST-020,Orchard Distribution,Silver,Logistics,Managed Cloud,2,2,2,1,50.0,67.32,0.874
2026-06-01,CUST-021,Keystone Distribution,Gold,Logistics,SD-WAN,100,97,97,12,87.63,22.04,0.603
2026-06-01,CUST-021,Keystone Distribution,Gold,Logistics,Managed Security,40,40,40,4,90.0,14.14,0.434
2026-06-01,CUST-021,Keystone Distribution,Gold,Logistics,Business Voice (SIP),67,61,61,3,95.08,16.18,0.499
2026-06-01,CUST-021,Keystone Distribution,Gold,Logistics,MPLS WAN,21,20,20,3,85.0,22.05,0.767
2026-06-01,CUST-021,Keystone Distribution,Gold,Logistics,Managed Cloud,35,32,32,2,93.75,16.36,0.42
2026-06-01,CUST-021,Keystone Distribution,Gold,Logistics,Dedicated Internet,66,63,63,5,92.06,15.41,0.587
2026-06-01,CUST-022,Ironwood Health Network,Silver,Healthcare,MPLS WAN,10,10,10,2,80.0,17.73,0.541
2026-06-01,CUST-022,Ironwood Health Network,Silver,Healthcare,Managed Cloud,24,20,21,1,95.24,20.06,0.481
2026-06-01,CUST-022,Ironwood Health Network,Silver,Healthcare,Dedicated Internet,21,19,20,3,85.0,34.67,0.478
2026-06-01,CUST-022,Ironwood Health Network,Silver,Healthcare,Business Voice (SIP),10,10,10,1,90.0,18.14,0.478
2026-06-01,CUST-022,Ironwood Health Network,Silver,Healthcare,SD-WAN,26,24,25,3,88.0,25.23,0.53
2026-06-01,CUST-023,Silverline Learning Trust,Bronze,Education,Managed Security,28,26,26,2,92.31,25.46,0.463
2026-06-01,CUST-023,Silverline Learning Trust,Bronze,Education,Managed Cloud,31,29,30,7,76.67,42.31,0.544
2026-06-01,CUST-023,Silverline Learning Trust,Bronze,Education,Dedicated Internet,43,36,38,4,89.47,50.33,0.537
2026-06-01,CUST-023,Silverline Learning Trust,Bronze,Education,SD-WAN,32,29,30,4,86.67,36.15,0.601
2026-06-01,CUST-023,Silverline Learning Trust,Bronze,Education,Business Voice (SIP),32,30,30,2,93.33,37.59,0.547
2026-06-01,CUST-023,Silverline Learning Trust,Bronze,Education,MPLS WAN,17,15,15,1,93.33,45.92,0.542
2026-06-01,CUST-024,Cascadia Academy,Gold,Education,Managed Cloud,56,52,55,10,81.82,19.78,0.54
2026-06-01,CUST-024,Cascadia Academy,Gold,Education,Dedicated Internet,91,85,87,19,78.16,34.8,0.713
2026-06-01,CUST-024,Cascadia Academy,Gold,Education,SD-WAN,25,24,24,6,75.0,27.3,0.787
2026-06-01,CUST-024,Cascadia Academy,Gold,Education,Managed Security,34,31,31,2,93.55,23.11,0.468
2026-06-01,CUST-024,Cascadia Academy,Gold,Education,Business Voice (SIP),87,79,81,13,83.95,20.76,0.611
2026-06-01,CUST-024,Cascadia Academy,Gold,Education,MPLS WAN,22,20,20,6,70.0,25.84,0.816
2026-06-01,CUST-025,Cedar Marketplaces,Bronze,Retail,MPLS WAN,2,2,2,0,100.0,14.6,0.238
2026-06-01,CUST-025,Cedar Marketplaces,Bronze,Retail,SD-WAN,26,22,23,5,78.26,61.79,0.894
2026-06-01,CUST-026,Frontier Freight Lines,Gold,Logistics,Business Voice (SIP),68,67,67,12,82.09,23.32,0.771
2026-06-01,CUST-026,Frontier Freight Lines,Gold,Logistics,MPLS WAN,11,11,11,3,72.73,24.79,1.605
2026-06-01,CUST-026,Frontier Freight Lines,Gold,Logistics,Dedicated Internet,92,86,87,9,89.66,21.62,0.539
2026-06-01,CUST-026,Frontier Freight Lines,Gold,Logistics,SD-WAN,85,83,83,11,86.75,26.92,0.745
2026-06-01,CUST-026,Frontier Freight Lines,Gold,Logistics,Managed Cloud,51,50,50,1,98.0,12.12,0.369
2026-06-01,CUST-026,Frontier Freight Lines,Gold,Logistics,Managed Security,34,34,34,4,88.24,9.35,0.462
2026-06-01,CUST-027,Trillium Medical Centres,Bronze,Healthcare,Dedicated Internet,22,18,19,8,57.89,73.01,0.944
2026-06-01,CUST-027,Trillium Medical Centres,Bronze,Healthcare,Managed Security,15,14,14,3,78.57,61.83,0.718
2026-06-01,CUST-027,Trillium Medical Centres,Bronze,Healthcare,Managed Cloud,17,15,15,1,93.33,42.35,0.552
2026-06-01,CUST-027,Trillium Medical Centres,Bronze,Healthcare,Business Voice (SIP),4,4,4,0,100.0,48.52,0.545
2026-06-01,CUST-028,Beacon Pipelines,Bronze,Energy,Dedicated Internet,22,16,16,8,50.0,68.32,1.366
2026-06-01,CUST-028,Beacon Pipelines,Bronze,Energy,Managed Cloud,12,11,11,1,90.91,33.36,0.567
2026-06-01,CUST-028,Beacon Pipelines,Bronze,Energy,SD-WAN,8,7,7,3,57.14,88.12,1.034
2026-06-01,CUST-028,Beacon Pipelines,Bronze,Energy,MPLS WAN,3,3,3,1,66.67,96.37,0.724
2026-06-01,CUST-028,Beacon Pipelines,Bronze,Energy,Managed Security,14,13,13,1,92.31,39.65,0.481
2026-06-01,CUST-029,Pinecrest Energy,Bronze,Energy,Dedicated Internet,10,10,10,0,100.0,36.83,0.524
2026-06-01,CUST-029,Pinecrest Energy,Bronze,Energy,SD-WAN,6,6,6,0,100.0,73.1,0.562
2026-06-01,CUST-029,Pinecrest Energy,Bronze,Energy,Business Voice (SIP),8,6,6,1,83.33,24.68,0.532
2026-06-01,CUST-030,Summit Retail Group,Platinum,Retail,Managed Security,51,50,50,1,98.0,6.91,0.334
2026-06-01,CUST-030,Summit Retail Group,Platinum,Retail,Dedicated Internet,84,80,80,4,95.0,6.53,0.38
2026-06-01,CUST-030,Summit Retail Group,Platinum,Retail,Managed Cloud,44,42,42,3,92.86,4.54,0.361
2026-06-01,CUST-030,Summit Retail Group,Platinum,Retail,MPLS WAN,36,35,35,3,91.43,8.82,0.4
2026-06-01,CUST-030,Summit Retail Group,Platinum,Retail,SD-WAN,143,139,139,13,90.65,9.71,0.55
2026-06-01,CUST-030,Summit Retail Group,Platinum,Retail,Business Voice (SIP),121,116,117,7,94.02,8.84,0.42
2026-06-01,CUST-031,Crestview Pipelines,Silver,Energy,Business Voice (SIP),8,6,6,0,100.0,51.01,0.492
2026-06-01,CUST-031,Crestview Pipelines,Silver,Energy,Managed Cloud,16,15,15,2,86.67,22.69,0.42
2026-06-01,CUST-031,Crestview Pipelines,Silver,Energy,Managed Security,1,1,1,0,100.0,29.34,0.408
2026-06-01,CUST-031,Crestview Pipelines,Silver,Energy,Dedicated Internet,13,11,11,0,100.0,29.6,0.403
2026-06-01,CUST-031,Crestview Pipelines,Silver,Energy,SD-WAN,29,25,25,3,88.0,48.4,0.623
2026-06-01,CUST-032,Meridian Distribution,Platinum,Logistics,MPLS WAN,19,18,19,2,89.47,16.0,0.9
2026-06-01,CUST-032,Meridian Distribution,Platinum,Logistics,Managed Security,76,73,74,6,91.89,7.91,0.552
2026-06-01,CUST-032,Meridian Distribution,Platinum,Logistics,Business Voice (SIP),140,130,130,14,89.23,9.48,0.604
2026-06-01,CUST-032,Meridian Distribution,Platinum,Logistics,SD-WAN,105,99,100,12,88.0,12.15,0.593
2026-06-01,CUST-032,Meridian Distribution,Platinum,Logistics,Managed Cloud,13,12,12,0,100.0,5.23,0.305
2026-06-01,CUST-032,Meridian Distribution,Platinum,Logistics,Dedicated Internet,103,102,102,11,89.22,8.46,0.554
2026-06-01,CUST-033,Boreal Retail Group,Gold,Retail,MPLS WAN,27,25,25,3,88.0,17.89,0.532
2026-06-01,CUST-033,Boreal Retail Group,Gold,Retail,Managed Cloud,24,23,23,2,91.3,12.83,0.409
2026-06-01,CUST-033,Boreal Retail Group,Gold,Retail,SD-WAN,78,72,72,14,80.56,20.87,0.596
2026-06-01,CUST-033,Boreal Retail Group,Gold,Retail,Dedicated Internet,35,33,33,1,96.97,13.3,0.377
2026-06-01,CUST-033,Boreal Retail Group,Gold,Retail,Business Voice (SIP),70,65,66,6,90.91,14.68,0.436
2026-06-01,CUST-033,Boreal Retail Group,Gold,Retail,Managed Security,35,34,34,1,97.06,14.24,0.28
2026-06-01,CUST-034,Evergreen Stores Ltd.,Platinum,Retail,Managed Cloud,25,24,24,5,79.17,11.87,0.68
2026-06-01,CUST-034,Evergreen Stores Ltd.,Platinum,Retail,Dedicated Internet,70,70,70,10,85.71,16.53,0.588
2026-06-01,CUST-034,Evergreen Stores Ltd.,Platinum,Retail,Managed Security,34,32,32,3,90.63,12.34,0.433
2026-06-01,CUST-034,Evergreen Stores Ltd.,Platinum,Retail,MPLS WAN,17,17,17,5,70.59,17.8,0.834
2026-06-01,CUST-034,Evergreen Stores Ltd.,Platinum,Retail,SD-WAN,83,79,79,17,78.48,12.91,0.747
2026-06-01,CUST-034,Evergreen Stores Ltd.,Platinum,Retail,Business Voice (SIP),75,73,73,13,82.19,15.16,0.953
2026-06-01,CUST-035,Ridgeline Stores Ltd.,Gold,Retail,Managed Security,2,2,2,0,100.0,15.2,0.249
2026-06-01,CUST-035,Ridgeline Stores Ltd.,Gold,Retail,MPLS WAN,26,24,24,3,87.5,14.42,0.486
2026-06-01,CUST-035,Ridgeline Stores Ltd.,Gold,Retail,SD-WAN,62,61,62,6,90.32,17.65,0.448
2026-06-01,CUST-035,Ridgeline Stores Ltd.,Gold,Retail,Business Voice (SIP),62,58,59,4,93.22,15.7,0.438
2026-06-01,CUST-035,Ridgeline Stores Ltd.,Gold,Retail,Dedicated Internet,76,68,68,5,92.65,15.81,0.483
2026-06-01,CUST-036,Highland College,Platinum,Education,Dedicated Internet,98,95,96,5,94.79,6.27,0.41
2026-06-01,CUST-036,Highland College,Platinum,Education,MPLS WAN,41,39,39,1,97.44,10.97,0.618
2026-06-01,CUST-036,Highland College,Platinum,Education,SD-WAN,75,74,74,5,93.24,11.89,0.48
2026-06-01,CUST-036,Highland College,Platinum,Education,Managed Security,31,31,31,1,96.77,5.74,0.297
2026-06-01,CUST-036,Highland College,Platinum,Education,Managed Cloud,53,51,51,3,94.12,9.79,0.407
2026-06-01,CUST-036,Highland College,Platinum,Education,Business Voice (SIP),103,97,97,11,88.66,9.56,0.484
2026-06-01,CUST-037,Glacier Retail Group,Gold,Retail,Managed Cloud,29,28,28,3,89.29,10.83,0.372
2026-06-01,CUST-037,Glacier Retail Group,Gold,Retail,Dedicated Internet,92,87,88,12,86.36,13.66,0.534
2026-06-01,CUST-037,Glacier Retail Group,Gold,Retail,Managed Security,18,18,18,3,83.33,30.59,0.56
2026-06-01,CUST-037,Glacier Retail Group,Gold,Retail,Business Voice (SIP),45,43,43,7,83.72,23.7,0.912
2026-06-01,CUST-037,Glacier Retail Group,Gold,Retail,MPLS WAN,53,53,53,7,86.79,22.88,0.557
2026-06-01,CUST-037,Glacier Retail Group,Gold,Retail,SD-WAN,55,52,54,16,70.37,26.09,0.768
2026-06-01,CUST-038,Harbour Renewables,Silver,Energy,MPLS WAN,28,28,28,5,82.14,36.99,0.558
2026-06-01,CUST-038,Harbour Renewables,Silver,Energy,Managed Cloud,7,7,7,1,85.71,27.12,0.724
2026-06-01,CUST-038,Harbour Renewables,Silver,Energy,Managed Security,8,7,7,1,85.71,49.84,0.565
2026-06-01,CUST-038,Harbour Renewables,Silver,Energy,Dedicated Internet,52,49,49,8,83.67,21.67,0.599
2026-06-01,CUST-038,Harbour Renewables,Silver,Energy,Business Voice (SIP),16,15,15,1,93.33,27.09,0.666
2026-06-01,CUST-038,Harbour Renewables,Silver,Energy,SD-WAN,23,21,21,5,76.19,35.83,0.842
2026-06-01,CUST-039,Quarry Academy,Silver,Education,Managed Security,23,22,22,0,100.0,17.14,0.315
2026-06-01,CUST-039,Quarry Academy,Silver,Education,MPLS WAN,33,30,30,5,83.33,23.87,0.621
2026-06-01,CUST-039,Quarry Academy,Silver,Education,Dedicated Internet,72,67,67,1,98.51,19.33,0.326
2026-06-01,CUST-039,Quarry Academy,Silver,Education,SD-WAN,51,50,50,5,90.0,24.1,0.475
2026-06-01,CUST-039,Quarry Academy,Silver,Education,Business Voice (SIP),85,79,79,1,98.73,23.22,0.395
2026-06-01,CUST-039,Quarry Academy,Silver,Education,Managed Cloud,13,12,12,0,100.0,35.61,0.366
2026-06-01,CUST-040,Tundra Fabrication,Gold,Manufacturing,Dedicated Internet,58,55,55,6,89.09,15.17,0.447
2026-06-01,CUST-040,Tundra Fabrication,Gold,Manufacturing,MPLS WAN,1,1,1,0,100.0,10.47,0.872
2026-06-01,CUST-040,Tundra Fabrication,Gold,Manufacturing,Business Voice (SIP),45,41,42,7,83.33,18.46,0.505
2026-06-01,CUST-040,Tundra Fabrication,Gold,Manufacturing,SD-WAN,26,25,25,1,96.0,21.71,0.491
2026-06-01,CUST-040,Tundra Fabrication,Gold,Manufacturing,Managed Security,24,23,23,1,95.65,9.84,0.272
2026-06-01,CUST-040,Tundra Fabrication,Gold,Manufacturing,Managed Cloud,22,21,21,0,100.0,17.62,0.378
